Lemma,Stem,Paradigm,Class,Translation,Source
aa'aazhook,aa'aazhook,ADVMan,ADVMan,NONE,UnpublishedOPD
aabiding,aabiding,ADVTmp,ADVTmp,NONE,https://ojibwe.lib.umn.edu/main-entry/aabiding-adv-tmp
aabitawagaam,aabitawagaam,ADVLoc,ADVLoc,NONE,https://ojibwe.lib.umn.edu/main-entry/aabitawagaam-adv-loc
aabitawajiw,aabitawajiw,ADVLoc,ADVLoc,NONE,UnpublishedOPD
aabitawaya'ii,aabitawaya'ii,ADVLoc,ADVLoc,NONE,https://ojibwe.lib.umn.edu/main-entry/aabitawaya-ii-adv-loc
aabitawew,aabitawew,ADVLoc,ADVLoc,NONE,UnpublishedOPD
aabitaweyi'ii,aabitaweyi'ii,ADVLoc,ADVLoc,NONE,UnpublishedOPD
aabitawibiiminik,aabitawibiiminik,ADVLoc,ADVLoc,NONE,UnpublishedOPD
aabitawigaad,aabitawigaad,ADVLoc,ADVLoc,NONE,https://ojibwe.lib.umn.edu/main-entry/aabitawigaad-adv-loc
aabitawigaam,aabitawigaam,ADVLoc,ADVLoc,NONE,UnpublishedOPD
aabitawigamig,aabitawigamig,ADVLoc,ADVLoc,NONE,UnpublishedOPD
aabitawikana,aabitawikanaw2,ADVLoc,ADVLoc,NONE,https://ojibwe.lib.umn.edu/main-entry/aabitawikana-adv-loc
aabitawina,aabitawinaw2,ADVLoc,ADVLoc,NONE,UnpublishedOPD
aabitawinaganens,aabitawinaganens,ADVLoc,ADVLoc,NONE,UnpublishedOPD
aabitawinaw,aabitawinaw,ADVLoc,ADVLoc,NONE,UnpublishedOPD
aabitawind,aabitawind,ADVLoc,ADVLoc,NONE,UnpublishedOPD
aabitawinik,aabitawinik,ADVLoc,ADVLoc,NONE,UnpublishedOPD
aabitawisag,aabitawisag,ADVLoc,ADVLoc,NONE,UnpublishedOPD
aabitoonigam,aabitoonigam,ADVLoc,ADVLoc,NONE,https://ojibwe.lib.umn.edu/main-entry/aabitoonigam-adv-loc
aabitawaakwaa,aabitawaakwaa,ADVLoc,ADVLoc,NONE,UnpublishedOPD
aabitawaamajiw,aabitawaamajiw,ADVLoc,ADVLoc,NONE,UnpublishedOPD
aabitawaatig,aabitawaatig,ADVLoc,ADVLoc,NONE,https://ojibwe.lib.umn.edu/main-entry/aabitawaatig-adv-loc
aajisag,aajisag,ADVLoc,ADVLoc,NONE,https://ojibwe.lib.umn.edu/main-entry/aajisag-adv-loc
aagawaatig,aagawaatig,ADVLoc,ADVLoc,NONE,UnpublishedOPD
aagawaya'ii,aagawaya'ii,ADVLoc,ADVLoc,NONE,UnpublishedOPD
aagawayi'ii,aagawayi'ii,ADVLoc,ADVLoc,NONE,UnpublishedOPD
aagawi-minis,aagawi-minis,ADVLoc,ADVLoc,NONE,UnpublishedOPD
aagawigamig,aagawigamig,ADVLoc,ADVLoc,NONE,UnpublishedOPD
aandi,aandiw2,ADVInter,ADVInter,NONE,https://ojibwe.lib.umn.edu/main-entry/aandi-adv-inter
aanapii,aanapii,ADVTmp,ADVTmp,NONE,https://ojibwe.lib.umn.edu/main-entry/aanapii-adv-tmp
aanapiish,aanapiish,ADVTmp,ADVTmp,NONE,https://ojibwe.lib.umn.edu/main-entry/aanapiish-adv-tmp
aangodinong,aangodinong,ADVTmp,ADVTmp,NONE,https://ojibwe.lib.umn.edu/main-entry/aangodinong-adv-tmp
aanawi,aanawiw2,ADVMan,ADVMan,NONE,https://ojibwe.lib.umn.edu/main-entry/aanawi-adv-man
aangwaamas,aangwaamas,ADVTmp,ADVTmp,NONE,https://ojibwe.lib.umn.edu/main-entry/aangwaamas-adv-tmp
aangwaamis,aangwaamis,ADVMan,ADVMan,NONE,UnpublishedOPD
aapiji,aapijiw2,ADVDeg,ADVDeg,NONE,https://ojibwe.lib.umn.edu/main-entry/aapiji-adv-deg
aaniindana,aaniindanaw2,ADVMan,ADVMan,NONE,UnpublishedOPD
aaniindanaapii,aaniindanaapii,ADVMan,ADVMan,NONE,UnpublishedOPD
aaniindi,aaniindiw2,ADVInter,ADVInter,NONE,https://ojibwe.lib.umn.edu/main-entry/aaniindi-adv-inter
aaniindish,aaniindish,ADVLoc,ADVLoc,NONE,UnpublishedOPD
aanind,aanind,ADVQnt,ADVQnt,NONE,https://ojibwe.lib.umn.edu/main-entry/aanind-adv-qnt
aazhawagaam,aazhawagaam,ADVLoc,ADVLoc,NONE,UnpublishedOPD
aasamaabik,aasamaabik,ADVLoc,ADVLoc,NONE,https://ojibwe.lib.umn.edu/main-entry/aasamaabik-adv-loc
aasamaategaam,aasamaategaam,ADVLoc,ADVLoc,NONE,UnpublishedOPD
aasamaatekana,aasamaatekanaw2,ADVLoc,ADVLoc,NONE,UnpublishedOPD
aasamaateng,aasamaateng,ADVLoc,ADVLoc,NONE,UnpublishedOPD
aasamaatig,aasamaatig,ADVLoc,ADVLoc,NONE,https://ojibwe.lib.umn.edu/main-entry/aasamaatig-adv-loc
aasamabag,aasamabag,ADVLoc,ADVLoc,NONE,UnpublishedOPD
aasamadaaki,aasamadaakiw2,ADVLoc,ADVLoc,NONE,https://ojibwe.lib.umn.edu/main-entry/aasamadaaki-adv-loc
aasamajiw,aasamajiw,ADVLoc,ADVLoc,NONE,https://ojibwe.lib.umn.edu/main-entry/aasamajiw-adv-loc
aazhawaya'ii,aazhawaya'ii,ADVLoc,ADVLoc,NONE,UnpublishedOPD
aazhawayi'ii,aazhawayi'ii,ADVLoc,ADVLoc,NONE,https://ojibwe.lib.umn.edu/main-entry/aazhawayi-ii-adv-loc
aasami-waakaa'igan,aasami-waakaa'igan,ADVLoc,ADVLoc,NONE,UnpublishedOPD
aazhawew,aazhawew,ADVLoc,ADVLoc,NONE,UnpublishedOPD
aazha,aazhaw2,ADVTmp,ADVTmp,NONE,https://ojibwe.lib.umn.edu/main-entry/aazha-adv-tmp
aazhawaabik,aazhawaabik,ADVLoc,ADVLoc,NONE,UnpublishedOPD
aayaajigo,aayaajigow2,ADVDeg,ADVDeg,NONE,UnpublishedOPD
aayaakaw,aayaakaw,ADVLoc,ADVLoc,NONE,UnpublishedOPD
aazhawikana,aazhawikanaw2,ADVLoc,ADVLoc,NONE,https://ojibwe.lib.umn.edu/main-entry/aazhawikana-adv-loc
agijayi'ii,agijayi'ii,ADVLoc,ADVLoc,NONE,https://ojibwe.lib.umn.edu/main-entry/agijayi-ii-adv-loc
agiji-asin,agiji-asin,ADVLoc,ADVLoc,NONE,UnpublishedOPD
agijindib,agijindib,ADVLoc,ADVLoc,NONE,UnpublishedOPD
agijisag,agijisag,ADVLoc,ADVLoc,NONE,UnpublishedOPD
agijizid,agijizid,ADVLoc,ADVLoc,NONE,UnpublishedOPD
abiichi,abiichiw2,ADVTmp,ADVTmp,NONE,UnpublishedOPD
aayaapii,aayaapii,ADVTmp,ADVTmp,NONE,UnpublishedOPD
agamiing,agamiing,ADVLoc,ADVLoc,NONE,https://ojibwe.lib.umn.edu/main-entry/agamiing-adv-loc
aazhawaatig,aazhawaatig,ADVLoc,ADVLoc,NONE,UnpublishedOPD
aazhawaayi'ii,aazhawaayi'ii,ADVLoc,ADVLoc,NONE,UnpublishedOPD
agawaateng,agawaateng,ADVLoc,ADVLoc,NONE,UnpublishedOPD
agaamaabashkiki,agaamaabashkikiw2,ADVLoc,ADVLoc,NONE,UnpublishedOPD
agaamaabik,agaamaabik,ADVLoc,ADVLoc,NONE,https://ojibwe.lib.umn.edu/main-entry/agaamaabik-adv-loc
agaamaakwaa,agaamaakwaa,ADVLoc,ADVLoc,NONE,https://ojibwe.lib.umn.edu/main-entry/agaamaakwaa-adv-loc
agaamajiw,agaamajiw,ADVLoc,ADVLoc,NONE,https://ojibwe.lib.umn.edu/main-entry/agaamajiw-adv-loc
aazhook,aazhook,ADVLoc,ADVLoc,NONE,UnpublishedOPD
agaamakiing,agaamakiing,ADVLoc,ADVLoc,NONE,https://ojibwe.lib.umn.edu/main-entry/agaamakiing-adv-loc
agwanaategaam,agwanaategaam,ADVLoc,ADVLoc,NONE,UnpublishedOPD
agaamashkiig,agaamashkiig,ADVLoc,ADVLoc,NONE,https://ojibwe.lib.umn.edu/main-entry/agaamashkiig-adv-loc
agwanaatekana,agwanaatekanaw2,ADVLoc,ADVLoc,NONE,UnpublishedOPD
agaamashkosiw,agaamashkosiw,ADVLoc,ADVLoc,NONE,https://ojibwe.lib.umn.edu/main-entry/agaamashkosiw-adv-loc
agaamaya'ii,agaamaya'ii,ADVLoc,ADVLoc,NONE,https://ojibwe.lib.umn.edu/main-entry/agaamaya-ii-adv-loc
agaamayi'ii,agaamayi'ii,ADVLoc,ADVLoc,NONE,https://ojibwe.lib.umn.edu/main-entry/agaamayi-ii-adv-loc
agaami-aazhogan,agaami-aazhogan,ADVLoc,ADVLoc,NONE,UnpublishedOPD
agaami-gichigami,agaami-gichigamiw2,ADVLoc,ADVLoc,NONE,UnpublishedOPD
agaami-ishkodewidaabaanikana,agaami-ishkodewidaabaanikanaw2,ADVLoc,ADVLoc,NONE,https://ojibwe.lib.umn.edu/main-entry/agaami-ishkodewidaabaanikana-adv-loc
agaami-zaaga'igan,agaami-zaaga'igan,ADVLoc,ADVLoc,NONE,https://ojibwe.lib.umn.edu/main-entry/agaami-zaaga-igan-adv-loc
agaami-ziibi,agaami-ziibiw2,ADVLoc,ADVLoc,NONE,https://ojibwe.lib.umn.edu/main-entry/agaami-ziibi-adv-loc
agaamidaakii,agaamidaakii,ADVLoc,ADVLoc,NONE,UnpublishedOPD
agawaateyaakwaang,agawaateyaakwaang,ADVLoc,ADVLoc,NONE,UnpublishedOPD
agaamikana,agaamikanaw2,ADVLoc,ADVLoc,NONE,https://ojibwe.lib.umn.edu/main-entry/agaamikana-adv-loc
agaamikwam,agaamikwam,ADVLoc,ADVLoc,NONE,https://ojibwe.lib.umn.edu/main-entry/agaamikwam-adv-loc
agaamindeshkwaand,agaamindeshkwaand,ADVLoc,ADVLoc,NONE,UnpublishedOPD
agaamindesi,agaamindesiw2,ADVLoc,ADVLoc,NONE,https://ojibwe.lib.umn.edu/main-entry/agaamindesi-adv-loc
agaamindesiing,agaamindesiing,ADVLoc,ADVLoc,NONE,UnpublishedOPD
agaamindesing,agaamindesing,ADVLoc,ADVLoc,NONE,UnpublishedOPD
agaaming,agaaming,ADVLoc,ADVLoc,NONE,https://ojibwe.lib.umn.edu/main-entry/agaaming-adv-loc
agaamisag,agaamisag,ADVLoc,ADVLoc,NONE,https://ojibwe.lib.umn.edu/main-entry/agaamisag-adv-loc
ajina,ajinaw2,ADVTmp,ADVTmp,NONE,https://ojibwe.lib.umn.edu/main-entry/ajina-adv-tmp
agaamishkode,agaamishkode,ADVLoc,ADVLoc,NONE,https://ojibwe.lib.umn.edu/main-entry/agaamishkode-adv-loc
agidaabik,agidaabik,ADVLoc,ADVLoc,NONE,https://ojibwe.lib.umn.edu/main-entry/agidaabik-adv-loc
ajinawens,ajinawens,ADVTmp,ADVTmp,NONE,UnpublishedOPD
agaamishkwaand,agaamishkwaand,ADVLoc,ADVLoc,NONE,UnpublishedOPD
ajinens,ajinens,ADVTmp,ADVTmp,NONE,UnpublishedOPD
agidaagon,agidaagon,ADVLoc,ADVLoc,NONE,UnpublishedOPD
agaamizigwam,agaamizigwam,ADVLoc,ADVLoc,NONE,UnpublishedOPD
agidaagonag,agidaagonag,ADVLoc,ADVLoc,NONE,UnpublishedOPD
agidaajiwan,agidaajiwan,ADVLoc,ADVLoc,NONE,https://ojibwe.lib.umn.edu/main-entry/agidaajiwan-adv-loc
agidaaki,agidaakiw2,ADVLoc,ADVLoc,NONE,https://ojibwe.lib.umn.edu/main-entry/agidaaki-adv-loc
agwaateg,agwaateg,ADVLoc,ADVLoc,NONE,UnpublishedOPD
agidaatig,agidaatig,ADVLoc,ADVLoc,NONE,UnpublishedOPD
anaamaabik,anaamaabik,ADVLoc,ADVLoc,NONE,https://ojibwe.lib.umn.edu/main-entry/anaamaabik-adv-loc
agidaawang,agidaawang,ADVLoc,ADVLoc,NONE,UnpublishedOPD
anaamaagon,anaamaagon,ADVLoc,ADVLoc,NONE,https://ojibwe.lib.umn.edu/main-entry/anaamaagon-adv-loc
agidaawigan,agidaawigan,ADVLoc,ADVLoc,NONE,UnpublishedOPD
agidagonag,agidagonag,ADVLoc,ADVLoc,NONE,UnpublishedOPD
anaamaagonag,anaamaagonag,ADVLoc,ADVLoc,NONE,https://ojibwe.lib.umn.edu/main-entry/anaamaagonag-adv-loc
agidajiw,agidajiw,ADVLoc,ADVLoc,NONE,https://ojibwe.lib.umn.edu/main-entry/agidajiw-adv-loc
agidakamig,agidakamig,ADVLoc,ADVLoc,NONE,https://ojibwe.lib.umn.edu/main-entry/agidakamig-adv-loc
anaamaandag,anaamaandag,ADVLoc,ADVLoc,NONE,https://ojibwe.lib.umn.edu/main-entry/anaamaandag-adv-loc
agidashk,agidashk,ADVLoc,ADVLoc,NONE,UnpublishedOPD
anaamaatig,anaamaatig,ADVLoc,ADVLoc,NONE,https://ojibwe.lib.umn.edu/main-entry/anaamaatig-adv-loc
agidashkosiw,agidashkosiw,ADVLoc,ADVLoc,NONE,UnpublishedOPD
agidashkwemag,agidashkwemag,ADVLoc,ADVLoc,NONE,UnpublishedOPD
anaamadaawang,anaamadaawang,ADVLoc,ADVLoc,NONE,https://ojibwe.lib.umn.edu/main-entry/anaamadaawang-adv-loc
agidasin,agidasin,ADVLoc,ADVLoc,NONE,https://ojibwe.lib.umn.edu/main-entry/agidasin-adv-loc
anaamakamig,anaamakamig,ADVLoc,ADVLoc,NONE,https://ojibwe.lib.umn.edu/main-entry/anaamakamig-adv-loc
agidibiig,agidibiig,ADVLoc,ADVLoc,NONE,https://ojibwe.lib.umn.edu/main-entry/agidibiig-adv-loc
agidigamig,agidigamig,ADVLoc,ADVLoc,NONE,https://ojibwe.lib.umn.edu/main-entry/agidigamig-adv-loc
agidishtigwaan,agidishtigwaan,ADVLoc,ADVLoc,NONE,UnpublishedOPD
agidiskwam,agidiskwam,ADVLoc,ADVLoc,NONE,https://ojibwe.lib.umn.edu/main-entry/agidiskwam-adv-loc
anaamaki,anaamakiw2,ADVLoc,ADVLoc,NONE,https://ojibwe.lib.umn.edu/main-entry/anaamaki-adv-loc
anaamapishimon,anaamapishimon,ADVLoc,ADVLoc,NONE,UnpublishedOPD
anaamashk,anaamashk,ADVLoc,ADVLoc,NONE,UnpublishedOPD
anaamasin,anaamasin,ADVLoc,ADVLoc,NONE,UnpublishedOPD
anaamaya'ii,anaamaya'ii,ADVLoc,ADVLoc,NONE,https://ojibwe.lib.umn.edu/main-entry/anaamaya-ii-adv-loc
anaamayi'ii,anaamayi'ii,ADVLoc,ADVLoc,NONE,https://ojibwe.lib.umn.edu/main-entry/anaamayi-ii-adv-loc
akeyaa,akeyaa,ADVLoc,ADVLoc,NONE,https://ojibwe.lib.umn.edu/main-entry/akeyaa-adv-loc
agaawaa,agaawaa,ADVDeg,ADVDeg,NONE,https://ojibwe.lib.umn.edu/main-entry/agaawaa-adv-deg
anaami-adoopowin,anaami-adoopowin,ADVLoc,ADVLoc,NONE,https://ojibwe.lib.umn.edu/main-entry/anaami-adoopowin-adv-loc
anaami-adoopowinaakong,anaami-adoopowinaakong,ADVLoc,ADVLoc,NONE,UnpublishedOPD
anaami-nibaaganing,anaami-nibaaganing,ADVLoc,ADVLoc,NONE,UnpublishedOPD
anaamibag,anaamibag,ADVLoc,ADVLoc,NONE,UnpublishedOPD
anaamibiig,anaamibiig,ADVLoc,ADVLoc,NONE,https://ojibwe.lib.umn.edu/main-entry/anaamibiig-adv-loc
anaamidaabaan,anaamidaabaan,ADVLoc,ADVLoc,NONE,https://ojibwe.lib.umn.edu/main-entry/anaamidaabaan-adv-loc
anaamidaabaanaak,anaamidaabaanaak,ADVLoc,ADVLoc,NONE,https://ojibwe.lib.umn.edu/main-entry/anaamidaabaanaak-adv-loc
akiikaang,akiikaang,ADVLoc,ADVLoc,NONE,UnpublishedOPD
anaamidaabaaning,anaamidaabaaning,ADVLoc,ADVLoc,NONE,https://ojibwe.lib.umn.edu/main-entry/anaamidaabaaning-adv-loc
amanj,amanj,ADVDub,ADVDub,NONE,https://ojibwe.lib.umn.edu/main-entry/amanj-adv-dub
anaamikana,anaamikanaw2,ADVLoc,ADVLoc,NONE,UnpublishedOPD
anaamikwam,anaamikwam,ADVLoc,ADVLoc,NONE,https://ojibwe.lib.umn.edu/main-entry/anaamikwam-adv-loc
anishinaabekaang,anishinaabekaang,ADVLoc,ADVLoc,NONE,UnpublishedOPD
akina,akinaw2,ADVQnt,ADVQnt,NONE,https://ojibwe.lib.umn.edu/main-entry/akina-adv-qnt
anaamisag,anaamisag,ADVLoc,ADVLoc,NONE,https://ojibwe.lib.umn.edu/main-entry/anaamisag-adv-loc
agwajii-ayih'ii,agwajii-ayih'ii,ADVLoc,ADVLoc,NONE,UnpublishedOPD
anaamisagong,anaamisagong,ADVLoc,ADVLoc,NONE,https://ojibwe.lib.umn.edu/main-entry/anaamisagong-adv-loc
agwajiing,agwajiing,ADVLoc,ADVLoc,NONE,https://ojibwe.lib.umn.edu/main-entry/agwajiing-adv-loc
anaamishkiwag,anaamishkiwag,ADVLoc,ADVLoc,NONE,UnpublishedOPD
agwajiishkwaand,agwajiishkwaand,ADVLoc,ADVLoc,NONE,https://ojibwe.lib.umn.edu/main-entry/agwajiishkwaand-adv-loc
anaamiskwam,anaamiskwam,ADVLoc,ADVLoc,NONE,https://ojibwe.lib.umn.edu/main-entry/anaamiskwam-adv-loc
anaamizigom,anaamizigom,ADVLoc,ADVLoc,NONE,UnpublishedOPD
anaamizigwam,anaamizigwam,ADVLoc,ADVLoc,NONE,https://ojibwe.lib.umn.edu/main-entry/anaamizigwam-adv-loc
anaamizigwang,anaamizigwang,ADVLoc,ADVLoc,NONE,UnpublishedOPD
anaamoonag,anaamoonag,ADVLoc,ADVLoc,NONE,https://ojibwe.lib.umn.edu/main-entry/anaamoonag-adv-loc
aname-giizhig,aname-giizhig,ADVTmp,ADVTmp,NONE,UnpublishedOPD
anishaa,anishaa,ADVMan,ADVMan,NONE,https://ojibwe.lib.umn.edu/main-entry/anishaa-adv-man
agidoonag,agidoonag,ADVLoc,ADVLoc,NONE,https://ojibwe.lib.umn.edu/main-entry/agidoonag-adv-loc
aabitawayi'ii,aabitawayi'ii,ADVLoc,ADVLoc,NONE,https://ojibwe.lib.umn.edu/main-entry/aabitawayi-ii-adv-loc
aabitawoonag,aabitawoonag,ADVLoc,ADVLoc,NONE,https://ojibwe.lib.umn.edu/main-entry/aabitawoonag-adv-loc
aapidek,aapidek,ADVDisc,ADVDisc,NONE,https://ojibwe.lib.umn.edu/main-entry/aapideg-adv-man
anaamiindim,anaamiindim,ADVLoc,ADVLoc,NONE,https://ojibwe.lib.umn.edu/main-entry/anaamiindim-adv-loc
ambegish,ambegish,ADVPred,ADVPred,NONE,https://ojibwe.lib.umn.edu/main-entry/ambegish-adv-pred
akawe,akawe,ADVTmp,ADVTmp,NONE,https://ojibwe.lib.umn.edu/main-entry/akawe-adv-tmp
aaniin,aaniin,ADVInter,ADVInter,NONE,https://ojibwe.lib.umn.edu/main-entry/aaniin-adv-inter
agidaamik,agidaamik,ADVLoc,ADVLoc,NONE,UnpublishedOPD
agwaamas,agwaamas,ADVMan,ADVMan,NONE,UnpublishedOPD
anaamaatigong,anaamaatigong,ADVLoc,ADVLoc,NONE,UnpublishedOPD
anwaakam,anwaakam,ADVMan,ADVMan,NONE,UnpublishedOPD
apan,apan,ADVTmp,ADVTmp,NONE,UnpublishedOPD
apane,apane,ADVTmp,ADVTmp,NONE,https://ojibwe.lib.umn.edu/main-entry/apane-adv-tmp
awegwaagi,awegwaagiw2,ADVMan,ADVMan,NONE,https://ojibwe.lib.umn.edu/main-entry/awegwaagi-adv-man
ayaapaapi,ayaapaapiw2,ADVTmp,ADVTmp,NONE,UnpublishedOPD
ayaapii,ayaapii,ADVTmp,ADVTmp,NONE,https://ojibwe.lib.umn.edu/main-entry/ayaapii-adv-tmp
awaach,awaach,ADVDeg,ADVDeg,NONE,UnpublishedOPD
baabige,baabige,ADVTmp,ADVTmp,NONE,https://ojibwe.lib.umn.edu/main-entry/baabige-adv-tmp
awandish,awandish,ADVMan,ADVMan,NONE,UnpublishedOPD
apesh,apesh,ADVPred,ADVPred,NONE,UnpublishedOPD
awanjish,awanjish,ADVMan,ADVMan,NONE,https://ojibwe.lib.umn.edu/main-entry/awanjish-adv-man
ashi-bezhigo-biboon,ashi-bezhigo-biboon,ADVTmp,ADVTmp,NONE,UnpublishedOPD
awas-ayi'ii,awas-ayi'ii,ADVLoc,ADVLoc,NONE,UnpublishedOPD
ayajina,ayajinaw2,ADVTmp,ADVTmp,NONE,UnpublishedOPD
awas-biboonong,awas-biboonong,ADVTmp,ADVTmp,NONE,https://ojibwe.lib.umn.edu/main-entry/awas-biboonong-adv-tmp
awas-dagwaagong,awas-dagwaagong,ADVTmp,ADVTmp,NONE,https://ojibwe.lib.umn.edu/main-entry/awas-dagwaagong-adv-tmp
ayapiichinaag,ayapiichinaag,ADVTmp,ADVTmp,NONE,UnpublishedOPD
awas-niibinong,awas-niibinong,ADVTmp,ADVTmp,NONE,https://ojibwe.lib.umn.edu/main-entry/awas-niibinong-adv-tmp
awaswaabang,awaswaabang,ADVTmp,ADVTmp,NONE,https://ojibwe.lib.umn.edu/main-entry/awaswaabang-adv-tmp
awasi-ziigwanong,awasi-ziigwanong,ADVTmp,ADVTmp,NONE,https://ojibwe.lib.umn.edu/main-entry/awasi-ziigwanong-adv-tmp
awasaabik,awasaabik,ADVLoc,ADVLoc,NONE,UnpublishedOPD
awasaakwaa,awasaakwaa,ADVLoc,ADVLoc,NONE,https://ojibwe.lib.umn.edu/main-entry/awasaakwaa-adv-loc
awasaatig,awasaatig,ADVLoc,ADVLoc,NONE,https://ojibwe.lib.umn.edu/main-entry/awasaatig-adv-loc
awasagaam,awasagaam,ADVLoc,ADVLoc,NONE,https://ojibwe.lib.umn.edu/main-entry/awasagaam-adv-loc
awasajiw,awasajiw,ADVLoc,ADVLoc,NONE,https://ojibwe.lib.umn.edu/main-entry/awasajiw-adv-loc
awasaya'ii,awasaya'ii,ADVLoc,ADVLoc,NONE,https://ojibwe.lib.umn.edu/main-entry/awasaya-ii-adv-loc
awasayi'ii,awasayi'ii,ADVLoc,ADVLoc,NONE,https://ojibwe.lib.umn.edu/main-entry/awasayi-ii-adv-loc
awasekana,awasekanaw2,ADVLoc,ADVLoc,NONE,https://ojibwe.lib.umn.edu/main-entry/awasekana-adv-loc
awasew,awasew,ADVLoc,ADVLoc,NONE,https://ojibwe.lib.umn.edu/main-entry/awasew-adv-loc
apii,apii,ADVTmp,ADVTmp,NONE,https://ojibwe.lib.umn.edu/main-entry/apii-adv-tmp
awasewe-waakaa'igan,awasewe-waakaa'igan,ADVLoc,ADVLoc,NONE,UnpublishedOPD
apiich,apiich,ADVGram,ADVGram,NONE,https://ojibwe.lib.umn.edu/main-entry/apiich-adv-gram
awashime,awashime,ADVDeg,ADVDeg,NONE,https://ojibwe.lib.umn.edu/main-entry/awashime-adv-deg
ashidaagonag,ashidaagonag,ADVLoc,ADVLoc,NONE,UnpublishedOPD
awasi-baawitig,awasi-baawitig,ADVLoc,ADVLoc,NONE,https://ojibwe.lib.umn.edu/main-entry/awasi-baawitig-adv-loc
awasi-biboonong,awasi-biboonong,ADVTmp,ADVTmp,NONE,https://ojibwe.lib.umn.edu/main-entry/awasi-biboonong-adv-tmp
awasi-dagwaagong,awasi-dagwaagong,ADVTmp,ADVTmp,NONE,https://ojibwe.lib.umn.edu/main-entry/awasi-dagwaagong-adv-tmp
awasi-dibikong,awasi-dibikong,ADVTmp,ADVTmp,NONE,https://ojibwe.lib.umn.edu/main-entry/awasi-dibikong-adv-tmp
awasi-gakiiw,awasi-gakiiw,ADVLoc,ADVLoc,NONE,https://ojibwe.lib.umn.edu/main-entry/awasi-gakiiw-adv-loc
ashi-bezhigozid,ashi-bezhigozid,ADVLoc,ADVLoc,NONE,UnpublishedOPD
ayendaaso-awaso-giizhig,ayendaaso-awaso-giizhig,ADVTmp,ADVTmp,NONE,UnpublishedOPD
awasi-gizhaabikizigan,awasi-gizhaabikizigan,ADVLoc,ADVLoc,NONE,UnpublishedOPD
azhashkiikaang,azhashkiikaang,ADVLoc,ADVLoc,NONE,UnpublishedOPD
awasi-niibinong,awasi-niibinong,ADVTmp,ADVTmp,NONE,https://ojibwe.lib.umn.edu/main-entry/awasi-niibinong-adv-tmp
ayaangodinong,ayaangodinong,ADVTmp,ADVTmp,NONE,https://ojibwe.lib.umn.edu/main-entry/ayaangodinong-adv-tmp
awasi-zaaga'igan,awasi-zaaga'igan,ADVLoc,ADVLoc,NONE,https://ojibwe.lib.umn.edu/main-entry/awasi-zaaga-igan-adv-loc
ashoodagaam,ashoodagaam,ADVLoc,ADVLoc,NONE,UnpublishedOPD
awasi-ziibi,awasi-ziibiw2,ADVLoc,ADVLoc,NONE,UnpublishedOPD
ayiidawishkiinzhig,ayiidawishkiinzhig,ADVLoc,ADVLoc,NONE,UnpublishedOPD
ayigwa,ayigwaw2,ADVTmp,ADVTmp,NONE,UnpublishedOPD
awasigakiiw,awasigakiiw,ADVLoc,ADVLoc,NONE,https://ojibwe.lib.umn.edu/main-entry/awasigakiiw-adv-loc
awasikana,awasikanaw2,ADVLoc,ADVLoc,NONE,https://ojibwe.lib.umn.edu/main-entry/awasikana-adv-loc
awasikob,awasikob,ADVLoc,ADVLoc,NONE,UnpublishedOPD
awasinaago,awasinaagow2,ADVTmp,ADVTmp,NONE,https://ojibwe.lib.umn.edu/main-entry/awasinaago-adv-tmp
awasinagake,awasinagake,ADVLoc,ADVLoc,NONE,UnpublishedOPD
ashidaamik,ashidaamik,ADVLoc,ADVLoc,NONE,https://ojibwe.lib.umn.edu/main-entry/ashidaamik-adv-loc
awasinagake-aya'ii,awasinagake-aya'ii,ADVLoc,ADVLoc,NONE,UnpublishedOPD
ashidagaam,ashidagaam,ADVLoc,ADVLoc,NONE,https://ojibwe.lib.umn.edu/main-entry/ashidagaam-adv-loc
awasinagake-ishkwaand,awasinagake-ishkwaand,ADVLoc,ADVLoc,NONE,UnpublishedOPD
awasinagake-minis,awasinagake-minis,ADVLoc,ADVLoc,NONE,UnpublishedOPD
awasinagakekana,awasinagakekanaw2,ADVLoc,ADVLoc,NONE,UnpublishedOPD
awasinake-ishkwaand,awasinake-ishkwaand,ADVLoc,ADVLoc,NONE,UnpublishedOPD
awasinakegaam,awasinakegaam,ADVLoc,ADVLoc,NONE,UnpublishedOPD
awasinigam,awasinigam,ADVLoc,ADVLoc,NONE,UnpublishedOPD
awasishkode,awasishkode,ADVLoc,ADVLoc,NONE,https://ojibwe.lib.umn.edu/main-entry/awasishkode-adv-loc
ayinaag,ayinaag,ADVTmp,ADVTmp,NONE,UnpublishedOPD
awasiwidi,awasiwidiw2,ADVLoc,ADVLoc,NONE,UnpublishedOPD
awasonaago,awasonaagow2,ADVTmp,ADVTmp,NONE,https://ojibwe.lib.umn.edu/main-entry/awasonaago-adv-tmp
awaswegamig,awaswegamig,ADVLoc,ADVLoc,NONE,UnpublishedOPD
baamaa,baamaa,ADVTmp,ADVTmp,NONE,https://ojibwe.lib.umn.edu/main-entry/baamaa-adv-tmp
baamaapii,baamaapii,ADVTmp,ADVTmp,NONE,https://ojibwe.lib.umn.edu/main-entry/baamaapii-adv-tmp
baazhij'ayi'ii,baazhij'ayi'ii,ADVLoc,ADVLoc,NONE,UnpublishedOPD
azhigwa,azhigwaw2,ADVTmp,ADVTmp,NONE,https://ojibwe.lib.umn.edu/main-entry/azhigwa-adv-tmp
bagwaj,bagwaj,ADVLoc,ADVLoc,NONE,https://ojibwe.lib.umn.edu/main-entry/bagwaj-adv-loc
bagwaj-aya'ii,bagwaj-aya'ii,ADVLoc,ADVLoc,NONE,https://ojibwe.lib.umn.edu/main-entry/bagwajaya-ii-adv-loc
bagwaje'ii,bagwaje'ii,ADVLoc,ADVLoc,NONE,UnpublishedOPD
bagwajiing,bagwajiing,ADVLoc,ADVLoc,NONE,UnpublishedOPD
bakaan,bakaan,ADVMan,ADVMan,NONE,https://ojibwe.lib.umn.edu/main-entry/bakaan-adv-man
awasi-minis,awasi-minis,ADVLoc,ADVLoc,NONE,https://ojibwe.lib.umn.edu/main-entry/awasi-minis-adv-loc
babenag,babenag,ADVTmp,ADVTmp,NONE,https://ojibwe.lib.umn.edu/main-entry/babenag-adv-tmp
babesho,babeshow2,ADVLoc,ADVLoc,NONE,UnpublishedOPD
awasigamig,awasigamig,ADVLoc,ADVLoc,NONE,https://ojibwe.lib.umn.edu/main-entry/awasigamig-adv-loc
awasisag,awasisag,ADVLoc,ADVLoc,NONE,https://ojibwe.lib.umn.edu/main-entry/awasisag-adv-loc
bagwadakamig,bagwadakamig,ADVLoc,ADVLoc,NONE,https://ojibwe.lib.umn.edu/main-entry/bagwadakamig-adv-loc
awasinake,awasinake,ADVLoc,ADVLoc,NONE,https://ojibwe.lib.umn.edu/main-entry/awasinake-adv-loc
bagwana,bagwanaw2,ADVMan,ADVMan,NONE,https://ojibwe.lib.umn.edu/main-entry/bagwana-adv-man
anooj,anooj,ADVQnt,ADVQnt,NONE,https://ojibwe.lib.umn.edu/main-entry/anooj-adv-qnt
apegish,apegish,ADVPred,ADVPred,NONE,https://ojibwe.lib.umn.edu/main-entry/apegish-adv-pred
ayaapiichinaag,ayaapiichinaag,ADVTmp,ADVTmp,NONE,https://ojibwe.lib.umn.edu/main-entry/ayaapiichinaag-adv-tmp
baanimaa,baanimaa,ADVTmp,ADVTmp,NONE,https://ojibwe.lib.umn.edu/main-entry/baanimaa-adv-tmp
apaabish,apaabish,ADVTmp,ADVTmp,NONE,UnpublishedOPD
baakaj,baakaj,ADVMan,ADVMan,NONE,UnpublishedOPD
bakekana,bakekanaw2,ADVLoc,ADVLoc,NONE,UnpublishedOPD
bakeyi'ii,bakeyi'ii,ADVLoc,ADVLoc,NONE,UnpublishedOPD
bigwajaya'ii,bigwajaya'ii,ADVLoc,ADVLoc,NONE,UnpublishedOPD
bashkosagaang,bashkosagaang,ADVLoc,ADVLoc,NONE,UnpublishedOPD
bangii,bangii,ADVQnt,ADVQnt,NONE,https://ojibwe.lib.umn.edu/main-entry/bangii-adv-qnt
bangiins,bangiins,ADVQnt,ADVQnt,NONE,UnpublishedOPD
bangiishe,bangiishe,ADVDeg,ADVDeg,NONE,UnpublishedOPD
bangiishenh,bangiishenh,ADVQnt,ADVQnt,NONE,https://ojibwe.lib.umn.edu/main-entry/bangiishenh-adv-qnt
bangishimog,bangishimog,ADVLoc,ADVLoc,NONE,UnpublishedOPD
betoozh,betoozh,ADVConj,ADVConj,NONE,UnpublishedOPD
bekish,bekish,ADVTmp,ADVTmp,NONE,https://ojibwe.lib.umn.edu/main-entry/bekish-adv-tmp
biigiskaadakamig,biigiskaadakamig,ADVMan,ADVMan,NONE,UnpublishedOPD
bake-aya'ii,bake-aya'ii,ADVLoc,ADVLoc,NONE,UnpublishedOPD
biinji-ataason,biinji-ataason,ADVLoc,ADVLoc,NONE,UnpublishedOPD
biinji-gizhaabikizigan,biinji-gizhaabikizigan,ADVLoc,ADVLoc,NONE,https://ojibwe.lib.umn.edu/main-entry/biinji-gizhaabikizigan-adv-loc
biinji-jimaan,biinji-jimaan,ADVLoc,ADVLoc,NONE,UnpublishedOPD
biinji-mashkimod,biinji-mashkimod,ADVLoc,ADVLoc,NONE,UnpublishedOPD
biinji-waakaa'igan,biinji-waakaa'igan,ADVLoc,ADVLoc,NONE,UnpublishedOPD
biimeyi'ii,biimeyi'ii,ADVLoc,ADVLoc,NONE,UnpublishedOPD
biinji-wiigiwaam,biinji-wiigiwaam,ADVLoc,ADVLoc,NONE,https://ojibwe.lib.umn.edu/main-entry/biinji-wiigiwaam-adv-loc
biinji-ziibi,biinji-ziibiw2,ADVLoc,ADVLoc,NONE,UnpublishedOPD
bezhigwanong,bezhigwanong,ADVLoc,ADVLoc,NONE,https://ojibwe.lib.umn.edu/main-entry/bezhigwanong-adv-loc
bebakaan,bebakaan,ADVMan,ADVMan,NONE,https://ojibwe.lib.umn.edu/main-entry/bebakaan-adv-man
biinjidaabaan,biinjidaabaan,ADVLoc,ADVLoc,NONE,https://ojibwe.lib.umn.edu/main-entry/biinjidaabaan-adv-loc
biinjidaabaaning,biinjidaabaaning,ADVLoc,ADVLoc,NONE,UnpublishedOPD
biindazison,biindazison,ADVLoc,ADVLoc,NONE,UnpublishedOPD
biinjidaw,biinjidaw,ADVLoc,ADVLoc,NONE,https://ojibwe.lib.umn.edu/main-entry/biinjidaw-adv-loc
bebangiishenh,bebangiishenh,ADVDeg,ADVDeg,NONE,UnpublishedOPD
biboonong,biboonong,ADVTmp,ADVTmp,NONE,https://ojibwe.lib.umn.edu/main-entry/biboonong-adv-tmp
bebesho,bebeshow2,ADVLoc,ADVLoc,NONE,https://ojibwe.lib.umn.edu/main-entry/bebesho-adv-loc
biindoonag,biindoonag,ADVLoc,ADVLoc,NONE,https://ojibwe.lib.umn.edu/main-entry/biindoonag-adv-loc
biindig,biindig,ADVLoc,ADVLoc,NONE,https://ojibwe.lib.umn.edu/main-entry/biindig-adv-loc
biinjidawaang,biinjidawaang,ADVLoc,ADVLoc,NONE,UnpublishedOPD
besho,beshow2,ADVLoc,ADVLoc,NONE,https://ojibwe.lib.umn.edu/main-entry/besho-adv-loc
biinjidoon,biinjidoon,ADVLoc,ADVLoc,NONE,https://ojibwe.lib.umn.edu/main-entry/biinjidoon-adv-loc
biitawaya'ii,biitawaya'ii,ADVLoc,ADVLoc,NONE,https://ojibwe.lib.umn.edu/main-entry/biitawaya-ii-adv-loc
biitawayi'ii,biitawayi'ii,ADVLoc,ADVLoc,NONE,UnpublishedOPD
biinjijaan,biinjijaan,ADVLoc,ADVLoc,NONE,https://ojibwe.lib.umn.edu/main-entry/biinjijaan-adv-loc
biinjijaanzh,biinjijaanzh,ADVLoc,ADVLoc,NONE,https://ojibwe.lib.umn.edu/main-entry/biinjijaanzh-adv-loc
biinjimisad,biinjimisad,ADVLoc,ADVLoc,NONE,https://ojibwe.lib.umn.edu/main-entry/biinjimisad-adv-loc
biinjina,biinjinaw2,ADVLoc,ADVLoc,NONE,https://ojibwe.lib.umn.edu/main-entry/biinjina-adv-loc
biitawisag,biitawisag,ADVLoc,ADVLoc,NONE,UnpublishedOPD
biinjinaa,biinjinaa,ADVLoc,ADVLoc,NONE,UnpublishedOPD
biinjinaagan,biinjinaagan,ADVLoc,ADVLoc,NONE,https://ojibwe.lib.umn.edu/main-entry/biinjinaagan-adv-loc
biimagaam,biimagaam,ADVLoc,ADVLoc,NONE,UnpublishedOPD
biinjipwaagan,biinjipwaagan,ADVLoc,ADVLoc,NONE,https://ojibwe.lib.umn.edu/main-entry/biinjipwaagan-adv-loc
biiyiinawad,biiyiinawad,ADVLoc,ADVLoc,NONE,UnpublishedOPD
biinjishkiinzhig,biinjishkiinzhig,ADVLoc,ADVLoc,NONE,https://ojibwe.lib.umn.edu/main-entry/biinjishkiinzhig-adv-loc
biinjishkode,biinjishkode,ADVLoc,ADVLoc,NONE,UnpublishedOPD
biinjitawag,biinjitawag,ADVLoc,ADVLoc,NONE,https://ojibwe.lib.umn.edu/main-entry/biinjitawag-adv-loc
biinjitigwaan,biinjitigwaan,ADVLoc,ADVLoc,NONE,UnpublishedOPD
bijiinaago,bijiinaagow2,ADVTmp,ADVTmp,NONE,https://ojibwe.lib.umn.edu/main-entry/bijiinaago-adv-tmp
bijiinag,bijiinag,ADVTmp,ADVTmp,NONE,https://ojibwe.lib.umn.edu/main-entry/bijiinag-adv-tmp
biindaagipikwan,biindaagipikwan,ADVLoc,ADVLoc,NONE,https://ojibwe.lib.umn.edu/main-entry/biindaagipikwan-adv-loc
biinisikaa,biinisikaa,ADVMan,ADVMan,NONE,UnpublishedOPD
biinizikaa,biinizikaa,ADVMan,ADVMan,NONE,https://ojibwe.lib.umn.edu/main-entry/biinizikaa-adv-man
biinjaya'ii,biinjaya'ii,ADVLoc,ADVLoc,NONE,https://ojibwe.lib.umn.edu/main-entry/biinjaya-ii-adv-loc
biinjayi'ii,biinjayi'ii,ADVLoc,ADVLoc,NONE,https://ojibwe.lib.umn.edu/main-entry/biinjayi-ii-adv-loc
bebangii,bebangii,ADVQnt,ADVQnt,NONE,https://ojibwe.lib.umn.edu/main-entry/bebangii-adv-qnt
biinish,biinish,ADVGram,ADVGram,NONE,https://ojibwe.lib.umn.edu/main-entry/biinish-adv-gram
bebenag,bebenag,ADVTmp,ADVTmp,NONE,UnpublishedOPD
biinjidawi-zaaga'igan,biinjidawi-zaaga'igan,ADVLoc,ADVLoc,NONE,UnpublishedOPD
booch,booch,ADVMan,ADVMan,NONE,https://ojibwe.lib.umn.edu/main-entry/booch-adv-man
bizhishig,bizhishig,ADVMan,ADVMan,NONE,UnpublishedOPD
dagwaagong,dagwaagong,ADVTmp,ADVTmp,NONE,https://ojibwe.lib.umn.edu/main-entry/dagwaagong-adv-tmp
dash,dash,ADVConj,ADVConj,NONE,https://ojibwe.lib.umn.edu/main-entry/dash-adv-conj
dabasaya'ii,dabasaya'ii,ADVLoc,ADVLoc,NONE,https://ojibwe.lib.umn.edu/main-entry/dabasaya-ii-adv-loc
dasing,dasing,ADVTmp,ADVTmp,NONE,https://ojibwe.lib.umn.edu/main-entry/dasing-adv-tmp
deyigwaj,deyigwaj,ADVDeg,ADVDeg,NONE,UnpublishedOPD
debinaak,debinaak,ADVMan,ADVMan,NONE,https://ojibwe.lib.umn.edu/main-entry/debinaak-adv-man
dibi,dibiw2,ADVDub,ADVDub,NONE,https://ojibwe.lib.umn.edu/main-entry/dibi-adv-dub
eshkam,eshkam,ADVDeg,ADVDeg,NONE,https://ojibwe.lib.umn.edu/main-entry/eshkam-adv-deg
dabazhish,dabazhish,ADVLoc,ADVLoc,NONE,https://ojibwe.lib.umn.edu/main-entry/dabazhiish-adv-loc
dabazhiish,dabazhiish,ADVLoc,ADVLoc,NONE,https://ojibwe.lib.umn.edu/main-entry/dabazhiish-adv-loc-0161f8d8-857b-431c-aac3-40bd04b43601
deseyi'ii,deseyi'ii,ADVLoc,ADVLoc,NONE,UnpublishedOPD
eshkwaa,eshkwaa,ADVMan,ADVMan,NONE,UnpublishedOPD
e'iizh,e'iizh,ADVQnt,ADVQnt,NONE,UnpublishedOPD
edawai'ii,edawai'ii,ADVLoc,ADVLoc,NONE,UnpublishedOPD
edawayi'ii,edawayi'ii,ADVLoc,ADVLoc,NONE,https://ojibwe.lib.umn.edu/main-entry/edawayi-ii-adv-loc
daso-gikinoonowin,daso-gikinoonowin,ADVTmp,ADVTmp,NONE,https://ojibwe.lib.umn.edu/main-entry/daso-gikinoonowin-adv-tmp
eyedaw-aya'ii,eyedaw-aya'ii,ADVLoc,ADVLoc,NONE,UnpublishedOPD
diba'iganens,diba'iganens,ADVQnt,ADVQnt,NONE,UnpublishedOPD
eyedawaya'ii,eyedawaya'ii,ADVLoc,ADVLoc,NONE,https://ojibwe.lib.umn.edu/main-entry/eyedawaya-ii-adv-loc
edawigaad,edawigaad,ADVLoc,ADVLoc,NONE,UnpublishedOPD
eyedawidooskwan,eyedawidooskwan,ADVLoc,ADVLoc,NONE,https://ojibwe.lib.umn.edu/main-entry/eyedawidooskwan-adv-loc
edawikana,edawikanaw2,ADVLoc,ADVLoc,NONE,UnpublishedOPD
eyedawigaad,eyedawigaad,ADVLoc,ADVLoc,NONE,https://ojibwe.lib.umn.edu/main-entry/eyedawigaad-adv-loc
edawina,edawinaw2,ADVLoc,ADVLoc,NONE,UnpublishedOPD
eyedawigam,eyedawigam,ADVLoc,ADVLoc,NONE,UnpublishedOPD
edawinik,edawinik,ADVLoc,ADVLoc,NONE,https://ojibwe.lib.umn.edu/main-entry/edawinik-adv-loc
edawininj,edawininj,ADVLoc,ADVLoc,NONE,UnpublishedOPD
eyedawigamaag,eyedawigamaag,ADVLoc,ADVLoc,NONE,UnpublishedOPD
edawizid,edawizid,ADVLoc,ADVLoc,NONE,UnpublishedOPD
eyedawigidig,eyedawigidig,ADVLoc,ADVLoc,NONE,https://ojibwe.lib.umn.edu/main-entry/eyedawigidig-adv-loc
dibikong,dibikong,ADVTmp,ADVTmp,NONE,https://ojibwe.lib.umn.edu/main-entry/dibikong-adv-tmp
eyedawikana,eyedawikanaw2,ADVLoc,ADVLoc,NONE,https://ojibwe.lib.umn.edu/main-entry/eyedawikana-adv-loc
eyedawinik,eyedawinik,ADVLoc,ADVLoc,NONE,https://ojibwe.lib.umn.edu/main-entry/eyedawinik-adv-loc
eyedawininj,eyedawininj,ADVLoc,ADVLoc,NONE,https://ojibwe.lib.umn.edu/main-entry/eyedawininj-adv-loc
dibinawe,dibinawe,ADVMan,ADVMan,NONE,https://ojibwe.lib.umn.edu/main-entry/dibinawe-adv-man
eyedawisag,eyedawisag,ADVLoc,ADVLoc,NONE,UnpublishedOPD
eko-niizhing,eko-niizhing,ADVLoc,ADVLoc,NONE,https://ojibwe.lib.umn.edu/main-entry/eko-niizhing-adv-loc
eko-nising,eko-nising,ADVLoc,ADVLoc,NONE,https://ojibwe.lib.umn.edu/main-entry/eko-nising-adv-loc
eyedawishkode,eyedawishkode,ADVLoc,ADVLoc,NONE,https://ojibwe.lib.umn.edu/main-entry/eyedawishkode-adv-loc
eyedawitawag,eyedawitawag,ADVLoc,ADVLoc,NONE,https://ojibwe.lib.umn.edu/main-entry/eyedawitawag-adv-loc
eyedawizid,eyedawizid,ADVLoc,ADVLoc,NONE,https://ojibwe.lib.umn.edu/main-entry/eyedawizid-adv-loc
dibish,dibish,ADVDub,ADVDub,NONE,UnpublishedOPD
eyedawi-ziibi,eyedawi-ziibiw2,ADVLoc,ADVLoc,NONE,https://ojibwe.lib.umn.edu/main-entry/eyedawi-ziibi-adv-loc
diba'oobaan,diba'oobaan,ADVQnt,ADVQnt,NONE,https://ojibwe.lib.umn.edu/main-entry/diba-oobaan-adv-qnt
eyiidawaakigan,eyiidawaakigan,ADVLoc,ADVLoc,NONE,UnpublishedOPD
dibishkoo,dibishkoo,ADVMan,ADVMan,NONE,https://ojibwe.lib.umn.edu/main-entry/dibishkoo-adv-man
eyiidawagaam,eyiidawagaam,ADVLoc,ADVLoc,NONE,https://ojibwe.lib.umn.edu/main-entry/eyiidawagaam-adv-loc
dibishkoodagaam,dibishkoodagaam,ADVLoc,ADVLoc,NONE,https://ojibwe.lib.umn.edu/main-entry/dibishkoodagaam-adv-loc
dibishkooj,dibishkooj,ADVGram,ADVGram,NONE,UnpublishedOPD
eyiidawaya'ii,eyiidawaya'ii,ADVLoc,ADVLoc,NONE,https://ojibwe.lib.umn.edu/main-entry/eyiidawaya-ii-adv-loc
dibishkoojaya'ii,dibishkoojaya'ii,ADVLoc,ADVLoc,NONE,UnpublishedOPD
eyiidawayi'ii,eyiidawayi'ii,ADVLoc,ADVLoc,NONE,https://ojibwe.lib.umn.edu/main-entry/eyiidawayi-ii-adv-loc
dasonik,dasonik,ADVLoc,ADVLoc,NONE,UnpublishedOPD
dibishkooji-giizhig,dibishkooji-giizhig,ADVLoc,ADVLoc,NONE,UnpublishedOPD
eyiidawi-wiikwesagaang,eyiidawi-wiikwesagaang,ADVLoc,ADVLoc,NONE,UnpublishedOPD
dibishkookamig,dibishkookamig,ADVLoc,ADVLoc,NONE,https://ojibwe.lib.umn.edu/main-entry/dibishkookamig-adv-loc
enaag,enaag,ADVTmp,ADVTmp,NONE,UnpublishedOPD
eyiidawi-ziibi,eyiidawi-ziibiw2,ADVLoc,ADVLoc,NONE,https://ojibwe.lib.umn.edu/main-entry/eyiidawi-ziibi-adv-loc
eyiidawigaad,eyiidawigaad,ADVLoc,ADVLoc,NONE,https://ojibwe.lib.umn.edu/main-entry/eyiidawigaad-adv-loc
eyiidawigidig,eyiidawigidig,ADVLoc,ADVLoc,NONE,https://ojibwe.lib.umn.edu/main-entry/eyiidawigidig-adv-loc
eyiidawikana,eyiidawikanaw2,ADVLoc,ADVLoc,NONE,https://ojibwe.lib.umn.edu/main-entry/eyiidawikana-adv-loc
eyiidawinik,eyiidawinik,ADVLoc,ADVLoc,NONE,https://ojibwe.lib.umn.edu/main-entry/eyiidawinik-adv-loc
eyiidawiningwiigan,eyiidawiningwiigan,ADVLoc,ADVLoc,NONE,UnpublishedOPD
eyiidawininj,eyiidawininj,ADVLoc,ADVLoc,NONE,https://ojibwe.lib.umn.edu/main-entry/eyiidawininj-adv-loc
enda-anooj,enda-anooj,ADVQnt,ADVQnt,NONE,UnpublishedOPD
eyiidawisag,eyiidawisag,ADVLoc,ADVLoc,NONE,UnpublishedOPD
eyiidawishkiinzhig,eyiidawishkiinzhig,ADVLoc,ADVLoc,NONE,https://ojibwe.lib.umn.edu/main-entry/eyiidawishkiinzhig-adv-loc
eyiidawishkode,eyiidawishkode,ADVLoc,ADVLoc,NONE,UnpublishedOPD
eyiidawitawag,eyiidawitawag,ADVLoc,ADVLoc,NONE,https://ojibwe.lib.umn.edu/main-entry/eyiidawitawag-adv-loc
endaso-dibik,endaso-dibik,ADVTmp,ADVTmp,NONE,https://ojibwe.lib.umn.edu/main-entry/endaso-dibik-adv-tmp
eyiidawizid,eyiidawizid,ADVLoc,ADVLoc,NONE,https://ojibwe.lib.umn.edu/main-entry/eyiidawizid-adv-loc
endaso-gigizheb,endaso-gigizheb,ADVTmp,ADVTmp,NONE,https://ojibwe.lib.umn.edu/main-entry/endaso-gigizheb-adv-tmp
eyiizh,eyiizh,ADVQnt,ADVQnt,NONE,https://ojibwe.lib.umn.edu/main-entry/eyiizh-adv-qnt
endaso-giizhik,endaso-giizhik,ADVTmp,ADVTmp,NONE,https://ojibwe.lib.umn.edu/main-entry/endaso-giizhik-adv-tmp
eyishkwe-ayi'ii,eyishkwe-ayi'ii,ADVLoc,ADVLoc,NONE,UnpublishedOPD
endaso-giizis,endaso-giizis,ADVTmp,ADVTmp,NONE,https://ojibwe.lib.umn.edu/main-entry/endaso-giizis-adv-tmp
endaso-ishkwaa-naawakwe,endaso-ishkwaa-naawakwe,ADVTmp,ADVTmp,NONE,UnpublishedOPD
endaso-naawakwe,endaso-naawakwe,ADVTmp,ADVTmp,NONE,UnpublishedOPD
endaso-niibin,endaso-niibin,ADVTmp,ADVTmp,NONE,https://ojibwe.lib.umn.edu/main-entry/endaso-niibin-adv-tmp
endaso-onaagosh,endaso-onaagosh,ADVTmp,ADVTmp,NONE,UnpublishedOPD
endasogamig,endasogamig,ADVLoc,ADVLoc,NONE,UnpublishedOPD
endasonaagosh,endasonaagosh,ADVTmp,ADVTmp,NONE,https://ojibwe.lib.umn.edu/main-entry/endasonaagosh-adv-tmp
endogwen,endogwen,ADVDub,ADVDub,NONE,https://ojibwe.lib.umn.edu/main-entry/endogwen-adv-dub
dedibaaya'ii,dedibaaya'ii,ADVLoc,ADVLoc,NONE,UnpublishedOPD
dedibishkoo,dedibishkoo,ADVMan,ADVMan,NONE,UnpublishedOPD
dedijiibaan,dedijiibaan,ADVLoc,ADVLoc,NONE,UnpublishedOPD
eniwek,eniwek,ADVDeg,ADVDeg,NONE,https://ojibwe.lib.umn.edu/main-entry/eniwek-adv-man
daabishkoo,daabishkoo,ADVGram,ADVGram,NONE,https://ojibwe.lib.umn.edu/main-entry/daabishkoo-adv-gram
daabida,daabidaw2,ADVMan,ADVMan,NONE,https://ojibwe.lib.umn.edu/main-entry/daabida-adv-man
eta,etaw2,ADVDeg,ADVDeg,NONE,https://ojibwe.lib.umn.edu/main-entry/eta-adv-deg
enigok,enigok,ADVDeg,ADVDeg,NONE,https://ojibwe.lib.umn.edu/main-entry/enigok-adv-man
bizaan,bizaan,ADVMan,ADVMan,NONE,https://ojibwe.lib.umn.edu/main-entry/bizaan-adv-man
eyedawishkiinzhig,eyedawishkiinzhig,ADVLoc,ADVLoc,NONE,https://ojibwe.lib.umn.edu/main-entry/eyedawishkiinzhig-adv-loc
gakeyaa,gakeyaa,ADVLoc,ADVLoc,NONE,https://ojibwe.lib.umn.edu/main-entry/gakeyaa-adv-loc
gaabige,gaabige,ADVTmp,ADVTmp,NONE,UnpublishedOPD
gabaya'ii,gabaya'ii,ADVLoc,ADVLoc,NONE,https://ojibwe.lib.umn.edu/main-entry/gabaya-ii-adv-loc
gabe-aya'ii,gabe-aya'ii,ADVTmp,ADVTmp,NONE,UnpublishedOPD
gagwaanisagakamig,gagwaanisagakamig,ADVMan,ADVMan,NONE,https://ojibwe.lib.umn.edu/main-entry/gagwaanisagakamig-adv-man
gabe-ayi'ii,gabe-ayi'ii,ADVLoc,ADVLoc,NONE,https://ojibwe.lib.umn.edu/main-entry/gabe-ayi-ii-adv-loc
gabe-biboon,gabe-biboon,ADVTmp,ADVTmp,NONE,https://ojibwe.lib.umn.edu/main-entry/gabe-biboon-adv-tmp
gabe-dagwaag,gabe-dagwaag,ADVTmp,ADVTmp,NONE,UnpublishedOPD
gabe-dagwaagi,gabe-dagwaagiw2,ADVTmp,ADVTmp,NONE,https://ojibwe.lib.umn.edu/main-entry/gabe-dagwaagi-adv-tmp
genapii,genapii,ADVTmp,ADVTmp,NONE,https://ojibwe.lib.umn.edu/main-entry/genapii-adv-tmp
gabe-giizhig,gabe-giizhig,ADVTmp,ADVTmp,NONE,https://ojibwe.lib.umn.edu/main-entry/gabe-giizhig-adv-tmp
gabe-giizhik,gabe-giizhik,ADVTmp,ADVTmp,NONE,https://ojibwe.lib.umn.edu/main-entry/gabe-giizhik-adv-tmp
gabe-giizis,gabe-giizis,ADVTmp,ADVTmp,NONE,UnpublishedOPD
gabe-gikinoonowin,gabe-gikinoonowin,ADVTmp,ADVTmp,NONE,UnpublishedOPD
gakina,gakinaw2,ADVQnt,ADVQnt,NONE,https://ojibwe.lib.umn.edu/main-entry/gakina-adv-qnt
gabe-ishkwaa-naawakwe,gabe-ishkwaa-naawakwe,ADVTmp,ADVTmp,NONE,https://ojibwe.lib.umn.edu/main-entry/gabe-ishkwaa-naawakwe-adv-tmp
gabe-naawakwe,gabe-naawakwe,ADVTmp,ADVTmp,NONE,UnpublishedOPD
gabe-niibin,gabe-niibin,ADVTmp,ADVTmp,NONE,https://ojibwe.lib.umn.edu/main-entry/gabe-niibin-adv-tmp
gabe-onaagosh,gabe-onaagosh,ADVTmp,ADVTmp,NONE,https://ojibwe.lib.umn.edu/main-entry/gabe-onaagosh-adv-tmp
gabe-zhebaa,gabe-zhebaa,ADVTmp,ADVTmp,NONE,https://ojibwe.lib.umn.edu/main-entry/gabe-zhebaa-adv-tmp
gaajaya'ii,gaajaya'ii,ADVLoc,ADVLoc,NONE,UnpublishedOPD
gabe-ziigwan,gabe-ziigwan,ADVTmp,ADVTmp,NONE,https://ojibwe.lib.umn.edu/main-entry/gabe-ziigwan-adv-tmp
ganabaj,ganabaj,ADVMan,ADVMan,NONE,https://ojibwe.lib.umn.edu/main-entry/ganabaj-adv-man
ganage,ganage,ADVMan,ADVMan,NONE,https://ojibwe.lib.umn.edu/main-entry/ganage-adv-man
gabekana,gabekanaw2,ADVLoc,ADVLoc,NONE,https://ojibwe.lib.umn.edu/main-entry/gabekana-adv-loc
gaagigekamig,gaagigekamig,ADVTmp,ADVTmp,NONE,UnpublishedOPD
gabenaagosh,gabenaagosh,ADVTmp,ADVTmp,NONE,https://ojibwe.lib.umn.edu/main-entry/gabenaagosh-adv-tmp
gabeya'ii,gabeya'ii,ADVTmp,ADVTmp,NONE,https://ojibwe.lib.umn.edu/main-entry/gabeya-ii-adv-tmp
gesika,gesikaw2,ADVTmp,ADVTmp,NONE,UnpublishedOPD
gichi-enigok,gichi-enigok,ADVDeg,ADVDeg,NONE,https://ojibwe.lib.umn.edu/main-entry/gichi-enigok-adv-deg
gabeyaatig,gabeyaatig,ADVLoc,ADVLoc,NONE,UnpublishedOPD
gaawiin,gaawiin,ADVNeg,ADVNeg,NONE,https://ojibwe.lib.umn.edu/main-entry/gaawiin-adv-neg
gichi-gigizheb,gichi-gigizheb,ADVTmp,ADVTmp,NONE,https://ojibwe.lib.umn.edu/main-entry/gichi-gigizheb-adv-tmp
gichi-giizhigong,gichi-giizhigong,ADVLoc,ADVLoc,NONE,UnpublishedOPD
gigizheb,gigizheb,ADVTmp,ADVTmp,NONE,https://ojibwe.lib.umn.edu/main-entry/gigizheb-adv-tmp
getekamig,getekamig,ADVTmp,ADVTmp,NONE,UnpublishedOPD
geyaabi,geyaabiw2,ADVTmp,ADVTmp,NONE,https://ojibwe.lib.umn.edu/main-entry/geyaabi-adv-tmp
gichi-mewinzha,gichi-mewinzhaw2,ADVTmp,ADVTmp,NONE,UnpublishedOPD
gezhidine,gezhidine,ADVTmp,ADVTmp,NONE,https://ojibwe.lib.umn.edu/main-entry/gezhidine-adv-tmp
gezika,gezikaw2,ADVTmp,ADVTmp,NONE,https://ojibwe.lib.umn.edu/main-entry/gezika-adv-tmp
giiwitaa-aya'ii,giiwitaa-aya'ii,ADVLoc,ADVLoc,NONE,https://ojibwe.lib.umn.edu/main-entry/giiwitaa-aya-ii-adv-loc
gezikaa,gezikaa,ADVTmp,ADVTmp,NONE,UnpublishedOPD
giiwitaa-ayi'ii,giiwitaa-ayi'ii,ADVLoc,ADVLoc,NONE,https://ojibwe.lib.umn.edu/main-entry/giiwitaa-ayi-ii-adv-loc
gichi-mookomaan-akiing,gichi-mookomaan-akiing,ADVDeg,ADVDeg,NONE,UnpublishedOPD
giiwitaa-zaaga'igan,giiwitaa-zaaga'igan,ADVLoc,ADVLoc,NONE,https://ojibwe.lib.umn.edu/main-entry/giiwitaa-zaaga-igan-adv-loc
gayat,gayat,ADVTmp,ADVTmp,NONE,https://ojibwe.lib.umn.edu/main-entry/gayat-adv-tmp
gaye,gaye,ADVConj,ADVConj,NONE,https://ojibwe.lib.umn.edu/main-entry/gaye-adv-conj
giiwitaawaya'ii,giiwitaawaya'ii,ADVLoc,ADVLoc,NONE,UnpublishedOPD
giimooj,giimooj,ADVMan,ADVMan,NONE,https://ojibwe.lib.umn.edu/main-entry/giimooj-adv-man
ge,ge,ADVConj,ADVConj,NONE,https://ojibwe.lib.umn.edu/main-entry/ge-adv-conj
gichi-neniibowa,gichi-neniibowaw2,ADVQnt,ADVQnt,NONE,UnpublishedOPD
giiwitaagaam,giiwitaagaam,ADVLoc,ADVLoc,NONE,UnpublishedOPD
gechinaa,gechinaa,ADVDeg,ADVDeg,NONE,UnpublishedOPD
giiwitaagamig,giiwitaagamig,ADVLoc,ADVLoc,NONE,UnpublishedOPD
gechinaaj,gechinaaj,ADVDeg,ADVDeg,NONE,UnpublishedOPD
gegaa,gegaa,ADVDeg,ADVDeg,NONE,https://ojibwe.lib.umn.edu/main-entry/gegaa-adv-deg
gibichaya'ii,gibichaya'ii,ADVLoc,ADVLoc,NONE,UnpublishedOPD
gegabe-biboon,gegabe-biboon,ADVTmp,ADVTmp,NONE,UnpublishedOPD
gegabe-dibik,gegabe-dibik,ADVTmp,ADVTmp,NONE,UnpublishedOPD
gegabe-giizhig,gegabe-giizhig,ADVTmp,ADVTmp,NONE,UnpublishedOPD
gegapii,gegapii,ADVTmp,ADVTmp,NONE,https://ojibwe.lib.umn.edu/main-entry/gegapii-adv-tmp
geget,geget,ADVMan,ADVMan,NONE,https://ojibwe.lib.umn.edu/main-entry/geget-adv-man
giishpin,giishpin,ADVGram,ADVGram,NONE,https://ojibwe.lib.umn.edu/main-entry/giishpin-adv-gram
gichi-waasa,gichi-waasaw2,ADVLoc,ADVLoc,NONE,UnpublishedOPD
gego,gegow2,ADVNeg,ADVNeg,NONE,https://ojibwe.lib.umn.edu/main-entry/gego-adv-neg
giiskabak,giiskabak,ADVLoc,ADVLoc,NONE,UnpublishedOPD
giiwitaashkiinzhig,giiwitaashkiinzhig,ADVLoc,ADVLoc,NONE,UnpublishedOPD
gichi-ajina,gichi-ajinaw2,ADVTmp,ADVTmp,NONE,https://ojibwe.lib.umn.edu/main-entry/gichi-ajina-adv-tmp
giiwitaashkode,giiwitaashkode,ADVLoc,ADVLoc,NONE,https://ojibwe.lib.umn.edu/main-entry/giiwitaashkode-adv-loc
gichi-zezika,gichi-zezikaw2,ADVTmp,ADVTmp,NONE,UnpublishedOPD
gemaa,gemaa,ADVConj,ADVConj,NONE,https://ojibwe.lib.umn.edu/main-entry/gemaa-adv-conj
gichi-awasonaago,gichi-awasonaagow2,ADVTmp,ADVTmp,NONE,UnpublishedOPD
giiwitaayi'ii,giiwitaayi'ii,ADVLoc,ADVLoc,NONE,UnpublishedOPD
giigaski,giigaskiw2,ADVMan,ADVMan,NONE,UnpublishedOPD
gakiiw,gakiiw,ADVLoc,ADVLoc,NONE,https://ojibwe.lib.umn.edu/main-entry/gakiiw-adv-loc
gichi-niibowa,gichi-niibowaw2,ADVQnt,ADVQnt,NONE,https://ojibwe.lib.umn.edu/main-entry/gichi-niibowa-adv-qnt
gabe-dibik,gabe-dibik,ADVTmp,ADVTmp,NONE,https://ojibwe.lib.umn.edu/main-entry/gabe-dibik-adv-tmp
giizhaa,giizhaa,ADVTmp,ADVTmp,NONE,https://ojibwe.lib.umn.edu/main-entry/giizhaa-adv-tmp
gichi-weweni,gichi-weweniw2,ADVMan,ADVMan,NONE,UnpublishedOPD
gikinawaaj,gikinawaaj,ADVMan,ADVMan,NONE,https://ojibwe.lib.umn.edu/main-entry/gikinawaaj-adv-man
gichi-ginwenzh,gichi-ginwenzh,ADVTmp,ADVTmp,NONE,UnpublishedOPD
gikinoonowin,gikinoonowin,ADVTmp,ADVTmp,NONE,https://ojibwe.lib.umn.edu/main-entry/gikinoonowin-adv-tmp
ginwenzh,ginwenzh,ADVTmp,ADVTmp,NONE,https://ojibwe.lib.umn.edu/main-entry/ginwenzh-adv-tmp
gonige,gonige,ADVPred,ADVPred,NONE,https://ojibwe.lib.umn.edu/main-entry/gonige-adv-pred
godagiing,godagiing,ADVDeg,ADVDeg,NONE,UnpublishedOPD
gwekeya'ii,gwekeya'ii,ADVLoc,ADVLoc,NONE,UnpublishedOPD
ginigaw,ginigaw,ADVMan,ADVMan,NONE,UnpublishedOPD
gitwen,gitwen,ADVMan,ADVMan,NONE,https://ojibwe.lib.umn.edu/main-entry/gitwen-adv-man
gomaapii,gomaapii,ADVDeg,ADVDeg,NONE,https://ojibwe.lib.umn.edu/main-entry/gomaapii-adv-deg
i'imaa,i'imaa,ADVLoc,ADVLoc,NONE,https://ojibwe.lib.umn.edu/main-entry/i-imaa-adv-loc
i'iwidi,i'iwidiw2,ADVLoc,ADVLoc,NONE,https://ojibwe.lib.umn.edu/main-entry/i-iwidi-adv-loc
idash,idash,ADVConj,ADVConj,NONE,https://ojibwe.lib.umn.edu/main-entry/idash-adv-conj
ingodwaaching,ingodwaaching,ADVTmp,ADVTmp,NONE,https://ojibwe.lib.umn.edu/main-entry/ingodwaaching-adv-tmp
ingodwaakwa'aagan,ingodwaakwa'aagan,ADVLoc,ADVLoc,NONE,UnpublishedOPD
inagake,inagake,ADVDeg,ADVDeg,NONE,UnpublishedOPD
inagake-aya'ii,inagake-aya'ii,ADVDeg,ADVDeg,NONE,UnpublishedOPD
inagakeyaa,inagakeyaa,ADVDeg,ADVDeg,NONE,https://ojibwe.lib.umn.edu/main-entry/inagakeyaa-adv-deg
ishkwewaya'ii,ishkwewaya'ii,ADVLoc,ADVLoc,NONE,UnpublishedOPD
ishkweyaang,ishkweyaang,ADVLoc,ADVLoc,NONE,https://ojibwe.lib.umn.edu/main-entry/ishkweyaang-adv-loc
indigo,indigow2,ADVMan,ADVMan,NONE,https://ojibwe.lib.umn.edu/main-entry/indigo-adv-man
ishkweyaya'ii,ishkweyaya'ii,ADVLoc,ADVLoc,NONE,UnpublishedOPD
ishkweyayi'ii,ishkweyayi'ii,ADVLoc,ADVLoc,NONE,UnpublishedOPD
ishpiming,ishpiming,ADVLoc,ADVLoc,NONE,https://ojibwe.lib.umn.edu/main-entry/ishpiming-adv-loc
ishkweyoodena,ishkweyoodenaw2,ADVLoc,ADVLoc,NONE,UnpublishedOPD
ingodwaasonik,ingodwaasonik,ADVLoc,ADVLoc,NONE,UnpublishedOPD
ishpimisagong,ishpimisagong,ADVLoc,ADVLoc,NONE,UnpublishedOPD
gwekwekaya'ii,gwekwekaya'ii,ADVLoc,ADVLoc,NONE,UnpublishedOPD
gwayakweya'ii,gwayakweya'ii,ADVLoc,ADVLoc,NONE,UnpublishedOPD
gwayanjish,gwayanjish,ADVMan,ADVMan,NONE,UnpublishedOPD
inake,inake,ADVDeg,ADVDeg,NONE,UnpublishedOPD
inake-aya'ii,inake-aya'ii,ADVDeg,ADVDeg,NONE,UnpublishedOPD
gwech,gwech,ADVQnt,ADVQnt,NONE,https://ojibwe.lib.umn.edu/main-entry/gwech-adv-qnt
inakeya'ii,inakeya'ii,ADVDeg,ADVDeg,NONE,https://ojibwe.lib.umn.edu/main-entry/inakeya-ii-adv-deg
ingoji,ingojiw2,ADVDeg,ADVDeg,NONE,https://ojibwe.lib.umn.edu/main-entry/ingoji-adv-deg
ishwaaching,ishwaaching,ADVTmp,ADVTmp,NONE,https://ojibwe.lib.umn.edu/main-entry/ishwaaching-adv-tmp
ingoding,ingoding,ADVTmp,ADVTmp,NONE,https://ojibwe.lib.umn.edu/main-entry/ingoding-adv-tmp
imaa,imaa,ADVLoc,ADVLoc,NONE,https://ojibwe.lib.umn.edu/main-entry/imaa-adv-loc
ishkwaandeng,ishkwaandeng,ADVLoc,ADVLoc,NONE,UnpublishedOPD
ingodonik,ingodonik,ADVLoc,ADVLoc,NONE,UnpublishedOPD
iwidi,iwidiw2,ADVLoc,ADVLoc,NONE,https://ojibwe.lib.umn.edu/main-entry/iwidi-adv-loc
ishkwe-ayi'ii,ishkwe-ayi'ii,ADVLoc,ADVLoc,NONE,https://ojibwe.lib.umn.edu/main-entry/ishkwe-ayi-ii-adv-loc
ishkwe-oodena,ishkwe-oodenaw2,ADVLoc,ADVLoc,NONE,UnpublishedOPD
izhi-gwayak,izhi-gwayak,ADVLoc,ADVLoc,NONE,UnpublishedOPD
ishkwegamig,ishkwegamig,ADVLoc,ADVLoc,NONE,UnpublishedOPD
ishpayi'ii,ishpayi'ii,ADVLoc,ADVLoc,NONE,https://ojibwe.lib.umn.edu/main-entry/ishpayi-ii-adv-loc
ishwaasonik,ishwaasonik,ADVLoc,ADVLoc,NONE,UnpublishedOPD
ishpi-dibik,ishpi-dibik,ADVTmp,ADVTmp,NONE,https://ojibwe.lib.umn.edu/main-entry/ishpi-dibik-adv-tmp
ishkwaaj,ishkwaaj,ADVTmp,ADVTmp,NONE,https://ojibwe.lib.umn.edu/main-entry/ishkwaaj-adv-man
ishkwaya'ii,ishkwaya'ii,ADVLoc,ADVLoc,NONE,https://ojibwe.lib.umn.edu/main-entry/ishkwaya-ii-adv-loc
igaye,igaye,ADVConj,ADVConj,NONE,https://ojibwe.lib.umn.edu/main-entry/igaye-adv-conj
gomaa,gomaa,ADVDeg,ADVDeg,NONE,https://ojibwe.lib.umn.edu/main-entry/gomaa-adv-deg
indawaa,indawaa,ADVMan,ADVMan,NONE,https://ojibwe.lib.umn.edu/main-entry/indawaa-adv-man
ishkwe-aya'ii,ishkwe-aya'ii,ADVLoc,ADVLoc,NONE,https://ojibwe.lib.umn.edu/main-entry/ishkwe-aya-ii-adv-loc
indawaaj,indawaaj,ADVMan,ADVMan,NONE,https://ojibwe.lib.umn.edu/main-entry/indawaaj-adv-man
gwayak,gwayak,ADVMan,ADVMan,NONE,https://ojibwe.lib.umn.edu/main-entry/gwayak-adv-man
inakakeyaa,inakakeyaa,ADVDeg,ADVDeg,NONE,UnpublishedOPD
ishkwayaang,ishkwayaang,ADVLoc,ADVLoc,NONE,UnpublishedOPD
jiigi-bagiwaanegamig,jiigi-bagiwaanegamig,ADVLoc,ADVLoc,NONE,UnpublishedOPD
jiigi-minis,jiigi-minis,ADVLoc,ADVLoc,NONE,https://ojibwe.lib.umn.edu/main-entry/jiigi-minis-adv-loc
jiigi-oodena,jiigi-oodenaw2,ADVLoc,ADVLoc,NONE,UnpublishedOPD
jiigi-waaka'igan,jiigi-waaka'igan,ADVLoc,ADVLoc,NONE,UnpublishedOPD
jiigi-waakaa'igan,jiigi-waakaa'igan,ADVLoc,ADVLoc,NONE,https://ojibwe.lib.umn.edu/main-entry/jiigi-waakaa-igan-adv-loc
jiigi-zaaga'igan,jiigi-zaaga'igan,ADVLoc,ADVLoc,NONE,https://ojibwe.lib.umn.edu/main-entry/jiigi-zaaga-igan-adv-loc
jiigi-ziibi,jiigi-ziibiw2,ADVLoc,ADVLoc,NONE,https://ojibwe.lib.umn.edu/main-entry/jiigi-ziibi-adv-loc
jiigibiig,jiigibiig,ADVLoc,ADVLoc,NONE,https://ojibwe.lib.umn.edu/main-entry/jiigibiig-adv-loc
jiigidaabaan,jiigidaabaan,ADVLoc,ADVLoc,NONE,https://ojibwe.lib.umn.edu/main-entry/jiigidaabaan-adv-loc
jejiigibiig,jejiigibiig,ADVLoc,ADVLoc,NONE,UnpublishedOPD
jiigigamig,jiigigamig,ADVLoc,ADVLoc,NONE,https://ojibwe.lib.umn.edu/main-entry/jiigigamig-adv-loc
jiigikana,jiigikanaw2,ADVLoc,ADVLoc,NONE,https://ojibwe.lib.umn.edu/main-entry/jiigikana-adv-loc
jiigikwam,jiigikwam,ADVLoc,ADVLoc,NONE,UnpublishedOPD
jiigisag,jiigisag,ADVLoc,ADVLoc,NONE,https://ojibwe.lib.umn.edu/main-entry/jiigisag-adv-loc
jiigishkode,jiigishkode,ADVLoc,ADVLoc,NONE,https://ojibwe.lib.umn.edu/main-entry/jiigishkode-adv-loc
jiigishkwaand,jiigishkwaand,ADVLoc,ADVLoc,NONE,https://ojibwe.lib.umn.edu/main-entry/jiigishkwaand-adv-loc
jiigiskwam,jiigiskwam,ADVLoc,ADVLoc,NONE,UnpublishedOPD
jiigaabik,jiigaabik,ADVLoc,ADVLoc,NONE,https://ojibwe.lib.umn.edu/main-entry/jiigaabik-adv-loc
jiigitawag,jiigitawag,ADVLoc,ADVLoc,NONE,https://ojibwe.lib.umn.edu/main-entry/jiigitawag-adv-loc
maawaj,maawaj,ADVDeg,ADVDeg,NONE,UnpublishedOPD
jiigaakwaa,jiigaakwaa,ADVLoc,ADVLoc,NONE,https://ojibwe.lib.umn.edu/main-entry/jiigaakwaa-adv-loc
jiigizigom,jiigizigom,ADVLoc,ADVLoc,NONE,UnpublishedOPD
jiigaatig,jiigaatig,ADVLoc,ADVLoc,NONE,https://ojibwe.lib.umn.edu/main-entry/jiigaatig-adv-loc
jiigadoopowinaak,jiigadoopowinaak,ADVLoc,ADVLoc,NONE,UnpublishedOPD
jiigagam,jiigagam,ADVLoc,ADVLoc,NONE,https://ojibwe.lib.umn.edu/main-entry/jiigagam-adv-loc
maamakaaj,maamakaaj,ADVMan,ADVMan,NONE,https://ojibwe.lib.umn.edu/main-entry/maamakaaj-adv-man
jiigakamig,jiigakamig,ADVLoc,ADVLoc,NONE,UnpublishedOPD
maamakaaj-ayi'ii,maamakaaj-ayi'ii,ADVMan,ADVMan,NONE,UnpublishedOPD
jiigashkiig,jiigashkiig,ADVLoc,ADVLoc,NONE,https://ojibwe.lib.umn.edu/main-entry/jiigashkiig-adv-loc
jiigashkosiw,jiigashkosiw,ADVLoc,ADVLoc,NONE,https://ojibwe.lib.umn.edu/main-entry/jiigashkosiw-adv-loc
jiigaya'ii,jiigaya'ii,ADVLoc,ADVLoc,NONE,https://ojibwe.lib.umn.edu/main-entry/jiigaya-ii-adv-loc
jiigayi'ii,jiigayi'ii,ADVLoc,ADVLoc,NONE,https://ojibwe.lib.umn.edu/main-entry/jiigayi-ii-adv-loc
jiigew,jiigew,ADVLoc,ADVLoc,NONE,https://ojibwe.lib.umn.edu/main-entry/jiigew-adv-loc
jaajiigaatig,jaajiigaatig,ADVLoc,ADVLoc,NONE,UnpublishedOPD
maamawi,maamawiw2,ADVMan,ADVMan,NONE,https://ojibwe.lib.umn.edu/main-entry/maamawi-adv-man
maazhaa,maazhaa,ADVMan,ADVMan,NONE,https://ojibwe.lib.umn.edu/main-entry/maazhaa-adv-man
maagizhaa,maagizhaa,ADVMan,ADVMan,NONE,https://ojibwe.lib.umn.edu/main-entry/maagizhaa-adv-man
megwaayaak,megwaayaak,ADVLoc,ADVLoc,NONE,UnpublishedOPD
megwaayaakwaa,megwaayaakwaa,ADVLoc,ADVLoc,NONE,UnpublishedOPD
mashkosiikaang,mashkosiikaang,ADVLoc,ADVLoc,NONE,UnpublishedOPD
megwaayaakwaang,megwaayaakwaang,ADVLoc,ADVLoc,NONE,UnpublishedOPD
megwaagonag,megwaagonag,ADVLoc,ADVLoc,NONE,https://ojibwe.lib.umn.edu/main-entry/megwaagonag-adv-loc
megwayaak,megwayaak,ADVLoc,ADVLoc,NONE,https://ojibwe.lib.umn.edu/main-entry/megwayaak-adv-loc
maanoo,maanoo,ADVMan,ADVMan,NONE,https://ojibwe.lib.umn.edu/main-entry/maanoo-adv-man
megwe-aya'ii,megwe-aya'ii,ADVLoc,ADVLoc,NONE,https://ojibwe.lib.umn.edu/main-entry/megwe-aya-ii-adv-loc
megwe-ayi'ii,megwe-ayi'ii,ADVLoc,ADVLoc,NONE,UnpublishedOPD
megwe-mashkosiw,megwe-mashkosiw,ADVLoc,ADVLoc,NONE,UnpublishedOPD
megwe-ishkode,megwe-ishkode,ADVLoc,ADVLoc,NONE,UnpublishedOPD
megwebag,megwebag,ADVLoc,ADVLoc,NONE,UnpublishedOPD
megwebiiway,megwebiiway,ADVLoc,ADVLoc,NONE,UnpublishedOPD
megwedaawang,megwedaawang,ADVLoc,ADVLoc,NONE,UnpublishedOPD
megwejiishkiwag,megwejiishkiwag,ADVLoc,ADVLoc,NONE,https://ojibwe.lib.umn.edu/main-entry/megwejiishkiwag-adv-loc
megwekamig,megwekamig,ADVLoc,ADVLoc,NONE,UnpublishedOPD
megwekob,megwekob,ADVLoc,ADVLoc,NONE,https://ojibwe.lib.umn.edu/main-entry/megwekob-adv-loc
megweshkosiw,megweshkosiw,ADVLoc,ADVLoc,NONE,UnpublishedOPD
megweyaabashkiki,megweyaabashkikiw2,ADVLoc,ADVLoc,NONE,UnpublishedOPD
megweyaagonag,megweyaagonag,ADVLoc,ADVLoc,NONE,UnpublishedOPD
megweyaandag,megweyaandag,ADVLoc,ADVLoc,NONE,UnpublishedOPD
megweyaatig,megweyaatig,ADVLoc,ADVLoc,NONE,UnpublishedOPD
megweyaya'ii,megweyaya'ii,ADVLoc,ADVLoc,NONE,UnpublishedOPD
mashkiigokaang,mashkiigokaang,ADVLoc,ADVLoc,NONE,UnpublishedOPD
mamaazhiish,mamaazhiish,ADVMan,ADVMan,NONE,UnpublishedOPD
memeshkod,memeshkod,ADVMan,ADVMan,NONE,https://ojibwe.lib.umn.edu/main-entry/memeshkod-adv-man
memeshkwad,memeshkwad,ADVMan,ADVMan,NONE,https://ojibwe.lib.umn.edu/main-entry/memeshkwad-adv-man
memindage,memindage,ADVMan,ADVMan,NONE,https://ojibwe.lib.umn.edu/main-entry/memindage-adv-man
memwech,memwech,ADVMan,ADVMan,NONE,https://ojibwe.lib.umn.edu/main-entry/memwech-adv-man
mashi,mashiw2,ADVTmp,ADVTmp,NONE,https://ojibwe.lib.umn.edu/main-entry/mashi-adv-tmp
meshkod,meshkod,ADVMan,ADVMan,NONE,https://ojibwe.lib.umn.edu/main-entry/meshkod-adv-man
mayaa,mayaa,ADVDeg,ADVDeg,NONE,https://ojibwe.lib.umn.edu/main-entry/mayaa-adv-deg
mayaawaaj,mayaawaaj,ADVDeg,ADVDeg,NONE,UnpublishedOPD
mayaawaya'ii,mayaawaya'ii,ADVLoc,ADVLoc,NONE,UnpublishedOPD
mayaawikana,mayaawikanaw2,ADVLoc,ADVLoc,NONE,UnpublishedOPD
mayaawindib,mayaawindib,ADVLoc,ADVLoc,NONE,UnpublishedOPD
megwaa,megwaa,ADVTmp,ADVTmp,NONE,https://ojibwe.lib.umn.edu/main-entry/megwaa-adv-tmp
meshkwad,meshkwad,ADVMan,ADVMan,NONE,https://ojibwe.lib.umn.edu/main-entry/meshkwad-adv-man
megwaakwaa,megwaakwaa,ADVLoc,ADVLoc,NONE,UnpublishedOPD
megwaakwaang,megwaakwaang,ADVLoc,ADVLoc,NONE,UnpublishedOPD
megwaandag,megwaandag,ADVLoc,ADVLoc,NONE,UnpublishedOPD
jaajiibaan,jaajiibaan,ADVLoc,ADVLoc,NONE,UnpublishedOPD
maawiin,maawiin,ADVMan,ADVMan,NONE,https://ojibwe.lib.umn.edu/main-entry/maawiin-adv-man
midaaso-anama'e-giizhigad,midaaso-anama'e-giizhigad,ADVTmp,ADVTmp,NONE,https://ojibwe.lib.umn.edu/main-entry/midaaso-anama-e-giizhigad-adv-tmp
meta,metaw2,ADVMan,ADVMan,NONE,https://ojibwe.lib.umn.edu/main-entry/meta-adv-man
miinooch,miinooch,ADVMan,ADVMan,NONE,UnpublishedOPD
mewinzha,mewinzhaw2,ADVTmp,ADVTmp,NONE,https://ojibwe.lib.umn.edu/main-entry/mewinzha-adv-tmp
midaasonik,midaasonik,ADVLoc,ADVLoc,NONE,UnpublishedOPD
mitaabik,mitaabik,ADVLoc,ADVLoc,NONE,https://ojibwe.lib.umn.edu/main-entry/mitaabik-adv-loc
miish,miish,ADVPred,ADVPred,NONE,https://ojibwe.lib.umn.edu/main-entry/miish-adv-pred
mitaagonag,mitaagonag,ADVLoc,ADVLoc,NONE,https://ojibwe.lib.umn.edu/main-entry/mitaagonag-adv-loc
michaya'ii,michaya'ii,ADVLoc,ADVLoc,NONE,https://ojibwe.lib.umn.edu/main-entry/michaya-ii-adv-loc
mitaagwanag,mitaagwanag,ADVLoc,ADVLoc,NONE,UnpublishedOPD
michayi'ii,michayi'ii,ADVLoc,ADVLoc,NONE,https://ojibwe.lib.umn.edu/main-entry/michayi-ii-adv-loc
mitikwam,mitikwam,ADVLoc,ADVLoc,NONE,https://ojibwe.lib.umn.edu/main-entry/mitikwam-adv-loc
miziwe,miziwe,ADVLoc,ADVLoc,NONE,https://ojibwe.lib.umn.edu/main-entry/miziwe-adv-loc
mii,mii,ADVPred,ADVPred,NONE,https://ojibwe.lib.umn.edu/main-entry/mii-adv-pred
miidaag,miidaag,ADVLoc,ADVLoc,NONE,UnpublishedOPD
miidaagwe-aya'ii,miidaagwe-aya'ii,ADVLoc,ADVLoc,NONE,UnpublishedOPD
mitaamik,mitaamik,ADVLoc,ADVLoc,NONE,https://ojibwe.lib.umn.edu/main-entry/mitaamik-adv-loc
mitaanaamik,mitaanaamik,ADVLoc,ADVLoc,NONE,UnpublishedOPD
mishawagaam,mishawagaam,ADVLoc,ADVLoc,NONE,https://ojibwe.lib.umn.edu/main-entry/mishawagaam-adv-loc
miziwekamig,miziwekamig,ADVLoc,ADVLoc,NONE,https://ojibwe.lib.umn.edu/main-entry/miziwekamig-adv-loc
mishawakamig,mishawakamig,ADVLoc,ADVLoc,NONE,https://ojibwe.lib.umn.edu/main-entry/mishawakamig-adv-loc
michishkiwag,michishkiwag,ADVLoc,ADVLoc,NONE,UnpublishedOPD
michishkode,michishkode,ADVLoc,ADVLoc,NONE,UnpublishedOPD
mishawashkode,mishawashkodew,ADVLoc,ADVLoc,NONE,https://ojibwe.lib.umn.edu/main-entry/mishawashkode-ni
mishawashkodeng,mishawashkodeng,ADVLoc,ADVLoc,NONE,https://ojibwe.lib.umn.edu/main-entry/mishawashkodeng-adv-loc
mishawikwam,mishawikwam,ADVLoc,ADVLoc,NONE,https://ojibwe.lib.umn.edu/main-entry/mishawikwam-adv-loc
mishawisag,mishawisag,ADVLoc,ADVLoc,NONE,https://ojibwe.lib.umn.edu/main-entry/mishawisag-adv-loc
midaaching,midaaching,ADVTmp,ADVTmp,NONE,https://ojibwe.lib.umn.edu/main-entry/midaaching-adv-tmp
mishawishkodeng,mishawishkodeng,ADVLoc,ADVLoc,NONE,UnpublishedOPD
minjiniizh,minjiniizh,ADVLoc,ADVLoc,NONE,UnpublishedOPD
naage,naage,ADVTmp,ADVTmp,NONE,https://ojibwe.lib.umn.edu/main-entry/naage-adv-tmp
mitadaawang,mitadaawang,ADVLoc,ADVLoc,NONE,UnpublishedOPD
naaniibowa,naaniibowaw2,ADVQnt,ADVQnt,NONE,https://ojibwe.lib.umn.edu/main-entry/naaniibowa-adv-qnt
mitakamig,mitakamig,ADVLoc,ADVLoc,NONE,https://ojibwe.lib.umn.edu/main-entry/mitakamig-adv-loc
mitashk,mitashk,ADVLoc,ADVLoc,NONE,UnpublishedOPD
mitashkosiw,mitashkosiw,ADVLoc,ADVLoc,NONE,UnpublishedOPD
naawandesi,naawandesiw2,ADVLoc,ADVLoc,NONE,UnpublishedOPD
naawashkiig,naawashkiig,ADVLoc,ADVLoc,NONE,https://ojibwe.lib.umn.edu/main-entry/naawashkiig-adv-loc
mizhisha,mizhishaw2,ADVLoc,ADVLoc,NONE,https://ojibwe.lib.umn.edu/main-entry/mizhisha-adv-loc
minik,minik,ADVQnt,ADVQnt,NONE,https://ojibwe.lib.umn.edu/main-entry/minik-adv-qnt
mizhishaw,mizhishaw,ADVLoc,ADVLoc,NONE,UnpublishedOPD
naanaakaw,naanaakaw,ADVTmp,ADVTmp,NONE,UnpublishedOPD
na'egaaj,na'egaaj,ADVMan,ADVMan,NONE,https://ojibwe.lib.umn.edu/main-entry/na-egaaj-adv-man
naanaasaab,naanaasaab,ADVMan,ADVMan,NONE,UnpublishedOPD
naanaawagaam,naanaawagaam,ADVLoc,ADVLoc,NONE,https://ojibwe.lib.umn.edu/main-entry/naanaawagaam-adv-loc
naanaawigichigami,naanaawigichigamiw2,ADVLoc,ADVLoc,NONE,UnpublishedOPD
naanaawiya'ii,naanaawiya'ii,ADVLoc,ADVLoc,NONE,UnpublishedOPD
mizhishawakamig,mizhishawakamig,ADVLoc,ADVLoc,NONE,UnpublishedOPD
mishishaw,mishishaw,ADVLoc,ADVLoc,NONE,UnpublishedOPD
naawashkosiw,naawashkosiw,ADVLoc,ADVLoc,NONE,https://ojibwe.lib.umn.edu/main-entry/naawashkosiw-adv-loc
miinange,miinange,ADVDeg,ADVDeg,NONE,https://ojibwe.lib.umn.edu/main-entry/miinange-adv-deg
naaning,naaning,ADVTmp,ADVTmp,NONE,https://ojibwe.lib.umn.edu/main-entry/naaning-adv-tmp
naawaya'ii,naawaya'ii,ADVLoc,ADVLoc,NONE,https://ojibwe.lib.umn.edu/main-entry/naawaya-ii-adv-loc
naaningim,naaningim,ADVTmp,ADVTmp,NONE,https://ojibwe.lib.umn.edu/main-entry/naaningim-adv-tmp
naawayi'ii,naawayi'ii,ADVLoc,ADVLoc,NONE,https://ojibwe.lib.umn.edu/main-entry/naawayi-ii-adv-loc
naaweg,naaweg,ADVLoc,ADVLoc,NONE,https://ojibwe.lib.umn.edu/main-entry/naaweg-adv-num
naaningoding,naaningoding,ADVTmp,ADVTmp,NONE,https://ojibwe.lib.umn.edu/main-entry/naaningoding-adv-tmp
mizhishawashkosiw,mizhishawashkosiw,ADVLoc,ADVLoc,NONE,UnpublishedOPD
naaningodinong,naaningodinong,ADVTmp,ADVTmp,NONE,https://ojibwe.lib.umn.edu/main-entry/naaningodinong-adv-tmp
na'idaa,na'idaa,ADVTmp,ADVTmp,NONE,https://ojibwe.lib.umn.edu/main-entry/na-idaa-adv-tmp
naawi-baawitig,naawi-baawitig,ADVLoc,ADVLoc,NONE,https://ojibwe.lib.umn.edu/main-entry/naawi-baawitig-adv-loc
na'idaag,na'idaag,ADVMan,ADVMan,NONE,https://ojibwe.lib.umn.edu/main-entry/na-idaag-adv-man
naawi-gitigaan,naawi-gitigaan,ADVLoc,ADVLoc,NONE,UnpublishedOPD
naawi-minis,naawi-minis,ADVLoc,ADVLoc,NONE,https://ojibwe.lib.umn.edu/main-entry/naawi-minis-adv-loc
naawi-minisinaakwaa,naawi-minisinaakwaa,ADVLoc,ADVLoc,NONE,UnpublishedOPD
naawi-waazh,naawi-waazh,ADVLoc,ADVLoc,NONE,https://ojibwe.lib.umn.edu/main-entry/naawi-waazh-adv-loc
moozhag,moozhag,ADVTmp,ADVTmp,NONE,https://ojibwe.lib.umn.edu/main-entry/moozhag-adv-tmp
mizhishawi-gichigami,mizhishawi-gichigamiw2,ADVLoc,ADVLoc,NONE,UnpublishedOPD
naawi-zaaga'igan,naawi-zaaga'igan,ADVLoc,ADVLoc,NONE,UnpublishedOPD
naawi-ziibi,naawi-ziibiw2,ADVLoc,ADVLoc,NONE,https://ojibwe.lib.umn.edu/main-entry/naawi-ziibi-adv-loc
naanabem,naanabem,ADVMan,ADVMan,NONE,https://ojibwe.lib.umn.edu/main-entry/naanabem-adv-man
mizhishawikwam,mizhishawikwam,ADVLoc,ADVLoc,NONE,https://ojibwe.lib.umn.edu/main-entry/mizhishawikwam-adv-loc
namandoonag,namandoonag,ADVLoc,ADVLoc,NONE,UnpublishedOPD
naasaab,naasaab,ADVMan,ADVMan,NONE,https://ojibwe.lib.umn.edu/main-entry/naasaab-adv-man
mizhishawisag,mizhishawisag,ADVLoc,ADVLoc,NONE,UnpublishedOPD
nabaawish,nabaawish,ADVMan,ADVMan,NONE,UnpublishedOPD
naawidiniigan,naawidiniigan,ADVLoc,ADVLoc,NONE,UnpublishedOPD
naawigatig,naawigatig,ADVLoc,ADVLoc,NONE,https://ojibwe.lib.umn.edu/main-entry/naawigatig-adv-loc
naawigichigami,naawigichigamiw2,ADVLoc,ADVLoc,NONE,UnpublishedOPD
naadagaam,naadagaam,ADVLoc,ADVLoc,NONE,UnpublishedOPD
nagik,nagik,ADVMan,ADVMan,NONE,UnpublishedOPD
naawij,naawij,ADVLoc,ADVLoc,NONE,https://ojibwe.lib.umn.edu/main-entry/naawij-adv-loc
naawijiwan,naawijiwan,ADVLoc,ADVLoc,NONE,UnpublishedOPD
naawikana,naawikanaw2,ADVLoc,ADVLoc,NONE,https://ojibwe.lib.umn.edu/main-entry/naawikana-adv-loc
naawisag,naawisag,ADVLoc,ADVLoc,NONE,https://ojibwe.lib.umn.edu/main-entry/naawisag-adv-loc
naawishkode,naawishkode,ADVLoc,ADVLoc,NONE,https://ojibwe.lib.umn.edu/main-entry/naawishkode-adv-loc
naawishkwaand,naawishkwaand,ADVLoc,ADVLoc,NONE,https://ojibwe.lib.umn.edu/main-entry/naawishkwaand-adv-loc
naawishtigwaan,naawishtigwaan,ADVLoc,ADVLoc,NONE,UnpublishedOPD
naawiskatig,naawiskatig,ADVLoc,ADVLoc,NONE,https://ojibwe.lib.umn.edu/main-entry/naawiskatig-adv-loc
nabane-aya'ii,nabane-aya'ii,ADVLoc,ADVLoc,NONE,https://ojibwe.lib.umn.edu/main-entry/nabane-aya-ii-adv-loc
nabane-ayi'ii,nabane-ayi'ii,ADVLoc,ADVLoc,NONE,UnpublishedOPD
nake-ayi'ii,nake-ayi'ii,ADVLoc,ADVLoc,NONE,UnpublishedOPD
naawizid,naawizid,ADVLoc,ADVLoc,NONE,https://ojibwe.lib.umn.edu/main-entry/naawizid-adv-loc
nabanegaad,nabanegaad,ADVLoc,ADVLoc,NONE,UnpublishedOPD
naawaajiwan,naawaajiwan,ADVLoc,ADVLoc,NONE,https://ojibwe.lib.umn.edu/main-entry/naawaajiwan-adv-loc
naawizigokwaandib,naawizigokwaandib,ADVLoc,ADVLoc,NONE,UnpublishedOPD
nakeya'ii,nakeya'ii,ADVLoc,ADVLoc,NONE,UnpublishedOPD
naawaakigan,naawaakigan,ADVLoc,ADVLoc,NONE,https://ojibwe.lib.umn.edu/main-entry/naawaakigan-adv-loc
naawoodena,naawoodenaw2,ADVLoc,ADVLoc,NONE,https://ojibwe.lib.umn.edu/main-entry/naawoodena-adv-loc
naawoonag,naawoonag,ADVLoc,ADVLoc,NONE,https://ojibwe.lib.umn.edu/main-entry/naawoonag-adv-loc
naawaakwaa,naawaakwaa,ADVLoc,ADVLoc,NONE,https://ojibwe.lib.umn.edu/main-entry/naawaakwaa-adv-loc
naawaatig,naawaatig,ADVLoc,ADVLoc,NONE,UnpublishedOPD
naawaawigan,naawaawigan,ADVLoc,ADVLoc,NONE,https://ojibwe.lib.umn.edu/main-entry/naawaawigan-adv-loc
nabanekizin,nabanekizin,ADVLoc,ADVLoc,NONE,UnpublishedOPD
naayoonag,naayoonag,ADVLoc,ADVLoc,NONE,UnpublishedOPD
naanonik,naanonik,ADVLoc,ADVLoc,NONE,UnpublishedOPD
naabisa,naabisaw2,ADVMan,ADVMan,NONE,https://ojibwe.lib.umn.edu/main-entry/naabisa-adv-man
nabanenik,nabanenik,ADVLoc,ADVLoc,NONE,UnpublishedOPD
nanaasawaya'ii,nanaasawaya'ii,ADVLoc,ADVLoc,NONE,https://ojibwe.lib.umn.edu/main-entry/nanaasawaya-ii-adv-loc
nanaaswayi'ii,nanaaswayi'ii,ADVLoc,ADVLoc,NONE,UnpublishedOPD
nabaneninj,nabaneninj,ADVLoc,ADVLoc,NONE,UnpublishedOPD
nabaneshkiinzhig,nabaneshkiinzhig,ADVLoc,ADVLoc,NONE,UnpublishedOPD
naamiwan,naamiwan,ADVLoc,ADVLoc,NONE,UnpublishedOPD
nabanetawag,nabanetawag,ADVLoc,ADVLoc,NONE,UnpublishedOPD
nabaneya'ii,nabaneya'ii,ADVLoc,ADVLoc,NONE,https://ojibwe.lib.umn.edu/main-entry/nabaneya-ii-adv-loc
naanookik,naanookik,ADVLoc,ADVLoc,NONE,https://ojibwe.lib.umn.edu/main-entry/naanookik-adv-loc
nabaneyaawigan,nabaneyaawigan,ADVLoc,ADVLoc,NONE,UnpublishedOPD
naawajiw,naawajiw,ADVLoc,ADVLoc,NONE,UnpublishedOPD
naawakamig,naawakamig,ADVLoc,ADVLoc,NONE,https://ojibwe.lib.umn.edu/main-entry/naawakamig-adv-loc
nabanezid,nabanezid,ADVLoc,ADVLoc,NONE,UnpublishedOPD
naanoomaya,naanoomayaw2,ADVTmp,ADVTmp,NONE,https://ojibwe.lib.umn.edu/main-entry/naanoomaya-adv-tmp
naawakwaa,naawakwaa,ADVLoc,ADVLoc,NONE,UnpublishedOPD
naana'idaa,naana'idaa,ADVTmp,ADVTmp,NONE,UnpublishedOPD
naagaj,naagaj,ADVQnt,ADVQnt,NONE,https://ojibwe.lib.umn.edu/main-entry/naagaj-adv-qnt
misawaa,misawaa,ADVGram,ADVGram,NONE,https://ojibwe.lib.umn.edu/main-entry/misawaa-adv-gram
miinooj,miinooj,ADVMan,ADVMan,NONE,https://ojibwe.lib.umn.edu/main-entry/miinooj-adv-man
naawagaam,naawagaam,ADVLoc,ADVLoc,NONE,https://ojibwe.lib.umn.edu/main-entry/naawagaam-adv-loc
miinawaa,miinawaa,ADVConj,ADVConj,NONE,https://ojibwe.lib.umn.edu/main-entry/miinawaa-adv-conj
naawikwam,naawikwam,ADVLoc,ADVLoc,NONE,https://ojibwe.lib.umn.edu/main-entry/naawikwam-adv-loc
naawakwam,naawakwam,ADVLoc,ADVLoc,NONE,https://ojibwe.lib.umn.edu/main-entry/naawakwam-adv-loc
nasine,nasine,ADVTmp,ADVTmp,NONE,UnpublishedOPD
neyaab,neyaab,ADVMan,ADVMan,NONE,https://ojibwe.lib.umn.edu/main-entry/neyaab-adv-man
nena'idaa,nena'idaa,ADVTmp,ADVTmp,NONE,https://ojibwe.lib.umn.edu/main-entry/nena-idaa-adv-tmp
nena'idaag,nena'idaag,ADVTmp,ADVTmp,NONE,UnpublishedOPD
ngaabii'anong,ngaabii'anong,ADVLoc,ADVLoc,NONE,UnpublishedOPD
nawaj,nawaj,ADVDeg,ADVDeg,NONE,https://ojibwe.lib.umn.edu/main-entry/nawaj-adv-deg
nenabaawizh,nenabaawizh,ADVMan,ADVMan,NONE,UnpublishedOPD
nenabwaawish,nenabwaawish,ADVMan,ADVMan,NONE,UnpublishedOPD
niiseya'ii,niiseya'ii,ADVLoc,ADVLoc,NONE,UnpublishedOPD
neniibowa,neniibowaw2,ADVQnt,ADVQnt,NONE,https://ojibwe.lib.umn.edu/main-entry/neniibowa-adv-qnt
napaaj,napaaj,ADVLoc,ADVLoc,NONE,https://ojibwe.lib.umn.edu/main-entry/napaaj-adv-loc
napaajaya'ii,napaajaya'ii,ADVLoc,ADVLoc,NONE,https://ojibwe.lib.umn.edu/main-entry/napaajaya-ii-adv-loc
napaajayi'ii,napaajayi'ii,ADVLoc,ADVLoc,NONE,UnpublishedOPD
napaaji-ayi'ii,napaaji-ayi'ii,ADVLoc,ADVLoc,NONE,UnpublishedOPD
niizhing,niizhing,ADVTmp,ADVTmp,NONE,https://ojibwe.lib.umn.edu/main-entry/niizhing-adv-tmp
niibinong,niibinong,ADVTmp,ADVTmp,NONE,https://ojibwe.lib.umn.edu/main-entry/niibinong-adv-tmp
niisaabik,niisaabik,ADVLoc,ADVLoc,NONE,UnpublishedOPD
nayaag,nayaag,ADVTmp,ADVTmp,NONE,https://ojibwe.lib.umn.edu/main-entry/nayaag-adv-tmp
niibiwa,niibiwaw2,ADVQnt,ADVQnt,NONE,https://ojibwe.lib.umn.edu/main-entry/niibiwa-adv-qnt
nayenzh,nayenzh,ADVQnt,ADVQnt,NONE,UnpublishedOPD
niibowa,niibowaw2,ADVQnt,ADVQnt,NONE,https://ojibwe.lib.umn.edu/main-entry/niibowa-adv-qnt
ngoji,ngojiw2,ADVLoc,ADVLoc,NONE,UnpublishedOPD
niizhwaasonik,niizhwaasonik,ADVLoc,ADVLoc,NONE,UnpublishedOPD
niigaan,niigaan,ADVLoc,ADVLoc,NONE,https://ojibwe.lib.umn.edu/main-entry/niigaan-adv-loc
niisaaki,niisaakiw2,ADVLoc,ADVLoc,NONE,https://ojibwe.lib.umn.edu/main-entry/niisaaki-adv-loc
niibaa-dibik,niibaa-dibik,ADVTmp,ADVTmp,NONE,https://ojibwe.lib.umn.edu/main-entry/niibaa-dibik-adv-tmp
niisaakii,niisaakii,ADVLoc,ADVLoc,NONE,UnpublishedOPD
ningoding,ningoding,ADVTmp,ADVTmp,NONE,https://ojibwe.lib.umn.edu/main-entry/ningoding-adv-tmp
niibaadibik,niibaadibik,ADVTmp,ADVTmp,NONE,UnpublishedOPD
nishikaaj,nishikaaj,ADVMan,ADVMan,NONE,UnpublishedOPD
ningodwaaching,ningodwaaching,ADVTmp,ADVTmp,NONE,https://ojibwe.lib.umn.edu/main-entry/ningodwaaching-adv-tmp
ndawaa,ndawaa,ADVMan,ADVMan,NONE,UnpublishedOPD
ndawaaj,ndawaaj,ADVMan,ADVMan,NONE,UnpublishedOPD
niizhwaaching,niizhwaaching,ADVTmp,ADVTmp,NONE,https://ojibwe.lib.umn.edu/main-entry/niizhwaaching-adv-tmp
ndigo,ndigow2,ADVGram,ADVGram,NONE,UnpublishedOPD
niisinigam,niisinigam,ADVLoc,ADVLoc,NONE,UnpublishedOPD
nising,nising,ADVTmp,ADVTmp,NONE,https://ojibwe.lib.umn.edu/main-entry/nising-adv-tmp
niizhwaakwa'aagan,niizhwaakwa'aagan,ADVLoc,ADVLoc,NONE,UnpublishedOPD
niiyonik,niiyonik,ADVLoc,ADVLoc,NONE,UnpublishedOPD
niizhonik,niizhonik,ADVLoc,ADVLoc,NONE,UnpublishedOPD
noomag,noomag,ADVTmp,ADVTmp,NONE,https://ojibwe.lib.umn.edu/main-entry/noomag-adv-tmp
niiwing,niiwing,ADVTmp,ADVTmp,NONE,https://ojibwe.lib.umn.edu/main-entry/niiwing-adv-tmp
nizhike,nizhike,ADVMan,ADVMan,NONE,UnpublishedOPD
noongom,noongom,ADVTmp,ADVTmp,NONE,https://ojibwe.lib.umn.edu/main-entry/noongom-adv-tmp
niisajiw,niisajiw,ADVLoc,ADVLoc,NONE,UnpublishedOPD
noomaya,noomayaw2,ADVTmp,ADVTmp,NONE,https://ojibwe.lib.umn.edu/main-entry/noomaya-adv-tmp
noopimiing,noopimiing,ADVLoc,ADVLoc,NONE,https://ojibwe.lib.umn.edu/main-entry/noopimiing-adv-loc
noopiming,noopiming,ADVLoc,ADVLoc,NONE,https://ojibwe.lib.umn.edu/main-entry/noopiming-adv-loc
odaanaang,odaanaang,ADVLoc,ADVLoc,NONE,https://ojibwe.lib.umn.edu/main-entry/odaanaang-adv-tmp
nisawaajiwan,nisawaajiwan,ADVLoc,ADVLoc,NONE,https://ojibwe.lib.umn.edu/main-entry/nisawaajiwan-adv-loc
nindawaaj,nindawaaj,ADVMan,ADVMan,NONE,UnpublishedOPD
nindigo,nindigow2,ADVMan,ADVMan,NONE,https://ojibwe.lib.umn.edu/main-entry/nindigo-adv-man
nisawaakwaa,nisawaakwaa,ADVLoc,ADVLoc,NONE,UnpublishedOPD
nisawaawigan,nisawaawigan,ADVLoc,ADVLoc,NONE,UnpublishedOPD
nisawakigan,nisawakigan,ADVLoc,ADVLoc,NONE,UnpublishedOPD
nisawayi'ii,nisawayi'ii,ADVLoc,ADVLoc,NONE,https://ojibwe.lib.umn.edu/main-entry/nisawayi-ii-adv-loc
nisawe'ya'ii,nisawe'ya'ii,ADVLoc,ADVLoc,NONE,UnpublishedOPD
ningaabii'anong,ningaabii'anong,ADVLoc,ADVLoc,NONE,https://ojibwe.lib.umn.edu/main-entry/ningaabii-anong-adv-loc
nisaweya'ii,nisaweya'ii,ADVLoc,ADVLoc,NONE,UnpublishedOPD
nisawi-jiimaan,nisawi-jiimaan,ADVLoc,ADVLoc,NONE,UnpublishedOPD
nisawi-zaaga'igan,nisawi-zaaga'igan,ADVLoc,ADVLoc,NONE,UnpublishedOPD
nisawigamig,nisawigamig,ADVLoc,ADVLoc,NONE,https://ojibwe.lib.umn.edu/main-entry/nisawigamig-adv-loc
nisonik,nisonik,ADVLoc,ADVLoc,NONE,UnpublishedOPD
nisawoonag,nisawoonag,ADVLoc,ADVLoc,NONE,UnpublishedOPD
ningoji,ningojiw2,ADVLoc,ADVLoc,NONE,https://ojibwe.lib.umn.edu/main-entry/ningoji-adv-loc
nitam,nitam,ADVLoc,ADVLoc,NONE,https://ojibwe.lib.umn.edu/main-entry/nitam-adv-loc
ogichinik,ogichinik,ADVLoc,ADVLoc,NONE,UnpublishedOPD
nishwaaching,nishwaaching,ADVTmp,ADVTmp,NONE,https://ojibwe.lib.umn.edu/main-entry/nishwaaching-adv-tmp
ogichinikaang,ogichinikaang,ADVLoc,ADVLoc,NONE,UnpublishedOPD
ogidaabik,ogidaabik,ADVLoc,ADVLoc,NONE,https://ojibwe.lib.umn.edu/main-entry/ogidaabik-adv-loc
ogidaagonag,ogidaagonag,ADVLoc,ADVLoc,NONE,https://ojibwe.lib.umn.edu/main-entry/ogidaagonag-adv-loc
ogidaajiwan,ogidaajiwan,ADVLoc,ADVLoc,NONE,https://ojibwe.lib.umn.edu/main-entry/ogidaajiwan-adv-loc
ogidaajiwanong,ogidaajiwanong,ADVLoc,ADVLoc,NONE,UnpublishedOPD
ogidaaki,ogidaakiw2,ADVLoc,ADVLoc,NONE,https://ojibwe.lib.umn.edu/main-entry/ogidaaki-adv-loc
ogidaatig,ogidaatig,ADVLoc,ADVLoc,NONE,https://ojibwe.lib.umn.edu/main-entry/ogidaatig-adv-loc
ogidabak,ogidabak,ADVLoc,ADVLoc,NONE,https://ojibwe.lib.umn.edu/main-entry/ogidabak-adv-loc
ogidajiw,ogidajiw,ADVLoc,ADVLoc,NONE,https://ojibwe.lib.umn.edu/main-entry/ogidajiw-adv-loc
nowaach,nowaach,ADVMan,ADVMan,NONE,UnpublishedOPD
ogidakamig,ogidakamig,ADVLoc,ADVLoc,NONE,https://ojibwe.lib.umn.edu/main-entry/ogidakamig-adv-loc
ogidashkiig,ogidashkiig,ADVLoc,ADVLoc,NONE,UnpublishedOPD
ogidashkosiw,ogidashkosiw,ADVLoc,ADVLoc,NONE,UnpublishedOPD
ogidashkwemag,ogidashkwemag,ADVLoc,ADVLoc,NONE,UnpublishedOPD
ogidasin,ogidasin,ADVLoc,ADVLoc,NONE,UnpublishedOPD
ogidibiig,ogidibiig,ADVLoc,ADVLoc,NONE,https://ojibwe.lib.umn.edu/main-entry/ogidibiig-adv-loc
o'omaa,o'omaa,ADVLoc,ADVLoc,NONE,https://ojibwe.lib.umn.edu/main-entry/o-omaa-adv-loc
ogidikwam,ogidikwam,ADVLoc,ADVLoc,NONE,UnpublishedOPD
ogidiskwam,ogidiskwam,ADVLoc,ADVLoc,NONE,UnpublishedOPD
o'owidi,o'owidiw2,ADVLoc,ADVLoc,NONE,https://ojibwe.lib.umn.edu/main-entry/o-owidi-adv-loc
ogijaya'ii,ogijaya'ii,ADVLoc,ADVLoc,NONE,https://ojibwe.lib.umn.edu/main-entry/ogijaya-ii-adv-loc
ogijayi'ii,ogijayi'ii,ADVLoc,ADVLoc,NONE,https://ojibwe.lib.umn.edu/main-entry/ogijayi-ii-adv-loc
ogiji-adoopowin,ogiji-adoopowin,ADVLoc,ADVLoc,NONE,https://ojibwe.lib.umn.edu/main-entry/ogiji-adoopowin-adv-loc
ogiji-adoopowinaakong,ogiji-adoopowinaakong,ADVLoc,ADVLoc,NONE,UnpublishedOPD
ogiji-asin,ogiji-asin,ADVLoc,ADVLoc,NONE,UnpublishedOPD
ogiji-ataason,ogiji-ataason,ADVLoc,ADVLoc,NONE,UnpublishedOPD
ogiji-mitig,ogiji-mitig,ADVLoc,ADVLoc,NONE,UnpublishedOPD
ogiji-nibaagan,ogiji-nibaagan,ADVLoc,ADVLoc,NONE,UnpublishedOPD
ogiji-nibaaganing,ogiji-nibaaganing,ADVLoc,ADVLoc,NONE,UnpublishedOPD
ogijibag,ogijibag,ADVLoc,ADVLoc,NONE,UnpublishedOPD
ogiidaajiwan,ogiidaajiwan,ADVLoc,ADVLoc,NONE,https://ojibwe.lib.umn.edu/main-entry/ogiidaajiwan-adv-loc
neniibiwa,neniibiwaw2,ADVQnt,ADVQnt,NONE,https://ojibwe.lib.umn.edu/main-entry/neniibiwa-adv-qnt
niisisag,niisisag,ADVLoc,ADVLoc,NONE,https://ojibwe.lib.umn.edu/main-entry/niisisag-adv-loc
nisawaya'ii,nisawaya'ii,ADVLoc,ADVLoc,NONE,https://ojibwe.lib.umn.edu/main-entry/nisawaya-ii-adv-loc
ogidigamig,ogidigamig,ADVLoc,ADVLoc,NONE,https://ojibwe.lib.umn.edu/main-entry/ogidigamig-adv-loc
niisaajiwan,niisaajiwan,ADVLoc,ADVLoc,NONE,https://ojibwe.lib.umn.edu/main-entry/niisaajiwan-adv-loc
niisaya'ii,niisaya'ii,ADVLoc,ADVLoc,NONE,https://ojibwe.lib.umn.edu/main-entry/niisaya-ii-adv-loc
niisayi'ii,niisayi'ii,ADVLoc,ADVLoc,NONE,https://ojibwe.lib.umn.edu/main-entry/niisayi-ii-adv-loc
ogimaanaang,ogimaanaang,ADVLoc,ADVLoc,NONE,UnpublishedOPD
ogonew,ogonew,ADVLoc,ADVLoc,NONE,UnpublishedOPD
omaa,omaa,ADVLoc,ADVLoc,NONE,https://ojibwe.lib.umn.edu/main-entry/omaa-adv-loc
owidi,owidiw2,ADVLoc,ADVLoc,NONE,https://ojibwe.lib.umn.edu/main-entry/owidi-adv-loc
onamanjinik,onamanjinik,ADVLoc,ADVLoc,NONE,UnpublishedOPD
ondaas,ondaas,ADVLoc,ADVLoc,NONE,https://ojibwe.lib.umn.edu/main-entry/ondaas-adv-loc
ondaasaakwaa,ondaasaakwaa,ADVLoc,ADVLoc,NONE,UnpublishedOPD
ondaasaatig,ondaasaatig,ADVLoc,ADVLoc,NONE,https://ojibwe.lib.umn.edu/main-entry/ondaasaatig-adv-loc
ondaasagaam,ondaasagaam,ADVLoc,ADVLoc,NONE,https://ojibwe.lib.umn.edu/main-entry/ondaasagaam-adv-loc
ondaasajiw,ondaasajiw,ADVLoc,ADVLoc,NONE,UnpublishedOPD
ondaasamajiw,ondaasamajiw,ADVLoc,ADVLoc,NONE,UnpublishedOPD
ondaasayi'ii,ondaasayi'ii,ADVLoc,ADVLoc,NONE,https://ojibwe.lib.umn.edu/main-entry/ondaasayi-ii-adv-loc
ogijijiishkiwag,ogijijiishkiwag,ADVLoc,ADVLoc,NONE,UnpublishedOPD
ogijindib,ogijindib,ADVLoc,ADVLoc,NONE,UnpublishedOPD
ogijizigwang,ogijizigwang,ADVLoc,ADVLoc,NONE,UnpublishedOPD
ondaasi-ziibi,ondaasi-ziibiw2,ADVLoc,ADVLoc,NONE,UnpublishedOPD
ondaasikana,ondaasikanaw2,ADVLoc,ADVLoc,NONE,https://ojibwe.lib.umn.edu/main-entry/ondaasikana-adv-loc
ondaasinakegaam,ondaasinakegaam,ADVLoc,ADVLoc,NONE,UnpublishedOPD
ondaasishkode,ondaasishkode,ADVLoc,ADVLoc,NONE,https://ojibwe.lib.umn.edu/main-entry/ondaasishkode-adv-loc
onji,onjiw2,ADVLoc,ADVLoc,NONE,UnpublishedOPD
waakaayaya'ii,waakaayaya'ii,ADVLoc,ADVLoc,NONE,UnpublishedOPD
waasa,waasaw2,ADVLoc,ADVLoc,NONE,https://ojibwe.lib.umn.edu/main-entry/waasa-adv-loc
waakwaandesiing,waakwaandesiing,ADVLoc,ADVLoc,NONE,https://ojibwe.lib.umn.edu/main-entry/waakwaandesiing-adv-loc
opime-ayi'ii,opime-ayi'ii,ADVLoc,ADVLoc,NONE,https://ojibwe.lib.umn.edu/main-entry/opime-ayi-ii-adv-loc
opimekana,opimekanaw2,ADVLoc,ADVLoc,NONE,https://ojibwe.lib.umn.edu/main-entry/opimekana-adv-loc
opimenaw,opimenaw,ADVLoc,ADVLoc,NONE,UnpublishedOPD
onjida,onjidaw2,ADVMan,ADVMan,NONE,https://ojibwe.lib.umn.edu/main-entry/onjida-adv-man
pane,pane,ADVTmp,ADVTmp,NONE,https://ojibwe.lib.umn.edu/main-entry/pane-adv-tmp
opimeya'ii,opimeya'ii,ADVLoc,ADVLoc,NONE,https://ojibwe.lib.umn.edu/main-entry/opimeya-ii-adv-loc
opimeyaakigan,opimeyaakigan,ADVLoc,ADVLoc,NONE,UnpublishedOPD
opimeyaamajiw,opimeyaamajiw,ADVLoc,ADVLoc,NONE,UnpublishedOPD
waawiiba,waawiibaw2,ADVTmp,ADVTmp,NONE,https://ojibwe.lib.umn.edu/main-entry/waawiiba-adv-tmp
opimeyaatig,opimeyaatig,ADVLoc,ADVLoc,NONE,UnpublishedOPD
opimeyaawigan,opimeyaawigan,ADVLoc,ADVLoc,NONE,UnpublishedOPD
-sh,-sh,ADVConj,ADVConj,NONE,UnpublishedOPD
opimeyaya'ii,opimeyaya'ii,ADVLoc,ADVLoc,NONE,UnpublishedOPD
shi,shiw2,ADVConj,ADVConj,NONE,https://ojibwe.lib.umn.edu/main-entry/shi-adv-conj
waabanong,waabanong,ADVLoc,ADVLoc,NONE,https://ojibwe.lib.umn.edu/main-entry/waabanong-adv-loc
waawiikaa,waawiikaa,ADVTmp,ADVTmp,NONE,https://ojibwe.lib.umn.edu/main-entry/waawiikaa-adv-tmp
waakaa-aya'ii,waakaa-aya'ii,ADVLoc,ADVLoc,NONE,UnpublishedOPD
waasawekamig,waasawekamig,ADVLoc,ADVLoc,NONE,UnpublishedOPD
wanako-neyaashi,wanako-neyaashiw2,ADVLoc,ADVLoc,NONE,UnpublishedOPD
wanako-niminaandawaagan,wanako-niminaandawaagan,ADVLoc,ADVLoc,NONE,UnpublishedOPD
wagidaabik,wagidaabik,ADVLoc,ADVLoc,NONE,UnpublishedOPD
wanakodoon,wanakodoon,ADVLoc,ADVLoc,NONE,UnpublishedOPD
wagidaajiwan,wagidaajiwan,ADVLoc,ADVLoc,NONE,UnpublishedOPD
wagidaaki,wagidaakiw2,ADVLoc,ADVLoc,NONE,https://ojibwe.lib.umn.edu/main-entry/wagidaaki-adv-loc
wanakong,wanakong,ADVLoc,ADVLoc,NONE,https://ojibwe.lib.umn.edu/main-entry/wanakong-adv-loc
wagidaandag,wagidaandag,ADVLoc,ADVLoc,NONE,UnpublishedOPD
wagidajiw,wagidajiw,ADVLoc,ADVLoc,NONE,https://ojibwe.lib.umn.edu/main-entry/wagidajiw-adv-loc
wanakoonag,wanakoonag,ADVLoc,ADVLoc,NONE,UnpublishedOPD
wagidakamig,wagidakamig,ADVLoc,ADVLoc,NONE,https://ojibwe.lib.umn.edu/main-entry/wagidakamig-adv-loc
wanakwaandag,wanakwaandag,ADVLoc,ADVLoc,NONE,https://ojibwe.lib.umn.edu/main-entry/wanakwaandag-adv-loc
wagidasin,wagidasin,ADVLoc,ADVLoc,NONE,UnpublishedOPD
wanakwaanow,wanakwaanow,ADVLoc,ADVLoc,NONE,https://ojibwe.lib.umn.edu/main-entry/wanakwaanow-adv-loc
wagidibiig,wagidibiig,ADVLoc,ADVLoc,NONE,UnpublishedOPD
wanakwaanzow,wanakwaanzow,ADVLoc,ADVLoc,NONE,UnpublishedOPD
wagidigamig,wagidigamig,ADVLoc,ADVLoc,NONE,UnpublishedOPD
wagidiskwam,wagidiskwam,ADVLoc,ADVLoc,NONE,UnpublishedOPD
wagiidaajiwan,wagiidaajiwan,ADVLoc,ADVLoc,NONE,UnpublishedOPD
wagijayi'ii,wagijayi'ii,ADVLoc,ADVLoc,NONE,https://ojibwe.lib.umn.edu/main-entry/wagijayi-ii-adv-loc
wanakwayi'ii,wanakwayi'ii,ADVLoc,ADVLoc,NONE,UnpublishedOPD
wanakweya'ii,wanakweya'ii,ADVLoc,ADVLoc,NONE,UnpublishedOPD
wawaasa,wawaasaw2,ADVLoc,ADVLoc,NONE,UnpublishedOPD
wanimook,wanimook,ADVMan,ADVMan,NONE,UnpublishedOPD
wagidaagonag,wagidaagonag,ADVLoc,ADVLoc,NONE,https://ojibwe.lib.umn.edu/main-entry/wagidaagonag-adv-loc
wanakwaya'ii,wanakwaya'ii,ADVLoc,ADVLoc,NONE,https://ojibwe.lib.umn.edu/main-entry/wanakwaya-ii-adv-loc
opime-aya'ii,opime-aya'ii,ADVLoc,ADVLoc,NONE,https://ojibwe.lib.umn.edu/main-entry/opime-aya-ii-adv-loc
sh,sh,ADVConj,ADVConj,NONE,https://ojibwe.lib.umn.edu/main-entry/sh-adv-conj-e23f9dab-635e-4b4d-9f55-a5c37045d4d3
onzaam,onzaam,ADVQnt,ADVQnt,NONE,https://ojibwe.lib.umn.edu/main-entry/onzaam-adv-qnt
wekwaa-ziibi,wekwaa-ziibiw2,ADVLoc,ADVLoc,NONE,https://ojibwe.lib.umn.edu/main-entry/wekwaa-ziibi-adv-loc
wayekwaa-ayi'ii,wayekwaa-ayi'ii,ADVLoc,ADVLoc,NONE,UnpublishedOPD
wayekwaagam,wayekwaagam,ADVLoc,ADVLoc,NONE,UnpublishedOPD
wekwaandesiing,wekwaandesiing,ADVLoc,ADVLoc,NONE,UnpublishedOPD
wekwaasag,wekwaasag,ADVLoc,ADVLoc,NONE,https://ojibwe.lib.umn.edu/main-entry/wekwaasag-adv-loc
wayekwaandeg,wayekwaandeg,ADVLoc,ADVLoc,NONE,UnpublishedOPD
wewayiiba,wewayiibaw2,ADVTmp,ADVTmp,NONE,https://ojibwe.lib.umn.edu/main-entry/wewayiiba-adv-tmp
wawiikaa,wawiikaa,ADVTmp,ADVTmp,NONE,UnpublishedOPD
wawiinge,wawiinge,ADVMan,ADVMan,NONE,https://ojibwe.lib.umn.edu/main-entry/wawiinge-adv-man
wekwaataang,wekwaataang,ADVLoc,ADVLoc,NONE,UnpublishedOPD
wayekwaatig,wayekwaatig,ADVLoc,ADVLoc,NONE,UnpublishedOPD
wayekwaayi'ii,wayekwaayi'ii,ADVLoc,ADVLoc,NONE,UnpublishedOPD
wawiiyazh,wawiiyazh,ADVMan,ADVMan,NONE,UnpublishedOPD
wekwaayaakwaang,wekwaayaakwaang,ADVLoc,ADVLoc,NONE,UnpublishedOPD
wayeshkad,wayeshkad,ADVTmp,ADVTmp,NONE,https://ojibwe.lib.umn.edu/main-entry/wayeshkad-adv-tmp
wekweya'ii,wekweya'ii,ADVLoc,ADVLoc,NONE,UnpublishedOPD
wayiiba,wayiibaw2,ADVTmp,ADVTmp,NONE,https://ojibwe.lib.umn.edu/main-entry/wayiiba-adv-tmp
wayiikwaa-ayih'ii,wayiikwaa-ayih'ii,ADVLoc,ADVLoc,NONE,UnpublishedOPD
wayiikwaayaatig,wayiikwaayaatig,ADVLoc,ADVLoc,NONE,UnpublishedOPD
wayiingwe,wayiingwe,ADVDeg,ADVDeg,NONE,UnpublishedOPD
wemitigoozhiikaang,wemitigoozhiikaang,ADVLoc,ADVLoc,NONE,UnpublishedOPD
wawiyazh,wawiyazh,ADVMan,ADVMan,NONE,https://ojibwe.lib.umn.edu/main-entry/wawiyazh-adv-man
wiikwedaawangaang,wiikwedaawangaang,ADVLoc,ADVLoc,NONE,UnpublishedOPD
weweni,weweniw2,ADVMan,ADVMan,NONE,https://ojibwe.lib.umn.edu/main-entry/weweni-adv-man
wiikwegam,wiikwegam,ADVLoc,ADVLoc,NONE,UnpublishedOPD
wiikwesag,wiikwesag,ADVLoc,ADVLoc,NONE,UnpublishedOPD
wiikaa,wiikaa,ADVTmp,ADVTmp,NONE,https://ojibwe.lib.umn.edu/main-entry/wiikaa-adv-tmp
zaagidaw,zaagidaw,ADVLoc,ADVLoc,NONE,https://ojibwe.lib.umn.edu/main-entry/zaagidaw-adv-loc
wiikweteg,wiikweteg,ADVLoc,ADVLoc,NONE,UnpublishedOPD
weniban,weniban,ADVMan,ADVMan,NONE,https://ojibwe.lib.umn.edu/main-entry/weniban-adv-man
wewiib,wewiib,ADVMan,ADVMan,NONE,https://ojibwe.lib.umn.edu/main-entry/wewiib-adv-man
wiinge,wiinge,ADVDeg,ADVDeg,NONE,UnpublishedOPD
wegwaagi,wegwaagiw2,ADVMan,ADVMan,NONE,https://ojibwe.lib.umn.edu/main-entry/wegwaagi-adv-man
wekwaa-zaaga'igan,wekwaa-zaaga'igan,ADVLoc,ADVLoc,NONE,UnpublishedOPD
wenipazh,wenipazh,ADVMan,ADVMan,NONE,https://ojibwe.lib.umn.edu/main-entry/wenipazh-adv-man
wiiba,wiibaw2,ADVTmp,ADVTmp,NONE,https://ojibwe.lib.umn.edu/main-entry/wiiba-adv-tmp
zhaangaching,zhaangaching,ADVQnt,ADVQnt,NONE,https://ojibwe.lib.umn.edu/main-entry/zhaangaching-adv-qnt
zaagiing,zaagiing,ADVLoc,ADVLoc,NONE,https://ojibwe.lib.umn.edu/main-entry/zaagiing-adv-loc
zhaabwaya'ii,zhaabwaya'ii,ADVLoc,ADVLoc,NONE,https://ojibwe.lib.umn.edu/main-entry/zhaabwaya-ii-adv-loc
zhaabwayi'ii,zhaabwayi'ii,ADVLoc,ADVLoc,NONE,https://ojibwe.lib.umn.edu/main-entry/zhaabwayi-ii-adv-loc
zazegaa,zazegaa,ADVMan,ADVMan,NONE,https://ojibwe.lib.umn.edu/main-entry/zazegaa-adv-man
zhiibaayaandag,zhiibaayaandag,ADVLoc,ADVLoc,NONE,https://ojibwe.lib.umn.edu/main-entry/zhiibaayaandag-adv-loc
zhigwa,zhigwaw2,ADVTmp,ADVTmp,NONE,https://ojibwe.lib.umn.edu/main-entry/zhigwa-adv-tmp
zaaziibiskaaj,zaaziibiskaaj,ADVMan,ADVMan,NONE,https://ojibwe.lib.umn.edu/main-entry/zaaziibiskaaj-adv-man
zhiibaayaatig,zhiibaayaatig,ADVLoc,ADVLoc,NONE,UnpublishedOPD
zhaangasonik,zhaangasonik,ADVLoc,ADVLoc,NONE,UnpublishedOPD
zhiibaayaya'ii,zhiibaayaya'ii,ADVLoc,ADVLoc,NONE,UnpublishedOPD
zhaawanong,zhaawanong,ADVLoc,ADVLoc,NONE,https://ojibwe.lib.umn.edu/main-entry/zhaawanong-adv-loc
zezika,zezikaw2,ADVTmp,ADVTmp,NONE,https://ojibwe.lib.umn.edu/main-entry/zesika-adv-tmp
zhegwaya'ii,zhegwaya'ii,ADVLoc,ADVLoc,NONE,UnpublishedOPD
zhegweya'ii,zhegweya'ii,ADVLoc,ADVLoc,NONE,UnpublishedOPD
zhemaag,zhemaag,ADVTmp,ADVTmp,NONE,https://ojibwe.lib.umn.edu/main-entry/zhemaag-adv-tmp
zhaagooj,zhaagooj,ADVMan,ADVMan,NONE,https://ojibwe.lib.umn.edu/main-entry/zhaagooj-adv-man
zhagashkaagonag,zhagashkaagonag,ADVLoc,ADVLoc,NONE,UnpublishedOPD
zhayiigwa,zhayiigwaw2,ADVTmp,ADVTmp,NONE,https://ojibwe.lib.umn.edu/main-entry/zhayiigwa-adv-tmp
zhagashkiindim,zhagashkiindim,ADVLoc,ADVLoc,NONE,UnpublishedOPD
zhebaa,zhebaa,ADVTmp,ADVTmp,NONE,https://ojibwe.lib.umn.edu/main-entry/zhebaa-adv-tmp
zhiibaa-aazhogan,zhiibaa-aazhogan,ADVLoc,ADVLoc,NONE,UnpublishedOPD
zhiibaa-nibewin,zhiibaa-nibewin,ADVLoc,ADVLoc,NONE,https://ojibwe.lib.umn.edu/main-entry/zhiibaa-nibewin-adv-loc
zhiibaagaad,zhiibaagaad,ADVLoc,ADVLoc,NONE,UnpublishedOPD
zhegosagaang,zhegosagaang,ADVLoc,ADVLoc,NONE,UnpublishedOPD
wenda,wendaw2,ADVDeg,ADVDeg,NONE,https://ojibwe.lib.umn.edu/main-entry/wenda-go-adv-deg
zhishwajikana,zhishwajikanaw2,ADVLoc,ADVLoc,NONE,https://ojibwe.lib.umn.edu/main-entry/zhishwajikana-adv-loc
zhizhodew,zhizhodew,ADVLoc,ADVLoc,NONE,https://ojibwe.lib.umn.edu/main-entry/zhizhodew-adv-loc
zhizhodewe-gichigami,zhizhodewe-gichigamiw2,ADVLoc,ADVLoc,NONE,UnpublishedOPD
zhizhodewe-gichigamii,zhizhodewe-gichigamii,ADVLoc,ADVLoc,NONE,UnpublishedOPD
ziibiskaaj,ziibiskaaj,ADVMan,ADVMan,NONE,https://ojibwe.lib.umn.edu/main-entry/ziibiskaaj-adv-man
zhizhwadaaki,zhizhwadaakiw2,ADVLoc,ADVLoc,NONE,UnpublishedOPD
ziigwanong,ziigwanong,ADVTmp,ADVTmp,NONE,https://ojibwe.lib.umn.edu/main-entry/ziigwanong-adv-tmp
zhishodew,zhishodew,ADVLoc,ADVLoc,NONE,UnpublishedOPD
zhishwadaaki,zhishwadaakiw2,ADVLoc,ADVLoc,NONE,UnpublishedOPD
zhishwajayi'ii,zhishwajayi'ii,ADVLoc,ADVLoc,NONE,https://ojibwe.lib.umn.edu/main-entry/zhishwajayi-ii-adv-loc
zhishwajayih'ii,zhishwajayih'ii,ADVLoc,ADVLoc,NONE,UnpublishedOPD
zhishwaji-ziibi,zhishwaji-ziibiw2,ADVLoc,ADVLoc,NONE,UnpublishedOPD
zhishwajibiig,zhishwajibiig,ADVLoc,ADVLoc,NONE,UnpublishedOPD
zhishwajigamig,zhishwajigamig,ADVLoc,ADVLoc,NONE,https://ojibwe.lib.umn.edu/main-entry/zhishwajigamig-adv-loc
zizhodew,zizhodew,ADVLoc,ADVLoc,NONE,UnpublishedOPD
ziinjaya'ii,ziinjaya'ii,ADVLoc,ADVLoc,NONE,UnpublishedOPD
biinjinaw,biinjinaw,ADVLoc,ADVLoc,NONE,https://ojibwe.lib.umn.edu/main-entry/biinjinaw-adv-loc
dibik,dibik,ADVTmp,ADVTmp,NONE,https://ojibwe.lib.umn.edu/main-entry/dibik-adv-tmp
giiyaabi,giiyaabiw2,ADVTmp,ADVTmp,NONE,https://ojibwe.lib.umn.edu/main-entry/giiyaabi-adv-tmp
awas-ziigwanong,awas-ziigwanong,ADVTmp,ADVTmp,NONE,https://ojibwe.lib.umn.edu/main-entry/awas-ziigwanong-adv-tmp
michisag,michisag,ADVLoc,ADVLoc,NONE,https://ojibwe.lib.umn.edu/main-entry/michisag-adv-loc
minikwaajigan,minikwaajigan,ADVQnt,ADVQnt,NONE,https://ojibwe.lib.umn.edu/main-entry/minikwaajigan-adv-qnt
zhizhoodewadin,zhizhoodewadin,ADVLoc,ADVLoc,NONE,UnpublishedOPD
neniizhwaaso,neniizhwaasow2,ADVTmp,ADVTmp,NONE,UnpublishedOPD
ishpaya'ii,ishpaya'ii,ADVLoc,ADVLoc,NONE,https://ojibwe.lib.umn.edu/main-entry/ishpaya-ii-adv-loc-ea1383a7-51f8-41ef-9064-914596e76c65
namanj,namanj,ADVDub,ADVDub,NONE,https://ojibwe.lib.umn.edu/main-entry/namanj-adv-dub
ashi,ashiw2,ADVConj,ADVConj,NONE,https://ojibwe.lib.umn.edu/main-entry/ashi-adv-conj
onzaami-niibowa,onzaami-niibowaw2,ADVQnt,ADVQnt,NONE,https://ojibwe.lib.umn.edu/main-entry/onzaami-niibowa-adv-qnt
endaso-anama'e-giizhik,endaso-anama'e-giizhik,ADVTmp,ADVTmp,NONE,https://ojibwe.lib.umn.edu/main-entry/endaso-anama-e-giizhik-adv-tmp
mishawaagonag,mishawaagonag,ADVLoc,ADVLoc,NONE,https://ojibwe.lib.umn.edu/main-entry/mishawaagonag-adv-loc
jiigeweshkiig,jiigeweshkiig,ADVLoc,ADVLoc,NONE,https://ojibwe.lib.umn.edu/main-entry/jiigeweshkiig-adv-loc
aasamayi'ii,aasamayi'ii,ADVLoc,ADVLoc,NONE,https://ojibwe.lib.umn.edu/main-entry/aasamayi-ii-adv-loc
wekwaashkiig,wekwaashkiig,ADVLoc,ADVLoc,NONE,https://ojibwe.lib.umn.edu/main-entry/wekwaashkiig-adv-loc
endaso-biboon,endaso-biboon,ADVTmp,ADVTmp,NONE,https://ojibwe.lib.umn.edu/main-entry/endaso-biboon
endaso-ziigwan,endaso-ziigwan,ADVTmp,ADVTmp,NONE,https://ojibwe.lib.umn.edu/main-entry/endaso-ziigwan-adv-tmp
namanjaya'ii,namanjaya'ii,ADVLoc,ADVLoc,NONE,https://ojibwe.lib.umn.edu/main-entry/namanjaya-ii-adv-loc
endaso-dagwaagi,endaso-dagwaagiw2,ADVTmp,ADVTmp,NONE,https://ojibwe.lib.umn.edu/main-entry/endaso-dagwaagi-adv-tmp
zhiibaaya'ii,zhiibaaya'ii,ADVLoc,ADVLoc,NONE,https://ojibwe.lib.umn.edu/main-entry/zhiibaaya-ii-adv-loc
nisawaabik,nisawaabik,ADVLoc,ADVLoc,NONE,https://ojibwe.lib.umn.edu/main-entry/nisawaabik-adv-loc
nisawaatig,nisawaatig,ADVLoc,ADVLoc,NONE,https://ojibwe.lib.umn.edu/main-entry/nisawaatig-adv-loc
keyaa,keyaa,ADVLoc,ADVLoc,NONE,https://ojibwe.lib.umn.edu/main-entry/keyaa-adv-loc
nisawi-waakaa'igan,nisawi-waakaa'igan,ADVLoc,ADVLoc,NONE,https://ojibwe.lib.umn.edu/main-entry/nisawi-waakaa-igan-adv-loc
mizhishawaya'ii,mizhishawaya'ii,ADVLoc,ADVLoc,NONE,https://ojibwe.lib.umn.edu/main-entry/mizhishawaya-ii
gabe-gigizheb,gabe-gigizheb,ADVTmp,ADVTmp,NONE,UnpublishedOPD
naanaawaya'ii,naanaawaya'ii,ADVLoc,ADVLoc,NONE,https://ojibwe.lib.umn.edu/main-entry/naanaawaya-ii-adv-loc
gegabe-giizhik,gegabe-giizhik,ADVTmp,ADVTmp,NONE,https://ojibwe.lib.umn.edu/main-entry/gegabe-giizhik-adv-tmp
jiigimisad,jiigimisad,ADVLoc,ADVLoc,NONE,https://ojibwe.lib.umn.edu/main-entry/jiigimisad-adv-loc
anaami-nibaagan,anaami-nibaagan,ADVLoc,ADVLoc,NONE,https://ojibwe.lib.umn.edu/main-entry/anaami-nibaagan-adv-loc
eyiidawigam,eyiidawigam,ADVLoc,ADVLoc,NONE,https://ojibwe.lib.umn.edu/main-entry/eyiidawigam-adv-loc
wapii,wapii,ADVTmp,ADVTmp,NONE,https://ojibwe.lib.umn.edu/main-entry/wapii-adv-tmp
ogijidaabaan,ogijidaabaan,ADVLoc,ADVLoc,NONE,https://ojibwe.lib.umn.edu/main-entry/ogijidaabaan-adv-loc
wagijidaabaan,wagijidaabaan,ADVLoc,ADVLoc,NONE,https://ojibwe.lib.umn.edu/main-entry/wagijidaabaan-adv-loc
aaningodinong,aaningodinong,ADVTmp,ADVTmp,NONE,https://ojibwe.lib.umn.edu/main-entry/aaningodinong-adv-tmp
megwe-dibik,megwe-dibik,ADVTmp,ADVTmp,NONE,https://ojibwe.lib.umn.edu/main-entry/megwe-dibik-adv-tmp
jiigaakwaang,jiigaakwaang,ADVLoc,ADVLoc,NONE,https://ojibwe.lib.umn.edu/main-entry/jiigaakwaang-adv-loc
agaami-oodena,agaami-oodenaw2,ADVLoc,ADVLoc,NONE,https://ojibwe.lib.umn.edu/main-entry/agaami-oodena-adv-loc
jiigasin,jiigasin,ADVLoc,ADVLoc,NONE,https://ojibwe.lib.umn.edu/main-entry/jiigasin-adv-loc
naaningodinoo,naaningodinoo,ADVTmp,ADVTmp,NONE,https://ojibwe.lib.umn.edu/main-entry/naaningodinoo-adv-tmp
jiigi-gizhaabikizigan,jiigi-gizhaabikizigan,ADVLoc,ADVLoc,NONE,https://ojibwe.lib.umn.edu/main-entry/jiigi-gizhaabikizigan-adv-loc
jiigi-aasamisag,jiigi-aasamisag,ADVLoc,ADVLoc,NONE,https://ojibwe.lib.umn.edu/main-entry/jiigi-aasamisag-adv-loc
jiigi-baawitig,jiigi-baawitig,ADVLoc,ADVLoc,NONE,https://ojibwe.lib.umn.edu/main-entry/jiigi-baawitig-adv-loc
niisi-baawitig,niisi-baawitig,ADVLoc,ADVLoc,NONE,https://ojibwe.lib.umn.edu/main-entry/niisi-baawitig-adv-loc
jiigewe-minis,jiigewe-minis,ADVLoc,ADVLoc,NONE,https://ojibwe.lib.umn.edu/main-entry/jiigewe-minis-adv-loc
jiigewe-ziibi,jiigewe-ziibiw2,ADVLoc,ADVLoc,NONE,https://ojibwe.lib.umn.edu/main-entry/jiigewe-ziibi-adv-loc
naawininj,naawininj,ADVLoc,ADVLoc,NONE,https://ojibwe.lib.umn.edu/main-entry/naawininj-adv-loc
ogidoonag,ogidoonag,ADVLoc,ADVLoc,NONE,https://ojibwe.lib.umn.edu/main-entry/ogidoonag-adv-loc
naawi-minisaabik,naawi-minisaabik,ADVLoc,ADVLoc,NONE,https://ojibwe.lib.umn.edu/main-entry/naawi-minisaabik-adv-loc
eyiidawi-minis,eyiidawi-minis,ADVLoc,ADVLoc,NONE,https://ojibwe.lib.umn.edu/main-entry/eyiidawi-minis-adv-loc
giiwitaaya'ii,giiwitaaya'ii,ADVLoc,ADVLoc,NONE,https://ojibwe.lib.umn.edu/main-entry/giiwitaaya-ii-adv-loc
jiigishkwaandeng,jiigishkwaandeng,ADVLoc,ADVLoc,NONE,https://ojibwe.lib.umn.edu/main-entry/jiigishkwaandeming-adv-loc
ishpimiing,ishpimiing,ADVLoc,ADVLoc,NONE,https://ojibwe.lib.umn.edu/main-entry/ishpimiing-adv-loc
anaami-jiimaan,anaami-jiimaan,ADVLoc,ADVLoc,NONE,https://ojibwe.lib.umn.edu/main-entry/anaami-jiimaan-adv-loc
jiigeweyaabik,jiigeweyaabik,ADVLoc,ADVLoc,NONE,https://ojibwe.lib.umn.edu/main-entry/jiigeweyaabik-adv-loc
ogiji-desabiwin,ogiji-desabiwin,ADVLoc,ADVLoc,NONE,https://ojibwe.lib.umn.edu/main-entry/ogiji-desabiwin-adv-loc
ogiji-nibewin,ogiji-nibewin,ADVLoc,ADVLoc,NONE,https://ojibwe.lib.umn.edu/main-entry/ogiji-nibewin-adv-loc
wanako'oning,wanako'on,ADVLoc,ADVLoc,NONE,https://ojibwe.lib.umn.edu/main-entry/wanako-oning-adv-loc
owiinge,owiinge,ADVDeg,ADVDeg,NONE,https://ojibwe.lib.umn.edu/main-entry/owiinge-adv-gram
zhiibaayaazhogan,zhiibaayaazhogan,ADVLoc,ADVLoc,NONE,https://ojibwe.lib.umn.edu/main-entry/zhiibaayaazhogan-adv-loc
ishkwe-minis,miinooj,ADVLoc,ADVLoc,NONE,https://ojibwe.lib.umn.edu/main-entry/ishkwe-minis-adv-loc
aasamoonag,aasamoonag,ADVLoc,ADVLoc,NONE,https://ojibwe.lib.umn.edu/main-entry/aasamoonag-adv-loc
ogiji-jiimaan,ogiji-jiimaan,ADVLoc,ADVLoc,NONE,https://ojibwe.lib.umn.edu/main-entry/ogiji-jiimaan-adv-loc
eyiidawoonag,eyiidawoonag,ADVLoc,ADVLoc,NONE,https://ojibwe.lib.umn.edu/main-entry/eyiidawoonag-adv-loc
ogiji-waakaa'igan,ogiji-waakaa'igan,ADVLoc,ADVLoc,NONE,https://ojibwe.lib.umn.edu/main-entry/ogiji-waakaa-igan-adv-loc
wagijibiig,wagijibiig,ADVLoc,ADVLoc,NONE,UnpublishedOPD
wagijaya'ii,wagijaya'ii,ADVLoc,ADVLoc,NONE,https://ojibwe.lib.umn.edu/main-entry/wagijaya-ii-adv-loc
niizhozigwam,niizhozigwam,ADVQnt,ADVQnt,NONE,https://ojibwe.lib.umn.edu/main-entry/niizhozigwam-adv-qnt
nitamaya'ii,nitamaya'ii,ADVLoc,ADVLoc,NONE,https://ojibwe.lib.umn.edu/main-entry/nitamaya-ii-adv-loc
nasawaya'ii,nasawaya'ii,ADVLoc,ADVLoc,NONE,https://ojibwe.lib.umn.edu/main-entry/nasawaya-ii-adv-loc
ishkwekana,ishkwekanaw2,ADVLoc,ADVLoc,NONE,https://ojibwe.lib.umn.edu/main-entry/ishkwekana-adv-loc
inagekaya'ii,inagekaya'ii,ADVLoc,ADVLoc,NONE,UnpublishedOPD
jiigidaabaanikana,jiigidaabaanikanaw2,ADVLoc,ADVLoc,NONE,https://ojibwe.lib.umn.edu/main-entry/jiigidaabaanikana-adv-loc
jiigaagonag,jiigaagonag,ADVLoc,ADVLoc,NONE,https://ojibwe.lib.umn.edu/main-entry/jiigaagonag-adv-loc
biindaanikaan,biindaanikaan,ADVLoc,ADVLoc,NONE,https://ojibwe.lib.umn.edu/main-entry/biindaanikaan-adv-loc
bigwadakamig,bigwadakamig,ADVLoc,ADVLoc,NONE,https://ojibwe.lib.umn.edu/main-entry/bigwadakamig-adv-loc
dedibishkoodagaam,dedibishkoodagaam,ADVLoc,ADVLoc,NONE,https://ojibwe.lib.umn.edu/main-entry/dedibishkoodagaam-adv-loc
biinji-waazh,biinji-waazh,ADVLoc,ADVLoc,NONE,https://ojibwe.lib.umn.edu/main-entry/biinji-waazh-adv-loc
awasaajiwan,awasaajiwan,ADVLoc,ADVLoc,NONE,UnpublishedOPD
gigashki,gigashkiw2,ADVMan,ADVMan,NONE,UnpublishedOPD
naanaage,naanaage,ADVTmp,ADVTmp,NONE,UnpublishedOPD
ogidadoopowinaak,ogidadoopowinaak,ADVLoc,ADVLoc,NONE,https://ojibwe.lib.umn.edu/main-entry/ogidadoopowinaak-adv-loc
zhiibaa-adoopowinaak,zhiibaa-adoopowinaak,ADVLoc,ADVLoc,NONE,https://ojibwe.lib.umn.edu/main-entry/zhiibaa-adoopowinaak-adv-loc
aabitawinaagaans,aabitawinaagaans,ADVQnt,ADVQnt,NONE,https://ojibwe.lib.umn.edu/main-entry/aabitawinaagaans-adv-qnt
ondaasinake,ondaasinake,ADVLoc,ADVLoc,NONE,https://ojibwe.lib.umn.edu/main-entry/ondaasinake-adv-loc
ishkweya'ii,ishkweya'ii,ADVLoc,ADVLoc,NONE,https://ojibwe.lib.umn.edu/main-entry/ishkweya-ii-adv-loc
baapish,baapish,ADVMan,ADVMan,NONE,https://ojibwe.lib.umn.edu/main-entry/baapish-adv-man
nindawaa,nindawaa,ADVMan,ADVMan,NONE,https://ojibwe.lib.umn.edu/main-entry/nindawaa-adv-man
kawe,kawe,ADVTmp,ADVTmp,NONE,https://ojibwe.lib.umn.edu/main-entry/kawe-adv-tmp
minjim,minjim,ADVMan,ADVMan,NONE,UnpublishedOPD
babaapish,babaapish,ADVTmp,ADVTmp,NONE,UnpublishedOPD
giiwitaawi-zaaga'igan,giiwitaawi-zaaga'igan,ADVLoc,ADVLoc,NONE,https://ojibwe.lib.umn.edu/main-entry/giiwitaawi-zaaga-igan-adv-loc
wekwaagam,wekwaagam,ADVLoc,ADVLoc,NONE,https://ojibwe.lib.umn.edu/main-entry/wekwaagam-adv-loc-b0af529b-7426-4ca9-bd5a-a8a096bad439
niisaajiwanong,niisaajiwanong,ADVLoc,ADVLoc,NONE,https://ojibwe.lib.umn.edu/main-entry/niisaajiwanong-adv-loc
gichi-besho,gichi-beshow2,ADVLoc,ADVLoc,NONE,https://ojibwe.lib.umn.edu/main-entry/gichi-besho-adv-loc
gichi-wiikaa,gichi-wiikaa,ADVTmp,ADVTmp,NONE,https://ojibwe.lib.umn.edu/main-entry/gichi-wiikaa-adv-tmp
aabitawinigam,aabitawinigam,ADVLoc,ADVLoc,NONE,https://ojibwe.lib.umn.edu/main-entry/aabitawinigam-adv-loc
nisawi-nibewin,nisawi-nibewin,ADVLoc,ADVLoc,NONE,https://ojibwe.lib.umn.edu/main-entry/nisawi-nibewin-adv-loc
nisawi-desabiwin,nisawi-desabiwin,ADVLoc,ADVLoc,NONE,https://ojibwe.lib.umn.edu/main-entry/nisawi-desabiwin-adv-loc
naaniigaan,naaniigaan,ADVLoc,ADVLoc,NONE,UnpublishedOPD
gonimaa,gonimaa,ADVGram,ADVGram,NONE,UnpublishedOPD
zhiibaa-giizis,zhiibaa-giizis,ADVLoc,ADVLoc,NONE,https://ojibwe.lib.umn.edu/main-entry/zhiibaa-giizis-adv-loc
gwekaatig,gwekaatig,ADVLoc,ADVLoc,NONE,UnpublishedOPD
neningodinong,neningodinong,ADVTmp,ADVTmp,NONE,UnpublishedOPD
eyaabiding,eyaabiding,ADVTmp,ADVTmp,NONE,UnpublishedOPD
naawi-oodena,naawi-oodenaw2,ADVLoc,ADVLoc,NONE,UnpublishedOPD
biimaya'ii,biimaya'ii,ADVLoc,ADVLoc,NONE,https://ojibwe.lib.umn.edu/main-entry/biimaya-ii-adv-loc
gaaginig,gaaginig,ADVTmp,ADVTmp,NONE,UnpublishedOPD
awasinakejiw,awasinakejiw,ADVLoc,ADVLoc,NONE,UnpublishedOPD
naawibag,naawibag,ADVLoc,ADVLoc,NONE,https://ojibwe.lib.umn.edu/main-entry/naawibag-adv-loc
nenawaj,nenawaj,ADVDeg,ADVDeg,NONE,https://ojibwe.lib.umn.edu/main-entry/nenawaj-adv-deg
aazhookana,aazhookanaw2,ADVLoc,ADVLoc,NONE,https://ojibwe.lib.umn.edu/main-entry/aazookana-adv-loc
oshpiming,oshpiming,ADVLoc,ADVLoc,NONE,https://ojibwe.lib.umn.edu/main-entry/oshpiming-adv-loc
biinji-wiish,biinji-wiish,ADVLoc,ADVLoc,NONE,https://ojibwe.lib.umn.edu/main-entry/biinji-wiish-adv-loc
anaamidoopowinaak,anaamidoopowinaak,ADVLoc,ADVLoc,NONE,https://ojibwe.lib.umn.edu/main-entry/anaamidoopowinaak-adv-loc
ogidaawigan,ogidaawigan,ADVLoc,ADVLoc,NONE,https://ojibwe.lib.umn.edu/main-entry/ogidaawigan-adv-loc
anaami-nabagisag,anaami-nabagisag,ADVLoc,ADVLoc,NONE,https://ojibwe.lib.umn.edu/main-entry/anaami-nabagisag-adv-loc
baatayiinwewaan,baatayiinwewaan,ADVQnt,ADVQnt,NONE,https://ojibwe.lib.umn.edu/main-entry/baatayiinwewaan-adv-qnt
onjishkaw,onjishkaw,ADVLoc,ADVLoc,NONE,UnpublishedOPD
oshki-gigizheb,oshki-gigizheb,ADVTmp,ADVTmp,NONE,UnpublishedOPD
awasinake-waakaa'igan,awasinake-waakaa'igan,ADVLoc,ADVLoc,NONE,UnpublishedOPD
biinjigonew,biinjigonew,ADVLoc,ADVLoc,NONE,https://ojibwe.lib.umn.edu/main-entry/biinjigonew-adv-loc
gaana,gaanaw2,ADVMan,ADVMan,NONE,https://ojibwe.lib.umn.edu/main-entry/gaana-wiin-adv-man
amanjigish,amanjigish,ADVDub,ADVDub,NONE,UnpublishedOPD
dibigish,dibigish,ADVLoc,ADVLoc,NONE,UnpublishedOPD
bimijaya'ii,bimijaya'ii,ADVLoc,ADVLoc,NONE,UnpublishedOPD
aasamewaam,aasamewaam,ADVLoc,ADVLoc,NONE,https://ojibwe.lib.umn.edu/main-entry/aasamewaam-adv-loc
naawizikwaandib,naawizikwaandib,ADVLoc,ADVLoc,NONE,UnpublishedOPD
naangim,naangim,ADVTmp,ADVTmp,NONE,UnpublishedOPD
wenjigish,wenjigish,ADVMan,ADVMan,NONE,UnpublishedOPD
gaagizhwiin,gaagizhwiin,ADVMan,ADVMan,NONE,UnpublishedOPD
waawiizh,waawiizh,ADVMan,ADVMan,NONE,UnpublishedOPD
gegabeya'ii,gegabeya'ii,ADVTmp,ADVTmp,NONE,UnpublishedOPD
daswekamig,daswekamig,ADVLoc,ADVLoc,NONE,UnpublishedOPD
naawipikwan,naawipikwan,ADVLoc,ADVLoc,NONE,UnpublishedOPD
naawi-gichigami,naawi-gichigamiw2,ADVLoc,ADVLoc,NONE,https://ojibwe.lib.umn.edu/main-entry/naawi-gichigami-adv-loc
ayaabitawaya'ii,ayaabitawaya'ii,ADVLoc,ADVLoc,NONE,UnpublishedOPD
gizhinzha,gizhinzhaw2,ADVMan,ADVMan,NONE,UnpublishedOPD
ginzhizha,ginzhizhaw2,ADVMan,ADVMan,NONE,https://ojibwe.lib.umn.edu/main-entry/ginzhizha-adv-man
dayoozh,dayoozh,ADVQnt,ADVQnt,NONE,UnpublishedOPD
dedakamaaya'ii,dedakamaaya'ii,ADVLoc,ADVLoc,NONE,UnpublishedOPD
gagaana,gagaanaw2,ADVQnt,ADVQnt,NONE,UnpublishedOPD
nenaapaaj,nenaapaaj,ADVMan,ADVMan,NONE,UnpublishedOPD
eyinange,eyinange,ADVMan,ADVMan,NONE,https://ojibwe.lib.umn.edu/main-entry/eyinange-adv-man
wengijish,wengijish,ADVTmp,ADVTmp,NONE,UnpublishedOPD
biindaabik,biindaabik,ADVLoc,ADVLoc,NONE,UnpublishedOPD
eyiidawishkwedoonaagan,eyiidawishkwedoonaagan,ADVLoc,ADVLoc,NONE,UnpublishedOPD
wewkaagamiing,wewkaagamiing,ADVLoc,ADVLoc,NONE,UnpublishedOPD
dabasaamik,dabasaamik,ADVLoc,ADVLoc,NONE,UnpublishedOPD
naanoomag,naanoomag,ADVTmp,ADVTmp,NONE,UnpublishedOPD
aasamadin,aasamadin,ADVLoc,ADVLoc,NONE,UnpublishedOPD
mayaawakamig,mayaawakamig,ADVLoc,ADVLoc,NONE,UnpublishedOPD
mishawaabikaang,mishawaabikaang,ADVLoc,ADVLoc,NONE,UnpublishedOPD
eyiidawishkwaand,eyiidawishkwaand,ADVLoc,ADVLoc,NONE,https://ojibwe.lib.umn.edu/main-entry/eyiidawishkwaand-adv-loc
zezig,zezig,ADVLoc,ADVLoc,NONE,UnpublishedOPD
ningo-midaas,ningo-midaas,ADVQnt,ADVQnt,NONE,UnpublishedOPD
ningo-aanziyaan,ningo-aanziyaan,ADVQnt,ADVQnt,NONE,https://ojibwe.lib.umn.edu/main-entry/ningo-aanziyaan-adv-qnt
wekwaashkoshiw,wekwaashkoshiw,ADVLoc,ADVLoc,NONE,UnpublishedOPD
gegezhidine,gegezhidine,ADVTmp,ADVTmp,NONE,UnpublishedOPD
giiwitaa-wiish,giiwitaa-wiish,ADVLoc,ADVLoc,NONE,UnpublishedOPD
gwekaya'ii,gwekaya'ii,ADVLoc,ADVLoc,NONE,UnpublishedOPD
agami-gichigamiing,agami-gichigamiing,ADVLoc,ADVLoc,NONE,UnpublishedOPD
dedaakamaya'ii,dedaakamaya'ii,ADVLoc,ADVLoc,NONE,UnpublishedOPD
jaajiigaya'ii,jaajiigaya'ii,ADVLoc,ADVLoc,NONE,UnpublishedOPD
biinji-wazison,biinji-wazison,ADVLoc,ADVLoc,NONE,UnpublishedOPD
bebekaa,bebekaa,ADVMan,ADVMan,NONE,UnpublishedOPD
awasi-wiish,awasi-wiish,ADVLoc,ADVLoc,NONE,UnpublishedOPD
zhagashkaanaamik,zhagashkaanaamik,ADVLoc,ADVLoc,NONE,https://ojibwe.lib.umn.edu/main-entry/zhagashkaanaamik-adv-loc
naawizikwandib,naawizikwandib,ADVLoc,ADVLoc,NONE,UnpublishedOPD
anaamanagek,anaamanagek,ADVLoc,ADVLoc,NONE,https://ojibwe.lib.umn.edu/main-entry/anaamanagek-adv-loc
giiwitaa-giizhig,giiwitaa-giizhig,ADVLoc,ADVLoc,NONE,https://ojibwe.lib.umn.edu/main-entry/giiwitaa-giizhig-adv-loc
mayaawishkwaand,mayaawishkwaand,ADVLoc,ADVLoc,NONE,https://ojibwe.lib.umn.edu/main-entry/mayaawishkwaand-adv-loc
wawiizh,wawiizh,ADVTmp,ADVTmp,NONE,https://ojibwe.lib.umn.edu/main-entry/wawiizh-adv-tmp
anaamiig,anaamiig,ADVLoc,ADVLoc,NONE,UnpublishedOPD
ogijiing,ogijiing,ADVLoc,ADVLoc,NONE,UnpublishedOPD
ondaas-inake,ondaas-inake,ADVLoc,ADVLoc,NONE,UnpublishedOPD
daajiish,daajiish,ADVMan,ADVMan,NONE,UnpublishedOPD
aagwaya'ii,aagwaya'ii,ADVLoc,ADVLoc,NONE,UnpublishedOPD
wanakobag,wanakobag,ADVLoc,ADVLoc,NONE,UnpublishedOPD
biinji-dikinaagan,biinji-dikinaagan,ADVLoc,ADVLoc,NONE,UnpublishedOPD
ayaanjigo,ayaanjigow2,ADVMan,ADVMan,NONE,UnpublishedOPD
gichi-niibiwa,gichi-niibiwaw2,ADVQnt,ADVQnt,NONE,UnpublishedOPD
gichi-wiiba,gichi-wiibaw2,ADVTmp,ADVTmp,NONE,UnpublishedOPD
wawiiba,wawiibaw2,ADVTmp,ADVTmp,NONE,https://ojibwe.lib.umn.edu/main-entry/wawiiba-adv-tmp
newad,newad,ADVTmp,ADVTmp,NONE,UnpublishedOPD
agwajiiya'ii,agwajiiya'ii,ADVLoc,ADVLoc,NONE,UnpublishedOPD
waawiiyag,waawiiyag,ADVMan,ADVMan,NONE,UnpublishedOPD
jiigewe-zaaga'igan,jiigewe-zaaga'igan,ADVLoc,ADVLoc,NONE,UnpublishedOPD
naawijaan,naawijaan,ADVLoc,ADVLoc,NONE,UnpublishedOPD
opimeyaajiwan,opimeyaajiwan,ADVLoc,ADVLoc,NONE,UnpublishedOPD
giiiwitaa-minis,giiiwitaa-minis,ADVLoc,ADVLoc,NONE,https://ojibwe.lib.umn.edu/main-entry/giiiwitaa-minis-adv-loc
baatayiining,baatayiining,ADVTmp,ADVTmp,NONE,https://ojibwe.lib.umn.edu/main-entry/baatayiining-adv-tmp
aabitawaabik,aabitawaabik,ADVLoc,ADVLoc,NONE,https://ojibwe.lib.umn.edu/main-entry/aabitawaabik-adv-loc
awase-waakaa'igaan,awase-waakaa'igaan,ADVLoc,ADVLoc,NONE,https://ojibwe.lib.umn.edu/main-entry/awase-waakaa-igaan-adv-loc
anaami-gizhaabikizigan,anaami-gizhaabikizigan,ADVLoc,ADVLoc,NONE,https://ojibwe.lib.umn.edu/main-entry/anaami-gizhaabikizigan-adv-loc
ogijijiingwan,ogijijiingwan,ADVLoc,ADVLoc,NONE,https://ojibwe.lib.umn.edu/main-entry/ogijijiingwan-adv-loc
wagijijiingwan,wagijijiingwan,ADVLoc,ADVLoc,NONE,https://ojibwe.lib.umn.edu/main-entry/wagijijiingwan-adv-loc
iidawinik,iidawinik,ADVLoc,ADVLoc,NONE,https://ojibwe.lib.umn.edu/main-entry/iidawinik-adv-loc
abaapish,abaapish,ADVMan,ADVMan,NONE,https://ojibwe.lib.umn.edu/main-entry/abaapish-adv-man
mishawakwam,mishawakwam,ADVLoc,ADVLoc,NONE,https://ojibwe.lib.umn.edu/main-entry/mishawakwam-adv-loc
biinji-abinaas,biinji-abinaas,ADVLoc,ADVLoc,NONE,https://ojibwe.lib.umn.edu/main-entry/biinji-abinaas-adv-loc
gichi-awasinaago,gichi-awasinaagow2,ADVTmp,ADVTmp,NONE,UnpublishedOPD
mishawaya'ii,mishawaya'ii,ADVLoc,ADVLoc,NONE,https://ojibwe.lib.umn.edu/main-entry/mishawaya-ii-adv-loc
dakamakamig,dakamakamig,ADVLoc,ADVLoc,NONE,UnpublishedOPD
ogijigaad,ogijigaad,ADVLoc,ADVLoc,NONE,UnpublishedOPD
jiigeweya'ii,jiigeweya'ii,ADVLoc,ADVLoc,NONE,UnpublishedOPD
nisawi-ningwiiganaabik,nisawi-ningwiiganaabik,ADVLoc,ADVLoc,NONE,UnpublishedOPD
ogijikwam,ogijikwam,ADVLoc,ADVLoc,NONE,UnpublishedOPD
zhagashkaamik,zhagashkaamik,ADVLoc,ADVLoc,NONE,UnpublishedOPD
awaseweya'ii,awaseweya'ii,ADVLoc,ADVLoc,NONE,https://ojibwe.lib.umn.edu/main-entry/awaseweya-ii-adv-loc
ondaasinakeya'ii,ondaasinakeya'ii,ADVLoc,ADVLoc,NONE,UnpublishedOPD
awasinakeya'ii,awasinakeya'ii,ADVLoc,ADVLoc,NONE,UnpublishedOPD
waakaagwaajiganens,waakaagwaajiganens,ADVConj,ADVConj,NONE,UnpublishedOPD
ogijizigwam,ogijizigwam,ADVLoc,ADVLoc,NONE,UnpublishedOPD
mayaanim,mayaanim,ADVTmp,ADVTmp,NONE,UnpublishedOPD
nisawipigay,nisawipigay,ADVLoc,ADVLoc,NONE,UnpublishedOPD
aapiji-dibik,aapiji-dibik,ADVTmp,ADVTmp,NONE,UnpublishedOPD
aayaabitawagaam,aayaabitawagaam,ADVLoc,ADVLoc,NONE,UnpublishedOPD
biijin,biijin,ADVLoc,ADVLoc,NONE,UnpublishedOPD
wewaasa,wewaasaw2,ADVLoc,ADVLoc,NONE,UnpublishedOPD
maji-anim,maji-anim,ADVInter,ADVInter,NONE,UnpublishedOPD
mayaawashkosiw,mayaawashkosiw,ADVLoc,ADVLoc,NONE,UnpublishedOPD
wenjida,wenjidaw2,ADVMan,ADVMan,NONE,UnpublishedOPD
ishkwekamig,ishkwekamig,ADVMan,ADVMan,NONE,UnpublishedOPD
gesanaa,gesanaa,ADVDeg,ADVDeg,NONE,UnpublishedOPD
waawiyag,waawiyag,ADVMan,ADVMan,NONE,UnpublishedOPD
owenzhiike,owenzhiike,ADVTmp,ADVTmp,NONE,https://ojibwe.lib.umn.edu/main-entry/owenzhiike-adv-tmp
ningo-naawakwe,ningo-naawakwe,ADVTmp,ADVTmp,NONE,UnpublishedOPD
aaniish,aaniish,ADVInter,ADVInter,NONE,https://ojibwe.lib.umn.edu/main-entry/aaniish-adv-inter-654d977d-f842-4dfa-bb66-5016de76c009
giishkabag,giishkabag,ADVLoc,ADVLoc,NONE,UnpublishedOPD
