Lemma,Stem,Paradigm,Class,Translation,Source
aaba'oojigan,aaba'oojigan,NI,NI_C,NONE,UnpublishedOPD
aabaabika'igan,aabaabika'igan,NI,NI_C,NONE,https://ojibwe.lib.umn.edu/main-entry/aabaabika-igan-ni
aabajichigan,aabajichigan,NI,NI_C,NONE,https://ojibwe.lib.umn.edu/main-entry/aabajichigan-ni
aabita-bibooni-giizis,aabita-bibooni-giizisw2,NA,NA_Cw,NONE,https://ojibwe.lib.umn.edu/main-entry/aabita-bibooni-giizis-na
aabita-biboono-giizis,aabita-biboono-giizisw2,NA,NA_Cw,NONE,UnpublishedOPD
aabita-niibino-giizis,aabita-niibino-giizisw2,NA,NA_Cw,NONE,https://ojibwe.lib.umn.edu/main-entry/aabita-niibino-giizis-na
aabita-zhooniyaa,aabita-zhooniyaaw2,NA,NA_VV,NONE,UnpublishedOPD
aabita-zhooniyaans,aabita-zhooniyaans,NA,NA_C,NONE,https://ojibwe.lib.umn.edu/main-entry/aabita-zhooniyaans-na
aagiingwe'on,aagiingwe'on,NI,NI_C,NONE,UnpublishedOPD
aabitawaabik,aabitawaabikw2,NA,NA_Cw,NONE,https://ojibwe.lib.umn.edu/main-entry/aabitawaabik-na
aagiingwe'onaak,aagiingwe'onaakw2,NI,NI_Cw,NONE,https://ojibwe.lib.umn.edu/main-entry/aagiingwe-onaak-ni
aagim,aagim,NA,NA_C,NONE,https://ojibwe.lib.umn.edu/main-entry/aagim-na
aagimaak,aagimaakw2,NA,NA_Cw,NONE,https://ojibwe.lib.umn.edu/main-entry/aagimaak-na
aagimaak,aagimaakw2,NA,NA_irrCw,NONE,https://ojibwe.lib.umn.edu/main-entry/aagimaak-na
aagimekana,aagimekan,NI,NI_Kana,NONE,https://ojibwe.lib.umn.edu/main-entry/aagimekana-ni
aadaakobijigan,aadaakobijigan,NI,NI_C,NONE,UnpublishedOPD
aajizide'on,aajizide'on,NI,NI_C,NONE,https://ojibwe.lib.umn.edu/main-entry/aajizide-on-ni
aajizide'onaak,aajizide'onaakw2,NI,NI_Cw,NONE,https://ojibwe.lib.umn.edu/main-entry/aajizide-onaak-ni
aadikwe'igan,aadikwe'igan,NI,NI_C,NONE,https://ojibwe.lib.umn.edu/main-entry/aadikwe-igan-ni
aadikwe'iganaak,aadikwe'iganaakw2,NI,NI_Cw,NONE,UnpublishedOPD
aakoshkade-mashkikiins,aakoshkade-mashkikiins,NI,NI_C,NONE,UnpublishedOPD
aadisookaan,aadisookaan,NA,NA_C,NONE,https://ojibwe.lib.umn.edu/main-entry/aadisookaan-na
aadisookaan,aadisookaan,NI,NI_C,NONE,UnpublishedOPD
aadisookewinini,aadisookewininiw2,NA,NA_Vw,NONE,UnpublishedOPD
aagwaate'on,aagwaate'on,NI,NI_C,NONE,UnpublishedOPD
aagwaayaa'aandaagosag,aagwaayaa'aandaagosagw2,NI,NI_Cw,NONE,UnpublishedOPD
aakoziiwidaabaan,aakoziiwidaabaan,NA,NA_C,NONE,https://ojibwe.lib.umn.edu/main-entry/aakoziiwidaabaan-na
aakoziiwigamig,aakoziiwigamigw2,NI,NI_Cw,NONE,https://ojibwe.lib.umn.edu/main-entry/aakoziiwigamig-ni
aadizookewinini,aadizookewininiw2,NA,NA_Vw,NONE,https://ojibwe.lib.umn.edu/main-entry/aadizookewinini-na
aagwiingwe'on,aagwiingwe'on,NI,NI_C,NONE,UnpublishedOPD
aagwiingwe'onaak,aagwiingwe'onaakw2,NI,NI_Cw,NONE,https://ojibwe.lib.umn.edu/main-entry/aagwiingwe-onaak-ni
aandaabikinigan,aandaabikinigan,NI,NI_C,NONE,https://ojibwe.lib.umn.edu/main-entry/aandaabikinigan-ni
aakoziwin,aakoziwin,NI,NI_C,NONE,https://ojibwe.lib.umn.edu/main-entry/aakoziwin-ni
aandaabikiwebinigan,aandaabikiwebinigan,NI,NI_C,NONE,UnpublishedOPD
aagask,aagaskw2,NA,NA_Cw,NONE,https://ojibwe.lib.umn.edu/main-entry/aagask-na
aagawaate'igan,aagawaate'igan,NI,NI_C,NONE,UnpublishedOPD
aandaakonigewin,aandaakonigewin,NI,NI_C,NONE,https://ojibwe.lib.umn.edu/main-entry/aandaakonigewin-ni
aajibijigan,aajibijigan,NI,NI_C,NONE,UnpublishedOPD
aagawi-ojijaakobizon,aagawi-ojijaakobizon,NI,NI_C,NONE,UnpublishedOPD
aagawidinimaanganebizon,aagawidinimaanganebizon,NI,NI_C,NONE,UnpublishedOPD
aagawigidigwebizon,aagawigidigwebizon,NI,NI_C,NONE,UnpublishedOPD
aagawiingwebizon,aagawiingwebizon,NI,NI_C,NONE,UnpublishedOPD
aanikamaanan,aanikamaan,NI,NI_C,NONE,UnpublishedOPD
aajigade,aajigadew2,NA,NA_VV,NONE,https://ojibwe.lib.umn.edu/main-entry/aajigade-na
aajigwaajigan,aajigwaajigan,NI,NI_C,NONE,UnpublishedOPD
aanikanootaagewikwe,aanikanootaagewikwew2,NA,NA_VV,NONE,https://ojibwe.lib.umn.edu/main-entry/aanikanootaagewikwe-na
aakwasim,aakwasimw2,NA,NA_Cw,NONE,UnpublishedOPD
aanikanootaagewinini,aanikanootaagewininiw2,NA,NA_Vw,NONE,https://ojibwe.lib.umn.edu/main-entry/aanikanootaagewinini-na
aajikinigan,aajikinigan,NI,NI_C,NONE,UnpublishedOPD
aanikawiganaan,aanikawiganaan,NI,NI_C,NONE,UnpublishedOPD
aamanamik,aamanamikw2,NA,NA_irrCw,NONE,UnpublishedOPD
aanike-ogimaa,aanike-ogimaaw2,NA,NA_VV,NONE,https://ojibwe.lib.umn.edu/main-entry/aanike-ogimaa-na
aajiningwa'on,aajiningwa'on,NI,NI_C,NONE,https://ojibwe.lib.umn.edu/main-entry/aajiningwa-on-ni
aamoo,aamoow2,NA,NA_VV,NONE,https://ojibwe.lib.umn.edu/main-entry/aamoo-na
aamoo-wadiswan,aamoo-wadiswan,NI,NI_C,NONE,https://ojibwe.lib.umn.edu/main-entry/aamoo-wadiswan-ni
aamoo-wasiswan,aamoo-wasiswan,NA,NA_C,NONE,UnpublishedOPD
aamoo-wazason,aamoo-wazason,NI,NI_C,NONE,UnpublishedOPD
aamoo-waziswan,aamoo-waziswan,NI,NI_C,NONE,UnpublishedOPD
aamoo-zhiiwaagamizigan,aamoo-zhiiwaagamizigan,NI,NI_C,NONE,https://ojibwe.lib.umn.edu/main-entry/aamoo-zhiiwaagamizigan-ni
aamoo-ziinzibaakwad,aamoo-ziinzibaakwadw2,NI,NI_Cw,NONE,https://ojibwe.lib.umn.edu/main-entry/aamoo-ziinzibaakwad-ni
aandeg,aandegw2,NA,NA_Cw,NONE,https://ojibwe.lib.umn.edu/main-entry/aandeg-na
aandeg,aandegw2,NA,NA_irrCw,NONE,https://ojibwe.lib.umn.edu/main-entry/aandeg-na
aandego-giizis,aandego-giizisw2,NA,NA_Cw,NONE,https://ojibwe.lib.umn.edu/main-entry/aandego-giizis-na
aandego-miigwan,aandego-miigwan,NA,NA_C,NONE,https://ojibwe.lib.umn.edu/main-entry/aandego-miigwan-na
aandegobag,aandegobagw2,NI,NI_Cw,NONE,UnpublishedOPD
aanikewaabiiginigan,aanikewaabiiginigan,NI,NI_C,NONE,UnpublishedOPD
aanak,aanakw2,NA,NA_Cw,NONE,https://ojibwe.lib.umn.edu/main-entry/aanak-na
aanakwad,aanakwadw2,NI,NI_Cw,NONE,https://ojibwe.lib.umn.edu/main-entry/aanakwad-ni
aandewaakide,aandewaakidew2,NA,NA_VV,NONE,UnpublishedOPD
aanjininiw,aanjininiw,NA,NA_C,NONE,UnpublishedOPD
aangawamik,aangawamikw2,NA,NA_irrCw,NONE,UnpublishedOPD
aasodoodooshimebizon,aasodoodooshimebizon,NI,NI_C,NONE,https://ojibwe.lib.umn.edu/main-entry/aasodoodooshimebizon-ni
aapigwayawegwaajigan,aapigwayawegwaajigan,NI,NI_C,NONE,UnpublishedOPD
aapiji-wiidige-mazina'igan,aapiji-wiidige-mazina'igan,NI,NI_C,NONE,https://ojibwe.lib.umn.edu/main-entry/aapiji-wiidige-mazina-igan-ni
aapiji-wiidigendiwin,aapiji-wiidigendiwin,NI,NI_C,NONE,https://ojibwe.lib.umn.edu/main-entry/aapiji-wiidigendiwin-ni
aawadaasoowidaabaan,aawadaasoowidaabaan,NI,NI_C,NONE,https://ojibwe.lib.umn.edu/main-entry/aawadaasoowidaabaan-ni
aawadaasoowinini,aawadaasoowininiw2,NA,NA_Vw,NONE,https://ojibwe.lib.umn.edu/main-entry/aawadaasoowinini-na
aaswaakwa'igan,aaswaakwa'igan,NI,NI_C,NONE,https://ojibwe.lib.umn.edu/main-entry/aaswaakwa-igan-ni
aanikoyaabiiginigan,aanikoyaabiiginigan,NI,NI_C,NONE,UnpublishedOPD
aawajibingwewidaabaan,aawajibingwewidaabaan,NI,NI_C,NONE,https://ojibwe.lib.umn.edu/main-entry/aawajibingwewidaabaan-ni
aatawe'igan,aatawe'igan,NI,NI_C,NONE,https://ojibwe.lib.umn.edu/main-entry/aatawe-igan-ni
aatawe'ige-aabajichigan,aatawe'ige-aabajichigan,NI,NI_C,NONE,UnpublishedOPD
aatawe'igewidaabaan,aatawe'igewidaabaan,NA,NA_C,NONE,https://ojibwe.lib.umn.edu/main-entry/aatawe-igewidaabaan-na
aatawe'igewinini,aatawe'igewininiw2,NA,NA_Vw,NONE,https://ojibwe.lib.umn.edu/main-entry/aatawe-igewinini-na
aatawe'ishkodawe-aya'ii,aatawe'ishkodawe-aya'iiw2,NI,NI_VV,NONE,UnpublishedOPD
aatawe'ishkodawewidaabaan,aatawe'ishkodawewidaabaan,NA,NA_C,NONE,https://ojibwe.lib.umn.edu/main-entry/aatawe-ishkodawewidaabaan-na
aas,aas,NI,NI_C,NONE,https://ojibwe.lib.umn.edu/main-entry/aas-ni
aatawe'ishkodawewinini,aatawe'ishkodawewininiw2,NA,NA_Vw,NONE,https://ojibwe.lib.umn.edu/main-entry/aatawe-ishkodawewinini-na
aasaaganashk,aasaaganashkw2,NI,NI_Cw,NONE,UnpublishedOPD
aasaakamig,aasaakamigw2,NI,NI_Cw,NONE,https://ojibwe.lib.umn.edu/main-entry/aasaakamig-ni
aasaganashk,aasaganashkw2,NI,NI_Cw,NONE,UnpublishedOPD
aasakamig,aasakamigw2,NI,NI_Cw,NONE,UnpublishedOPD
aasamaakwa'igan,aasamaakwa'igan,NA,NA_C,NONE,https://ojibwe.lib.umn.edu/main-entry/aasamaakwa-igan-na
aate'igan,aate'igan,NI,NI_C,NONE,https://ojibwe.lib.umn.edu/main-entry/aate-igan-ni
aanziyaanens,aanziyaanens,NI,NI_C,NONE,UnpublishedOPD
aate'ishkodawewidaabaan,aate'ishkodawewidaabaan,NA,NA_C,NONE,https://ojibwe.lib.umn.edu/main-entry/aate-ishkodawewidaabaan-na
aate'ishkodawewinini,aate'ishkodawewininiw2,NA,NA_Vw,NONE,https://ojibwe.lib.umn.edu/main-entry/aate-ishkodawewinini-na
aazhideyaatig,aazhideyaatigw2,NA,NA_Cw,NONE,https://ojibwe.lib.umn.edu/main-entry/aazhideyaatig-na
aawazhiwewidaabaan,aawazhiwewidaabaan,NA,NA_C,NONE,https://ojibwe.lib.umn.edu/main-entry/aawazhiwewidaabaan-na
aawazhiwewinini,aawazhiwewininiw2,NA,NA_Vw,NONE,UnpublishedOPD
aasamisag,aasamisagw2,NI,NI_Cw,NONE,https://ojibwe.lib.umn.edu/main-entry/aasamisag-ni
aateshkodawewinini,aateshkodawewininiw2,NA,NA_Vw,NONE,https://ojibwe.lib.umn.edu/main-entry/aateshkodawewinini-na
abaabasigan,abaabasigan,NI,NI_C,NONE,UnpublishedOPD
abwaajigan,abwaajigan,NA,NA_C,NONE,https://ojibwe.lib.umn.edu/main-entry/abwaajigan-na
abwaajigan,abwaajigan,NI,NI_C,NONE,https://ojibwe.lib.umn.edu/main-entry/abwaajigan-ni
aashimaang,aashimaangw2,NA,NA_irrCw,NONE,https://ojibwe.lib.umn.edu/main-entry/aashimaang-na
abwaajiganaanaak,abwaajiganaanaakw2,NI,NI_Cw,NONE,UnpublishedOPD
adaawewin,adaawewin,NI,NI_C,NONE,https://ojibwe.lib.umn.edu/main-entry/adaawewin-ni
abwaajiganaatig,abwaajiganaatigw2,NI,NI_Cw,NONE,UnpublishedOPD
adaawewinini,adaawewininiw2,NA,NA_Vw,NONE,https://ojibwe.lib.umn.edu/main-entry/adaawewinini-na
adaawewininiikwe,adaawewininiikwew2,NA,NA_VV,NONE,https://ojibwe.lib.umn.edu/main-entry/adaawewininiikwe-na
abwaan,abwaan,NA,NA_C,NONE,UnpublishedOPD
abwaan,abwaan,NI,NI_C,NONE,https://ojibwe.lib.umn.edu/main-entry/abwaan-ni
aazhawa'oojigan,aazhawa'oojigan,NI,NI_C,NONE,https://ojibwe.lib.umn.edu/main-entry/aazhawa-oojigan-ni
abwaanaatig,abwaanaatigw2,NI,NI_Cw,NONE,UnpublishedOPD
adik,adikw2,NA,NA_irrCw,NONE,https://ojibwe.lib.umn.edu/main-entry/adik-na
abwaanaatigwaan,abwaanaatigwaan,NI,NI_C,NONE,UnpublishedOPD
aazhawa'oojigewinini,aazhawa'oojigewininiw2,NA,NA_Vw,NONE,https://ojibwe.lib.umn.edu/main-entry/aazhawa-oojigewinini-na
adikameg,adikamegw2,NA,NA_irrCw,NONE,https://ojibwe.lib.umn.edu/main-entry/adikameg-na
aazhawa'ookiiwin,aazhawa'ookiiwin,NI,NI_C,NONE,https://ojibwe.lib.umn.edu/main-entry/aazhawa-ookiiwin-ni
adikamego-waakwag,adikamego-waakw2,NA,NA_Cw,NONE,UnpublishedOPD
adiko-wiiyaas,adiko-wiiyaas,NI,NI_C,NONE,https://ojibwe.lib.umn.edu/main-entry/adiko-wiiyaas-ni
aadikwe'iganaatig,aadikweh'iganaatigw2,NI,NI_Cw,NONE,UnpublishedOPD
aadikwe'igewinini,aadikwe'igewininiw2,NA,NA_Vw,NONE,UnpublishedOPD
abakweshkway,abakweshkway,NA,NA_C,NONE,UnpublishedOPD
abanzh,abanzhy2,NI,NI_Cy,NONE,https://ojibwe.lib.umn.edu/main-entry/abanzh-ni
adiman,adiman,NI,NI_C,NONE,https://ojibwe.lib.umn.edu/main-entry/adiman-ni
abanzhiiyaak,abanzhiiyaakw2,NI,NI_Cw,NONE,UnpublishedOPD
abanzhiiwaatig,abanzhiiwaatigw2,NI,NI_Cw,NONE,UnpublishedOPD
abashkway,abashkway,NA,NA_C,NONE,UnpublishedOPD
agikokaa-mashkiki,agikokaa-mashkikiw2,NI,NI_Vw,NONE,UnpublishedOPD
adisaweyeshiinh,adisaweyeshiinh,NA,NA_C,NONE,UnpublishedOPD
aazhawininj,aazhawininjy2,NI,NI_Cy,NONE,UnpublishedOPD
aazhogan,aazhogan,NI,NI_C,NONE,https://ojibwe.lib.umn.edu/main-entry/aazhogan-ni
agoozimagaki,agoozimagakiw2,NA,NA_Vw,NONE,UnpublishedOPD
adisigan,adisigan,NI,NI_C,NONE,https://ojibwe.lib.umn.edu/main-entry/adisigan-ni
agindaaso-waazakonenjigan,agindaaso-waazakonenjigan,NI,NI_C,NONE,UnpublishedOPD
adisiiwag,adisiiwagw2,NI,NI_Cw,NONE,UnpublishedOPD
agoozimakakii,agoozimakakiiw2,NA,NA_VV,NONE,https://ojibwe.lib.umn.edu/main-entry/agoozimakakii-na
adisimineshiinh,adisimineshiinh,NA,NA_C,NONE,UnpublishedOPD
abwewasigan,abwewasigan,NI,NI_C,NONE,https://ojibwe.lib.umn.edu/main-entry/abwewasigan-ni
agoozowin,agoozowin,NI,NI_C,NONE,UnpublishedOPD
agindaasoowigamig,agindaasoowigamigw2,NI,NI_Cw,NONE,https://ojibwe.lib.umn.edu/main-entry/agindaasoowigamig-ni
abwewasiganaak,abwewasiganaakw2,NI,NI_Cw,NONE,UnpublishedOPD
agindaasowin,agindaasowin,NI,NI_C,NONE,UnpublishedOPD
abiichigan,abiichigan,NI,NI_C,NONE,UnpublishedOPD
aditebag,aditebagw2,NI,NI_Cw,NONE,UnpublishedOPD
abwewin,abwewin,NI,NI_C,NONE,https://ojibwe.lib.umn.edu/main-entry/abwewin-ni
aditebagaa-giizis,aditebagaa-giizisw2,NA,NA_Cw,NONE,UnpublishedOPD
aditeminagaawanzh,aditeminagaawanzhy2,NI,NI_Cy,NONE,UnpublishedOPD
abwewinaabik,abwewinaabikw2,NI,NI_Cw,NONE,https://ojibwe.lib.umn.edu/main-entry/abwewinaabik-ni
aditetaamin,aditetaamin,NI,NI_C,NONE,UnpublishedOPD
adoob,adooby2,NA,NA_Cy,NONE,UnpublishedOPD
adoobaatig,adoobaatigw2,NA,NA_Cw,NONE,UnpublishedOPD
agosimaanens,agosimaanens,NA,NA_C,NONE,UnpublishedOPD
abiigizigewinini,abiigizigewininiw2,NA,NA_Vw,NONE,https://ojibwe.lib.umn.edu/main-entry/abiigizigewinini-na
adoop,adoopy2,NI,NI_Cy,NONE,https://ojibwe.lib.umn.edu/main-entry/adoop-ni
agawaate'igan,agawaate'igan,NI,NI_C,NONE,UnpublishedOPD
abweyaanaak,abweyaanaakw2,NI,NI_Cw,NONE,UnpublishedOPD
adoopii-wanagek,adoopii-wanagekw2,NA,NA_irrCw,NONE,UnpublishedOPD
aazhawaandawaagan,aazhawaandawaagan,NI,NI_C,NONE,https://ojibwe.lib.umn.edu/main-entry/aazhawaandawaagan-ni
adoopii-wiigob,adoopii-wiigoby2,NI,NI_Cy,NONE,UnpublishedOPD
abiiwigamig,abiiwigamigw2,NI,NI_Cw,NONE,https://ojibwe.lib.umn.edu/main-entry/abiiwigamig-ni
agawaate'on,agawaate'on,NI,NI_C,NONE,https://ojibwe.lib.umn.edu/main-entry/agawaate-on-ni
agowin,agowin,NI,NI_C,NONE,UnpublishedOPD
adoopowin,adoopowin,NI,NI_C,NONE,https://ojibwe.lib.umn.edu/main-entry/adoopowin-ni
abinaasowin,abinaasowin,NI,NI_C,NONE,UnpublishedOPD
adoopowinaak,adoopowinaakw2,NI,NI_Cw,NONE,https://ojibwe.lib.umn.edu/main-entry/adoopowinaak-ni
aazhoobii'igan,aazhoobii'igan,NI,NI_C,NONE,UnpublishedOPD
adoopowiniigin,adoopowiniiginw2,NI,NI_Cw,NONE,https://ojibwe.lib.umn.edu/main-entry/adoopowiniigin-ni
abinoojiinh,abinoojiinhy1,NA,NA_VVny,NONE,https://ojibwe.lib.umn.edu/main-entry/abinoojiinh-na
aazhibik,aazhibikw2,NI,NI_Cw,NONE,https://ojibwe.lib.umn.edu/main-entry/aazhibik-ni
agobizonens,agobizonens,NI,NI_C,NONE,https://ojibwe.lib.umn.edu/main-entry/agobizonens-ni
agwanaaba'igan,agwanaaba'igan,NI,NI_C,NONE,UnpublishedOPD
ajidamoo,ajidamoow2,NA,NA_VV,NONE,https://ojibwe.lib.umn.edu/main-entry/ajidamoo-na
abinoojiinh-babagiwayaan,abinoojiinh-babagiwayaan,NI,NI_C,NONE,UnpublishedOPD
abinoojiinh-bagiwayaanens,abinoojiinh-bagiwayaanens,NI,NI_C,NONE,UnpublishedOPD
abinoojiinh-biinzikawaaganens,abinoojiinh-biinzikawaaganens,NI,NI_C,NONE,UnpublishedOPD
agwanaan,agwanaan,NA,NA_C,NONE,UnpublishedOPD
ajidamoo-nagwaagan,ajidamoo-nagwaagan,NI,NI_C,NONE,https://ojibwe.lib.umn.edu/main-entry/ajidamoo-nagwaagan-ni
abinoojiinh-biitooshkiganens,abinoojiinh-biitooshkiganens,NI,NI_C,NONE,UnpublishedOPD
abinoojiinh-biizikaagan,abinoojiinh-biizikaagan,NI,NI_C,NONE,UnpublishedOPD
abwi,abwy2,NI,NI_ShortCy,NONE,https://ojibwe.lib.umn.edu/main-entry/abwi-ni
ajidamoowaanow,ajidamoowaanow,NI,NI_C,NONE,UnpublishedOPD
abinoojiinh-giboodiyegwaazon,abinoojiinh-giboodiyegwaazon,NA,NA_C,NONE,UnpublishedOPD
aazhide-waagosh,aazhide-waagosh,NA,NA_C,NONE,https://ojibwe.lib.umn.edu/main-entry/aazhide-waagosh-na
agogwaajigan,agogwaajigan,NI,NI_C,NONE,https://ojibwe.lib.umn.edu/main-entry/agogwaajigan-ni
ajidamoowayaan,ajidamoowayaan,NA,NA_C,NONE,https://ojibwe.lib.umn.edu/main-entry/ajidamoowayaan-na
abinoojiinh-gigishkigan,abinoojiinh-gigishkigan,NI,NI_C,NONE,UnpublishedOPD
agwanaate'igan,agwanaate'igan,NI,NI_C,NONE,UnpublishedOPD
abwiikaan,abwiikaan,NA,NA_C,NONE,https://ojibwe.lib.umn.edu/main-entry/abwiikaan-na
abinoojiinh-midaasens,abinoojiinh-midaasens,NA,NA_C,NONE,UnpublishedOPD
abinoojiinh-minjikaawaanens,abinoojiinh-minjikaawaanens,NA,NA_C,NONE,UnpublishedOPD
abwiikaanens,abwiikaanens,NA,NA_C,NONE,https://ojibwe.lib.umn.edu/main-entry/abwiikaanens-na
abinoojiinh-odaminwaaganensiwidaabaan,abinoojiinh-odaminwaaganensiwidaabaan,NI,NI_C,NONE,UnpublishedOPD
abinoojiinh-wewebizowin,abinoojiinh-wewebizowin,NI,NI_C,NONE,UnpublishedOPD
abinoojiinh-wiisiniwin,abinoojiinh-wiisiniwin,NI,NI_C,NONE,UnpublishedOPD
agwaakwa'igan,agwaakwa'igan,NI,NI_C,NONE,https://ojibwe.lib.umn.edu/main-entry/agwaakwa-igan-ni
ajijaak,ajijaakw2,NA,NA_Cw,NONE,https://ojibwe.lib.umn.edu/main-entry/ajijaak-na
ajijaak,ajijaakw2,NA,NA_irrCw,NONE,https://ojibwe.lib.umn.edu/main-entry/ajijaak-na
abinoojiinhwidaabaan,abinoojiinhwidaabaan,NA,NA_C,NONE,UnpublishedOPD
abinoojiins,abinoojiins,NA,NA_C,NONE,UnpublishedOPD
akwaandawebizon,akwaandawebizon,NI,NI_C,NONE,https://ojibwe.lib.umn.edu/main-entry/akwaandawebizon-ni
aazhooningwa'on,aazhooningwa'on,NI,NI_C,NONE,https://ojibwe.lib.umn.edu/main-entry/aazhooningwa-on-ni
abinoojiinyaanziyaanens,abinoojiinyaanziyaanens,NI,NI_C,NONE,UnpublishedOPD
achaab,achaaby2,NI,NI_Cy,NONE,https://ojibwe.lib.umn.edu/main-entry/achaab-ni
abinoojiinyensiwi-wiiwakwaan,abinoojiinyensiwi-wiiwakwaan,NI,NI_C,NONE,UnpublishedOPD
amikoons,amikoons,NA,NA_C,NONE,https://ojibwe.lib.umn.edu/main-entry/amikoons-na
agwaa'on,agwaa'on,NI,NI_C,NONE,UnpublishedOPD
amikotigwaan,amikotigwaan,NI,NI_C,NONE,https://ojibwe.lib.umn.edu/main-entry/amikotigwaan-ni
amikozid,amikozid,NI,NI_C,NONE,https://ojibwe.lib.umn.edu/main-entry/amikozid-ni
agaamii-mitaawang,agaamii-mitaawangw2,NI,NI_Cw,NONE,UnpublishedOPD
amikozow,amikozow,NI,NI_C,NONE,https://ojibwe.lib.umn.edu/main-entry/amikozow-ni
abinoojiinyens,abinoojiinyens,NA,NA_C,NONE,https://ojibwe.lib.umn.edu/main-entry/abinoojiiyens-na
amikwaabid,amikwaabid,NI,NI_C,NONE,https://ojibwe.lib.umn.edu/main-entry/amikwaabid-ni
amikwaandag,amikwaandagw2,NA,NA_Cw,NONE,UnpublishedOPD
abinoonjii-abapiwin,abinoonjii-abapiwin,NI,NI_C,NONE,UnpublishedOPD
amikwaanow,amikwaanow,NI,NI_C,NONE,UnpublishedOPD
abinoonjiiwidaabaan,abinoonjiiwidaabaan,NI,NI_C,NONE,UnpublishedOPD
anangoowinini,anangoowininiw2,NA,NA_Vw,NONE,UnpublishedOPD
agwanigaan,agwanigaan,NI,NI_C,NONE,https://ojibwe.lib.umn.edu/main-entry/agwanigaan-ni
amikwanii'igan,amikwanii'igan,NI,NI_C,NONE,https://ojibwe.lib.umn.edu/main-entry/amikwanii-igan-ni
abiwin,abiwin,NI,NI_C,NONE,https://ojibwe.lib.umn.edu/main-entry/abiwin-ni
amikwayaan,amikwayaan,NA,NA_C,NONE,https://ojibwe.lib.umn.edu/main-entry/amikwayaan-na
adaandiwin,adaandiwin,NI,NI_C,NONE,UnpublishedOPD
amikwiish,amikwiish,NI,NI_C,NONE,https://ojibwe.lib.umn.edu/main-entry/amikwiish-ni
agwaniiginaan,agwaniiginaan,NI,NI_C,NONE,UnpublishedOPD
agokiwasiganens,agokiwasiganens,NI,NI_C,NONE,UnpublishedOPD
adaawaagan,adaawaagan,NI,NI_C,NONE,https://ojibwe.lib.umn.edu/main-entry/adaawaagan-ni
ane'akokwaan,ane'akokwaan,NI,NI_C,NONE,UnpublishedOPD
ane'igan,ane'igan,NI,NI_C,NONE,UnpublishedOPD
amojiishkiwaan,amojiishkiwaan,NI,NI_C,NONE,https://ojibwe.lib.umn.edu/main-entry/amojiishkiwaan-ni
akakanzhe,akakanzhew2,NI,NI_VV,NONE,https://ojibwe.lib.umn.edu/main-entry/akakanzhe-ni
agwanogaan,agwanogaan,NI,NI_C,NONE,https://ojibwe.lib.umn.edu/main-entry/agwanogaan-ni
akakanzhewaatig,akakanzhewaatigw2,NI,NI_Cw,NONE,UnpublishedOPD
akakojiisens,akakojiisens,NA,NA_C,NONE,UnpublishedOPD
agwaawaanaak,agwaawaanaakw2,NI,NI_Cw,NONE,https://ojibwe.lib.umn.edu/main-entry/agwaawaanaak-ni
agongosens,agongosens,NA,NA_C,NONE,https://ojibwe.lib.umn.edu/main-entry/agongosens-na
akakojiish,akakojiish,NA,NA_C,NONE,https://ojibwe.lib.umn.edu/main-entry/akakojiish-na
anaakan,anaakan,NI,NI_C,NONE,https://ojibwe.lib.umn.edu/main-entry/anaakan-ni
agwaawaanaakokaan,agwaawaanaakokaan,NI,NI_C,NONE,https://ojibwe.lib.umn.edu/main-entry/agwaawaanaakokaan-ni
akakojiishens,akakojiishens,NA,NA_C,NONE,UnpublishedOPD
akakojiishensiwaazh,akakojiishensiwaazh,NI,NI_C,NONE,UnpublishedOPD
anaakanashk,anaakanashkw2,NI,NI_Cw,NONE,https://ojibwe.lib.umn.edu/main-entry/anaakanashk-ni
akakojiishi,akakojiishiw2,NA,NA_Vw,NONE,https://ojibwe.lib.umn.edu/main-entry/akakojiishi-na
aniib,aniiby2,NA,NA_Cy,NONE,https://ojibwe.lib.umn.edu/main-entry/aniib-na
anaakaneyaab,anaakaneyaaby2,NI,NI_Cy,NONE,UnpublishedOPD
akakojiishiwaazh,akakojiishiwaazh,NI,NI_C,NONE,https://ojibwe.lib.umn.edu/main-entry/akakojiishiwaazh-ni
aniibii-mitigwaabaak,aniibii-mitigwaabaakw2,NA,NA_Cw,NONE,UnpublishedOPD
aniibimin,aniibimin,NI,NI_C,NONE,https://ojibwe.lib.umn.edu/main-entry/aniibimin-ni
aniibiminagaawanzh,aniibiminagaawanzhy2,NA,NA_Cy,NONE,https://ojibwe.lib.umn.edu/main-entry/aniibiminagaawanzh-na
akandamoo,akandamoow2,NA,NA_VV,NONE,https://ojibwe.lib.umn.edu/main-entry/akandamoo-na
akandamoons,akandamoons,NA,NA_C,NONE,UnpublishedOPD
akandoowaagan,akandoowaagan,NI,NI_C,NONE,https://ojibwe.lib.umn.edu/main-entry/akandoowaagan-ni
aniibiishaabo,aniibiishaabow2,NI,NI_Vw,NONE,UnpublishedOPD
aniibiishaaboo,aniibiishaaboow2,NI,NI_VV,NONE,https://ojibwe.lib.umn.edu/main-entry/aniibiishaaboo-ni
akandoowin,akandoowin,NI,NI_C,NONE,https://ojibwe.lib.umn.edu/main-entry/akandoowin-ni
angogos,angogos,NA,NA_C,NONE,UnpublishedOPD
agwazhaan,agwazhaan,NI,NI_C,NONE,https://ojibwe.lib.umn.edu/main-entry/agwazhaan-ni
agonjoonaagan,agonjoonaagan,NI,NI_C,NONE,https://ojibwe.lib.umn.edu/main-entry/agonjoonaagan-ni
angogosimowin,angogosimowin,NI,NI_C,NONE,UnpublishedOPD
adaawewigamig,adaawewigamigw2,NI,NI_Cw,NONE,https://ojibwe.lib.umn.edu/main-entry/adaawewigamig-ni
agoodakikwaan,agoodakikwaan,NI,NI_C,NONE,https://ojibwe.lib.umn.edu/main-entry/agoodakikwaan-ni
andawenjigewinini,nandawenjigewininiw2,NA,NA_Vw,NONE,UnpublishedOPD
andawenjigewinini,andawenjigewininiw2,NA,NA_Vw,NONE,UnpublishedOPD
akwa'wewigamig,akwa'wewigamigw2,NI,NI_Cw,NONE,https://ojibwe.lib.umn.edu/main-entry/akwa-wewigamig-ni
aniibiishaabookewinini,aniibiishaabookewininiw2,NA,NA_Vw,NONE,https://ojibwe.lib.umn.edu/main-entry/aniibiishaabookewinini-na
anishinaabe-gikinoo'amaadiiwigamig,anishinaabe-gikinoo'amaadiiwigamigw2,NI,NI_Cw,NONE,UnpublishedOPD
aniibiishakik,aniibiishakikw2,NA,NA_Cw,NONE,https://ojibwe.lib.umn.edu/main-entry/aniibiishakik-na
akwa'wewinini,akwa'wewininiw2,NA,NA_Vw,NONE,https://ojibwe.lib.umn.edu/main-entry/akwa-wewinini-na
agoodakikwaanaabik,agoodakikwaanaabikw2,NI,NI_Cw,NONE,UnpublishedOPD
adaawewikwe,adaawewikwew2,NA,NA_VV,NONE,https://ojibwe.lib.umn.edu/main-entry/adaawewikwe-na
agoodakikwaanaak,agoodakikwaanaakw2,NI,NI_Cw,NONE,https://ojibwe.lib.umn.edu/main-entry/agoodakikwaanaak-ni
anishinaabe-inini,anishinaabe-ininiw2,NA,NA_Vw,NONE,UnpublishedOPD
aniibiishakikoons,aniibiishakikoons,NA,NA_C,NONE,UnpublishedOPD
aniibiishens,aniibiishens,NI,NI_C,NONE,https://ojibwe.lib.umn.edu/main-entry/aniibiishens-ni
anishinaabe-izhichigewin,anishinaabe-izhichigewin,NI,NI_C,NONE,UnpublishedOPD
aniibiishensan,aniibiishens,NI,NI_C,NONE,UnpublishedOPD
anaamakamigoowinini,anaamakamigoowininiw2,NA,NA_Vw,NONE,UnpublishedOPD
agwazhe'on,agwazhe'on,NI,NI_C,NONE,UnpublishedOPD
aniibiishibag,aniibiishibagw2,NI,NI_Cw,NONE,https://ojibwe.lib.umn.edu/main-entry/aniibiishibag-ni
anishinaabe-izhinikaazowin,anishinaabe-izhinikaazowin,NI,NI_C,NONE,https://ojibwe.lib.umn.edu/main-entry/anishinaabe-izhinikaazowin-ni
agig,agigw2,NA,NA_Cw,NONE,https://ojibwe.lib.umn.edu/main-entry/agig-na
agwaayaa'anaakonisag,agwaayaa'anaakonisagw2,NI,NI_Cw,NONE,UnpublishedOPD
anishinaabe-izhitwaawin,anishinaabe-izhitwaawin,NI,NI_C,NONE,https://ojibwe.lib.umn.edu/main-entry/anishinaabe-izhitwaawin-ni
agwaayaa'anjisag,agwaayaa'anjisagw2,NI,NI_Cw,NONE,UnpublishedOPD
akawakwaan,akawakwaan,NI,NI_C,NONE,UnpublishedOPD
anishinaabe-jiibegamig,anishinaabe-jiibegamigw2,NI,NI_Cw,NONE,UnpublishedOPD
agigokaawin,agigokaawin,NI,NI_C,NONE,https://ojibwe.lib.umn.edu/main-entry/agigokaawin-ni
anishinaabe-maawandoogwaason,anishinaabe-maawandoogwaason,NI,NI_C,NONE,https://ojibwe.lib.umn.edu/main-entry/anishinaabe-maawandoogwaason-ni
aniibiishikewikwe,aniibiishikewikwew2,NA,NA_VV,NONE,https://ojibwe.lib.umn.edu/main-entry/aniibiishikewikwe-na
aniibiishikewinini,aniibiishikewininiw2,NA,NA_Vw,NONE,https://ojibwe.lib.umn.edu/main-entry/aniibiishikewinini-na
akawewigamig,akawewigamigw2,NI,NI_Cw,NONE,UnpublishedOPD
agoodinasabaanaak,agoodinasabaanaakw2,NI,NI_Cw,NONE,https://ojibwe.lib.umn.edu/main-entry/agoodinasabaanaak-ni
agwiingwe'on,agwiingwe'on,NI,NI_C,NONE,UnpublishedOPD
anishinaabe-manoomin,anishinaabe-manoomin,NI,NI_C,NONE,https://ojibwe.lib.umn.edu/main-entry/anishinaabe-manoomin-ni
aniibiishikewininiins,aniibiishikewininiins,NA,NA_C,NONE,UnpublishedOPD
animobiiway,animobiiway,NI,NI_C,NONE,UnpublishedOPD
akawishibewin,akawishibewin,NI,NI_C,NONE,https://ojibwe.lib.umn.edu/main-entry/akawishibewin-ni
anishinaabe-mashkiki,anishinaabe-mashkikiw2,NI,NI_Vw,NONE,UnpublishedOPD
animodaabaanaak,animodaabaanaakw2,NA,NA_Cw,NONE,UnpublishedOPD
anishinaabe-mashkikiiwinini,anishinaabe-mashkikiiwininiw2,NA,NA_Vw,NONE,UnpublishedOPD
agwiiwin,agwiiwin,NI,NI_C,NONE,https://ojibwe.lib.umn.edu/main-entry/agwiiwin-ni
animogan,animogan,NI,NI_C,NONE,https://ojibwe.lib.umn.edu/main-entry/animogan-ni
anishinaabe-mashkimod,anishinaabe-mashkimod,NI,NI_C,NONE,UnpublishedOPD
agwinaan,agwinaan,NA,NA_C,NONE,https://ojibwe.lib.umn.edu/main-entry/agwinaan-na
anishinaabe-mindimooyenh,anishinaabe-mindimooyenhy1,NA,NA_VVny,NONE,UnpublishedOPD
animoninj,animoninjy2,NI,NI_Cy,NONE,https://ojibwe.lib.umn.edu/main-entry/animoninj-ni
aniibiminaatig,aniibiminaatigw2,NA,NA_Cw,NONE,https://ojibwe.lib.umn.edu/main-entry/aniibiminaatig-na
agwinaan,agwinaan,NI,NI_C,NONE,UnpublishedOPD
aniibiminaganzh,aniibiminaganzhy2,NA,NA_Cy,NONE,UnpublishedOPD
anijiimin,anijiimin,NA,NA_C,NONE,https://ojibwe.lib.umn.edu/main-entry/anijiimin-na
agwingwis,agwingwis,NA,NA_C,NONE,UnpublishedOPD
anishinaabe-nagamon,anishinaabe-nagamon,NI,NI_C,NONE,UnpublishedOPD
anijiiminaaboo,anijiiminaaboow2,NI,NI_VV,NONE,https://ojibwe.lib.umn.edu/main-entry/anijiiminaaboo-ni
akii-bimide,akii-bimidew2,NI,NI_VV,NONE,UnpublishedOPD
anishinaabe-nagamowin,anishinaabe-nagamowin,NI,NI_C,NONE,UnpublishedOPD
agwinjii'onaagan,agwinjii'onaagan,NI,NI_C,NONE,UnpublishedOPD
agoodwaagan,agoodwaagan,NI,NI_C,NONE,https://ojibwe.lib.umn.edu/main-entry/agoodwaagan-ni
anijiiminag,anijiimin,NA,NA_C,NONE,UnpublishedOPD
akii-bimide-atoobaan,akii-bimide-atoobaan,NI,NI_C,NONE,UnpublishedOPD
akii-bimide-waasakwanenjigan,akii-bimide-waasakwanenjigan,NI,NI_C,NONE,UnpublishedOPD
agoodwaaganeyaab,agoodwaaganeyaaby2,NI,NI_Cy,NONE,https://ojibwe.lib.umn.edu/main-entry/agoodwaaganeyaab-ni
anijiimin,anijiimin,NI,NI_C,NONE,https://ojibwe.lib.umn.edu/main-entry/anijiimin-ni
akii-mazina'igan,akii-mazina'igan,NI,NI_C,NONE,https://ojibwe.lib.umn.edu/main-entry/akii-mazina-igan-ni
agwinjiwinaagan,agwinjiwinaagan,NI,NI_C,NONE,https://ojibwe.lib.umn.edu/main-entry/agwinjiwinaagan-ni
anishinaabe-oshki-inini,anishinaabe-oshki-ininiw2,NA,NA_Vw,NONE,UnpublishedOPD
anikamaan,anikamaan,NI,NI_C,NONE,UnpublishedOPD
anaamibii-gookoosh,anaamibii-gookoosh,NA,NA_C,NONE,UnpublishedOPD
agwinjoonaagan,agwinjoonaagan,NI,NI_C,NONE,UnpublishedOPD
agwaayaanjisag,agwaayaanjisagw2,NI,NI_Cw,NONE,UnpublishedOPD
ajidagoodaagan,ajidagoodaagan,NA,NA_C,NONE,UnpublishedOPD
akiikaan,akiikaan,NI,NI_C,NONE,UnpublishedOPD
animoons,animoons,NA,NA_C,NONE,https://ojibwe.lib.umn.edu/main-entry/animoons-na
agoojigan,agoojigan,NI,NI_C,NONE,https://ojibwe.lib.umn.edu/main-entry/agoojigan-ni
anishinaabe-wiinzowin,anishinaabe-wiinzowin,NI,NI_C,NONE,https://ojibwe.lib.umn.edu/main-entry/anishinaabe-wiinzowin-ni
amanisowin,amanisowin,NI,NI_C,NONE,https://ojibwe.lib.umn.edu/main-entry/amanisowin-ni
anishinaabe-zaasagokwaan,anishinaabe-zaasagokwaan,NA,NA_C,NONE,UnpublishedOPD
akiinikwaan,akiinikwaan,NI,NI_C,NONE,UnpublishedOPD
agoojiganaabik,agoojiganaabikw2,NI,NI_Cw,NONE,https://ojibwe.lib.umn.edu/main-entry/agoojiganaabik-ni
andojige-mazina'igan,andojige-mazina'igan,NI,NI_C,NONE,https://ojibwe.lib.umn.edu/main-entry/andojige-mazina-igan-ni
agoojiganaatig,agoojiganaatigw2,NI,NI_Cw,NONE,https://ojibwe.lib.umn.edu/main-entry/agoojiganaatig-ni
anishinaabe-zhiiwaagamizigan,anishinaabe-zhiiwaagamizigan,NI,NI_C,NONE,https://ojibwe.lib.umn.edu/main-entry/anishinaabe-zhiiwaagamizigan-ni
akiiwe-wiigiwaam,akiiwe-wiigiwaam,NI,NI_C,NONE,https://ojibwe.lib.umn.edu/main-entry/akiiwe-wiigiwaam-ni
animosh,animosh,NA,NA_C,NONE,https://ojibwe.lib.umn.edu/main-entry/animosh-na
anishinaabe-ziiga'igaans,anishinaabe-ziiga'igaans,NI,NI_C,NONE,UnpublishedOPD
agoojiganeyaab,agoojiganeyaaby2,NI,NI_Cy,NONE,https://ojibwe.lib.umn.edu/main-entry/agoojiganeyaab-ni
anishinaabe-ziinzibaakwad,anishinaabe-ziinzibaakwadw2,NI,NI_Cw,NONE,https://ojibwe.lib.umn.edu/main-entry/anishinaabe-ziinzibaakwad-ni
animoshi-moo,animoshi-moow2,NI,NI_VV,NONE,https://ojibwe.lib.umn.edu/main-entry/animoshi-moo-ni
animoshi-waakaa'igan,animoshi-waakaa'igan,NI,NI_C,NONE,UnpublishedOPD
agoojiwanaanaak,agoojiwanaanaakw2,NI,NI_Cw,NONE,https://ojibwe.lib.umn.edu/main-entry/agoojiwanaanaak-ni
animoshidaabaan,animoshidaabaan,NA,NA_C,NONE,UnpublishedOPD
akiiwigamig,akiiwigamigw2,NI,NI_Cw,NONE,https://ojibwe.lib.umn.edu/main-entry/akiiwigamig-ni
anishinaabegitiziimag,anishinaabegitiziim,NA,NA_C,NONE,UnpublishedOPD
animoshigamig,animoshigamigw2,NI,NI_Cw,NONE,https://ojibwe.lib.umn.edu/main-entry/animoshigamig-ni
animoshigan,animoshigan,NI,NI_C,NONE,UnpublishedOPD
anishinaabekwe,anishinaabekwew2,NA,NA_VV,NONE,https://ojibwe.lib.umn.edu/main-entry/anishinaabekwe-na
animoshipikan,animoshipikan,NI,NI_C,NONE,UnpublishedOPD
akikaandag,akikaandagw2,NA,NA_Cw,NONE,https://ojibwe.lib.umn.edu/main-entry/akikaandag-na
animoshitigwaan,animoshitigwaan,NI,NI_C,NONE,UnpublishedOPD
anishinaabekwens,anishinaabekwens,NA,NA_C,NONE,UnpublishedOPD
akikoons,akikoons,NA,NA_C,NONE,https://ojibwe.lib.umn.edu/main-entry/akikoons-na
agwadaashi,agwadaashiw2,NA,NA_Vw,NONE,https://ojibwe.lib.umn.edu/main-entry/agwadaashi-na
animoshiwigamig,animoshiwigamigw2,NI,NI_Cw,NONE,https://ojibwe.lib.umn.edu/main-entry/animoshiwigamig-ni
amik,amikw2,NA,NA_Cw,NONE,https://ojibwe.lib.umn.edu/main-entry/amik-na
amik,amikw2,NA,NA_irrCw,NONE,https://ojibwe.lib.umn.edu/main-entry/amik-na
agwadaashiins,agwadaashiins,NA,NA_C,NONE,UnpublishedOPD
animoshozow,animoshozow,NI,NI_C,NONE,UnpublishedOPD
akiwenzii,akiwenziiy1,NA,NA_VVy,NONE,https://ojibwe.lib.umn.edu/main-entry/akiwenzii-na
animoshtigwaan,animoshtigwaan,NI,NI_C,NONE,UnpublishedOPD
anaamisagadoweshiinh,anaamisagadoweshiinhy1,NA,NA_VVny,NONE,https://ojibwe.lib.umn.edu/main-entry/anaamisagadoweshiinh-na
animozid,animozid,NI,NI_C,NONE,https://ojibwe.lib.umn.edu/main-entry/animozid-ni
amiko-bimide,amiko-bimidew2,NI,NI_VV,NONE,https://ojibwe.lib.umn.edu/main-entry/amiko-bimide-ni
animwaabid,animwaabid,NI,NI_C,NONE,https://ojibwe.lib.umn.edu/main-entry/animwaabid-ni
amiko-giba'igan,amiko-giba'igan,NI,NI_C,NONE,https://ojibwe.lib.umn.edu/main-entry/amiko-giba-igan-ni
animwaanow,animwaanow,NI,NI_C,NONE,https://ojibwe.lib.umn.edu/main-entry/animwaanow-ni
Anishinaabemowin,anishinaabemowin,NI,NI_C,NONE,https://ojibwe.lib.umn.edu/main-entry/anishinaabemowin-ni
akiwenziiyens,akiwenziiyens,NA,NA_C,NONE,UnpublishedOPD
amiko-miikana,amiko-miikan,NI,NI_Kana,NONE,https://ojibwe.lib.umn.edu/main-entry/amiko-miikana-ni
anishinaabens,anishinaabens,NA,NA_C,NONE,UnpublishedOPD
amiko-nagwaagan,amiko-nagwaagan,NI,NI_C,NONE,https://ojibwe.lib.umn.edu/main-entry/amiko-nagwaagan-ni
anishinaabesim,anishinaabesimw2,NA,NA_Cw,NONE,UnpublishedOPD
anishinaabesimoons,anishinaabesimoons,NA,NA_C,NONE,UnpublishedOPD
amiko-waasaakwanjigan,amiko-waasaakwanjigan,NI,NI_C,NONE,UnpublishedOPD
akwaandawaagan,akwaandawaagan,NI,NI_C,NONE,https://ojibwe.lib.umn.edu/main-entry/akwaandawaagan-ni
amiko-wiinin,amiko-wiininw2,NA,NA_Cw,NONE,https://ojibwe.lib.umn.edu/main-entry/amiko-wiinin-na
anishinaabewaadiziwin,anishinaabewaadiziwin,NI,NI_C,NONE,UnpublishedOPD
amiko-wiinzhinaa,amiko-wiinzhinaaw2,NA,NA_VV,NONE,https://ojibwe.lib.umn.edu/main-entry/amiko-wiinzhinaa-na
anishinaabewaki,anishinaabewaky2,NI,NI_ShortCy,NONE,https://ojibwe.lib.umn.edu/main-entry/anishinaabewaki-ni
amiko-wiinzob,amiko-wiinzoby2,NI,NI_Cy,NONE,https://ojibwe.lib.umn.edu/main-entry/amiko-wiinzob-ni
anishinaabewasim,anishinaabewasimw2,NA,NA_Cw,NONE,UnpublishedOPD
amiko-wiish,amiko-wiish,NI,NI_C,NONE,https://ojibwe.lib.umn.edu/main-entry/amiko-wiish-ni
anama'e-mazina'igan,anama'e-mazina'igan,NI,NI_C,NONE,https://ojibwe.lib.umn.edu/main-entry/anama-e-mazina-igan-ni
amiko-wiiyaas,amiko-wiiyaas,NI,NI_C,NONE,https://ojibwe.lib.umn.edu/main-entry/amiko-wiiyaas-ni
amiko-zaasiganag,amiko-zaasigan,NA,NA_C,NONE,https://ojibwe.lib.umn.edu/main-entry/amiko-zaasiganag-na
anama'e-nagamon,anama'e-nagamon,NI,NI_C,NONE,https://ojibwe.lib.umn.edu/main-entry/anama-e-nagamon-ni
amiko-zhiigozhigan,amiko-zhiigozhigan,NI,NI_C,NONE,https://ojibwe.lib.umn.edu/main-entry/amiko-zhiigozhigan-ni
anama'ekwe,anama'ekwew2,NA,NA_VV,NONE,https://ojibwe.lib.umn.edu/main-entry/anama-ekwe-na
animikii,animikiiw2,NA,NA_VV,NONE,https://ojibwe.lib.umn.edu/main-entry/animikii-na
amikob,amikoby2,NI,NI_Cy,NONE,https://ojibwe.lib.umn.edu/main-entry/amikob-ni
anama'eminag,anama'emin,NA,NA_C,NONE,UnpublishedOPD
anishinaabewibii'igan,anishinaabewibii'igan,NI,NI_C,NONE,https://ojibwe.lib.umn.edu/main-entry/anishinaabewibii-igan-ni
animikii-odikom,animikii-odikom,NA,NA_C,NONE,UnpublishedOPD
anama'eminensag,anama'eminens,NA,NA_C,NONE,https://ojibwe.lib.umn.edu/main-entry/anama-eminensag-na
amikode',amikode',NI,NI_C,NONE,https://ojibwe.lib.umn.edu/main-entry/amikode-ni
anishinaabewibii'igewin,anishinaabewibii'igewin,NI,NI_C,NONE,UnpublishedOPD
amikodoodikosiwens,amikodoodikosiwens,NA,NA_C,NONE,UnpublishedOPD
amikogan,amikogan,NI,NI_C,NONE,https://ojibwe.lib.umn.edu/main-entry/amikogan-ni
andookomeshiinh,andookomeshiinhy1,NA,NA_VVny,NONE,https://ojibwe.lib.umn.edu/main-entry/andookomeshiinh-na
anama'ewigamig,anama'ewigamigw2,NI,NI_Cw,NONE,https://ojibwe.lib.umn.edu/main-entry/anama-ewigamig-ni
amikoganjigan,amikoganjigan,NI,NI_C,NONE,UnpublishedOPD
andotamowin,nandotamowin,NI,NI_C,NONE,UnpublishedOPD
andotamowin,andotamowin,NI,NI_C,NONE,UnpublishedOPD
amikokon,amikokon,NI,NI_C,NONE,https://ojibwe.lib.umn.edu/main-entry/amikokon-ni
animikiiwaanakwad,animikiiwaanakwad,NI,NI_C,NONE,UnpublishedOPD
anama'ewikwe,anama'ewikwew2,NA,NA_VV,NONE,https://ojibwe.lib.umn.edu/main-entry/anama-ewikwe-na
amikomin,amikomin,NI,NI_C,NONE,https://ojibwe.lib.umn.edu/main-entry/amikomin-ni
anishinaabewinikaazowin,anishinaabewinikaazowin,NI,NI_C,NONE,https://ojibwe.lib.umn.edu/main-entry/anishinaabewinikaazowin-ni
anama'ewinini,anama'ewininiw2,NA,NA_Vw,NONE,UnpublishedOPD
amikominaatigoons,amikominaatigoons,NA,NA_C,NONE,UnpublishedOPD
animikiiwidikom,animikiiwidikom,NA,NA_C,NONE,UnpublishedOPD
amikoninj,amikoninjy2,NI,NI_Cy,NONE,https://ojibwe.lib.umn.edu/main-entry/amikoninj-ni
anami'eminensag,anami'eminensag,NA,NA_C,NONE,UnpublishedOPD
aniside-tii,aniside-tiiw2,NI,NI_VV,NONE,UnpublishedOPD
anamikotaadiwi-giizis,anamikotaadiwi-giizisw2,NA,NA_Cw,NONE,UnpublishedOPD
anit,anity2,NI,NI_Cy,NONE,https://ojibwe.lib.umn.edu/main-entry/anit-ni
anang,anangw2,NA,NA_Cw,NONE,https://ojibwe.lib.umn.edu/main-entry/anang-na
anitiiyaak,anitiiyaakw2,NI,NI_Cw,NONE,UnpublishedOPD
aninaabii,aninaabiiw2,NI,NI_VV,NONE,UnpublishedOPD
aninaandag,aninaandagw2,NA,NA_Cw,NONE,https://ojibwe.lib.umn.edu/main-entry/aninaandag-na
aninaatig,aninaatigw2,NA,NA_Cw,NONE,https://ojibwe.lib.umn.edu/main-entry/aninaatig-na
aninaatigo-aniibiish,aninaatigo-aniibiish,NI,NI_C,NONE,UnpublishedOPD
anokaajigan,anokaajigan,NI,NI_C,NONE,https://ojibwe.lib.umn.edu/main-entry/anokaajigan-ni
aninaatigoons,aninaatigoons,NI,NI_C,NONE,UnpublishedOPD
aninaatigwaaboo,aninaatigwaaboow2,NI,NI_VV,NONE,UnpublishedOPD
aninishib,aninishib,NA,NA_C,NONE,https://ojibwe.lib.umn.edu/main-entry/aninishib-na
anokii-biizikiigan,anokii-biizikiigan,NI,NI_C,NONE,UnpublishedOPD
anisaaboo,anisaaboow2,NI,NI_VV,NONE,UnpublishedOPD
anokii-makizin,anokii-makizin,NI,NI_C,NONE,UnpublishedOPD
anokii-minjikaawan,anokii-minjikaawan,NA,NA_C,NONE,https://ojibwe.lib.umn.edu/main-entry/anokii-minjikaawan-na
anishchigan,anishchigan,NI,NI_C,NONE,UnpublishedOPD
anokii'aagan,anokii'aagan,NA,NA_C,NONE,UnpublishedOPD
anishinaabe-abinoonjiinh,anishinaabe-abinoonjiinhy1,NA,NA_VVny,NONE,UnpublishedOPD
anishinaabe-agwazhaan,anishinaabe-agwazhaan,NI,NI_C,NONE,UnpublishedOPD
anishinaabe-akiwenzii,anishinaabe-akiwenziiy1,NA,NA_VVy,NONE,UnpublishedOPD
anishinaabe-baaga'adowaan,anishinaabe-baaga'adowaan,NI,NI_C,NONE,UnpublishedOPD
anishinaabe-bakwezhigan,anishinaabe-bakwezhigan,NA,NA_C,NONE,https://ojibwe.lib.umn.edu/main-entry/anishinaabe-bakwezhigan-na
amiko-waazh,amiko-waazh,NI,NI_C,NONE,https://ojibwe.lib.umn.edu/main-entry/amiko-waazh-ni
agobizon,agobizon,NI,NI_C,NONE,https://ojibwe.lib.umn.edu/main-entry/agobizon-ni
abwaanaak,abwaanaakw2,NI,NI_Cw,NONE,https://ojibwe.lib.umn.edu/main-entry/abwaanaak-ni
agwanji'onaagan,agwanji'onaagan,NI,NI_C,NONE,https://ojibwe.lib.umn.edu/main-entry/agwanji-onaagan-ni
anikamaanan,anikamaan,NI,NI_C,NONE,https://ojibwe.lib.umn.edu/main-entry/anikamaanan-ni
aajizidebizon,aajizidebizon,NI,NI_C,NONE,UnpublishedOPD
agokiwasigan,agokiwasigan,NI,NI_C,NONE,https://ojibwe.lib.umn.edu/main-entry/agokiwasigan-ni
aamoo-wazison,aamoo-wazison,NI,NI_C,NONE,https://ojibwe.lib.umn.edu/main-entry/aamoo-wazison-ni
agawaatesijigan,agawaatesijigan,NI,NI_C,NONE,UnpublishedOPD
agosimaan,agosimaan,NI,NI_C,NONE,https://ojibwe.lib.umn.edu/main-entry/agosimaan-ni
abinoojiinh-makizinens,abinoojiinh-makizinens,NI,NI_C,NONE,https://ojibwe.lib.umn.edu/main-entry/abinoojiinh-makizin-ni
anishinaabewitwaawin,anishinaabewitwaawin,NI,NI_C,NONE,https://ojibwe.lib.umn.edu/main-entry/anishinaabewitwaawin-ni
anokii-mazina'igan,anokii-mazina'igan,NI,NI_C,NONE,UnpublishedOPD
anishinaabe-maawanjii'idiwigamig,anishinaabe-maawanjii'idiwigamigw2,NI,NI_Cw,NONE,https://ojibwe.lib.umn.edu/main-entry/anishinaabe-maawanjii-idiiwigamig-ni
aadizookaan,aadizookaan,NA,NA_C,NONE,https://ojibwe.lib.umn.edu/main-entry/aadizookaan-na
aanikoobijigan,aanikoobijigan,NA,NA_C,NONE,https://ojibwe.lib.umn.edu/main-entry/aanikoobijigan-na
aanziyaan,aanziyaan,NI,NI_C,NONE,https://ojibwe.lib.umn.edu/main-entry/aanziyaan-ni
agindaatigwaan,agindaatigwaan,NI,NI_C,NONE,UnpublishedOPD
agongos,agongos,NA,NA_C,NONE,https://ojibwe.lib.umn.edu/main-entry/agongos-na
agwatoosijigan,agwatoosijigan,NI,NI_C,NONE,UnpublishedOPD
aki,aky2,NI,NI_ShortCy,NONE,https://ojibwe.lib.umn.edu/main-entry/aki-ni
akik,akikw2,NA,NA_Cw,NONE,https://ojibwe.lib.umn.edu/main-entry/akik-na
anaami-bashkweginwekizin,anaami-bashkweginwekizin,NI,NI_C,NONE,UnpublishedOPD
aniibiish,aniibiish,NI,NI_C,NONE,https://ojibwe.lib.umn.edu/main-entry/aniibiish-ni
anishinaabe,anishinaabew2,NA,NA_VV,NONE,https://ojibwe.lib.umn.edu/main-entry/anishinaabe-na
anokiiwayaan,anokiiwayaan,NI,NI_C,NONE,UnpublishedOPD
anokiiwidaabaan,anokiiwidaabaan,NA,NA_C,NONE,UnpublishedOPD
anokiiwigamig,anokiiwigamigw2,NI,NI_Cw,NONE,https://ojibwe.lib.umn.edu/main-entry/anokiiwigamig-ni
anokiiwikwe,anokiiwikwew2,NA,NA_VV,NONE,https://ojibwe.lib.umn.edu/main-entry/anokiiwikwe-na
anokiiwin,anokiiwin,NI,NI_C,NONE,https://ojibwe.lib.umn.edu/main-entry/anokiiwin-ni
anokiiwinini,anokiiwininiw2,NA,NA_Vw,NONE,https://ojibwe.lib.umn.edu/main-entry/anokiiwinini-na
anoodaagan,anoodaagan,NA,NA_C,NONE,UnpublishedOPD
asabaabaatig,asabaabaatigw2,NI,NI_Cw,NONE,UnpublishedOPD
apagijigewinini,apagijigewininiw2,NA,NA_Vw,NONE,https://ojibwe.lib.umn.edu/main-entry/apagijigewinini-na
asabaabiins,asabaabiins,NA,NA_C,NONE,UnpublishedOPD
asabaabiiwaatig,asabaabiiwaatigw2,NI,NI_Cw,NONE,https://ojibwe.lib.umn.edu/main-entry/asabaabiiwaatig-ni
asabaabiiwegin,asabaabiiweginw2,NI,NI_Cw,NONE,UnpublishedOPD
asabaabis,asabaabis,NA,NA_C,NONE,https://ojibwe.lib.umn.edu/main-entry/asabaabis-na
apakoojigan,apakoojigan,NI,NI_C,NONE,UnpublishedOPD
anwi,anwy2,NI,NI_ShortCy,NONE,https://ojibwe.lib.umn.edu/main-entry/anwi-ni
asabaabisens,asabaabisens,NA,NA_C,NONE,https://ojibwe.lib.umn.edu/main-entry/asabaabisens-na
asabaabisensiwaatig,asabaabisensiwaatigw2,NI,NI_Cw,NONE,UnpublishedOPD
apakwaagan,apakwaagan,NI,NI_C,NONE,UnpublishedOPD
anwii-baashkizigan,anwii-baashkizigan,NI,NI_C,NONE,https://ojibwe.lib.umn.edu/main-entry/anwii-baashkizigan-ni
apakwaajigan,apakwaajigan,NI,NI_C,NONE,UnpublishedOPD
apakwaan,apakwaan,NI,NI_C,NONE,https://ojibwe.lib.umn.edu/main-entry/apakwaan-ni
anwiins,anwiins,NI,NI_C,NONE,https://ojibwe.lib.umn.edu/main-entry/anwiins-ni
apakwaanaajiinh,apakwaanaajiinhy1,NA,NA_VVny,NONE,https://ojibwe.lib.umn.edu/main-entry/apakwaanaajiinh-na
anzaniin,anzaniin,NI,NI_C,NONE,UnpublishedOPD
apiingwe'igan,apiingwe'igan,NI,NI_C,NONE,https://ojibwe.lib.umn.edu/main-entry/apiingwe-igan-ni
apakwaanens,apakwaanens,NA,NA_C,NONE,UnpublishedOPD
apiingwe'on,apiingwe'on,NI,NI_C,NONE,UnpublishedOPD
apakweshkway,apakweshkway,NA,NA_C,NONE,https://ojibwe.lib.umn.edu/main-entry/apakweshkway-na
asabiiwazh,asabiiwazh,NI,NI_C,NONE,https://ojibwe.lib.umn.edu/main-entry/asabiiwazh-ni
ashi-ishwaaswaabik,ashi-ishwaaswaabikw2,NA,NA_Cw,NONE,UnpublishedOPD
asiboojigan,asiboojigan,NI,NI_C,NONE,UnpublishedOPD
apakweshkwayashk,apakweshkwayashkw2,NI,NI_Cw,NONE,UnpublishedOPD
asabikaanaak,asabikaanaakw2,NA,NA_Cw,NONE,https://ojibwe.lib.umn.edu/main-entry/asabikaanaak-na
asabikaanaak,asabikaanaakw2,NI,NI_Cw,NONE,https://ojibwe.lib.umn.edu/main-entry/asabikaanaak-ni
atisigan,atisigan,NI,NI_C,NONE,https://ojibwe.lib.umn.edu/main-entry/atisigan-ni
apikaan,apikaan,NI,NI_C,NONE,UnpublishedOPD
apikaanashk,apikaanashkw2,NI,NI_Cw,NONE,https://ojibwe.lib.umn.edu/main-entry/apikaanashk-ni
asabikeshiinh,asabikeshiinhy1,NA,NA_VVny,NONE,https://ojibwe.lib.umn.edu/main-entry/asabikeshiinh-na
ashi-niswaabik,ashiniswaabikw2,NA,NA_Cw,NONE,UnpublishedOPD
ashi-naanwaabik,ashi-naanwaabikw2,NA,NA_Cw,NONE,UnpublishedOPD
awazowin,awazowin,NI,NI_C,NONE,https://ojibwe.lib.umn.edu/main-entry/awazowin-ni
apikaans,apikaans,NI,NI_C,NONE,https://ojibwe.lib.umn.edu/main-entry/apikaans-ni
asabikeyaab,asabikeyaaby2,NA,NA_Cy,NONE,https://ojibwe.lib.umn.edu/main-entry/asabikeyaab-ni
atoobaan,atoobaan,NI,NI_C,NONE,https://ojibwe.lib.umn.edu/main-entry/atoobaan-ni
apikaazon,apikaazon,NI,NI_C,NONE,UnpublishedOPD
apa'igan,apa'igan,NI,NI_C,NONE,UnpublishedOPD
ashi-niiwaabik,ashi-niiwaabikw2,NA,NA_Cw,NONE,UnpublishedOPD
asigashka'igan,asigashka'igan,NI,NI_C,NONE,UnpublishedOPD
ashkaatig,ashkaatigw2,NI,NI_Cw,NONE,https://ojibwe.lib.umn.edu/main-entry/ashkaatig-ni
apa'iganaak,apa'iganaakw2,NI,NI_Cw,NONE,UnpublishedOPD
apanjigan,apanjigan,NI,NI_C,NONE,https://ojibwe.lib.umn.edu/main-entry/apanjigan-ni
ashkaatigo-ininaandag,ashkaatigo-ininaandagw2,NA,NA_Cw,NONE,https://ojibwe.lib.umn.edu/main-entry/ashkaatigo-ininaandag-na
apikaneyaab,apikaneyaaby2,NI,NI_Cy,NONE,UnpublishedOPD
asabisidoosh,asabisidoosh,NA,NA_C,NONE,UnpublishedOPD
ashkaawangi-bakwezhigan,ashkaawangi-bakwezhigan,NA,NA_C,NONE,https://ojibwe.lib.umn.edu/main-entry/ashkaawangi-bakwezhigan-na
apashki,apashkiw2,NA,NA_Vw,NONE,UnpublishedOPD
apikwaanaanjii,apikwaanaanjiiw2,NA,NA_VV,NONE,https://ojibwe.lib.umn.edu/main-entry/apikwaanaanjii-na
ashaweshk,ashaweshkw2,NI,NI_Cw,NONE,https://ojibwe.lib.umn.edu/main-entry/ashaweshk-ni
asinii-opwaagan,asinii-opwaagan,NA,NA_C,NONE,https://ojibwe.lib.umn.edu/main-entry/asanii-opwaagan-na
apaabikinigan,apaabikinigan,NI,NI_C,NONE,https://ojibwe.lib.umn.edu/main-entry/apaabikinigan-ni
apikweshimon,apikweshimon,NI,NI_C,NONE,https://ojibwe.lib.umn.edu/main-entry/apikweshimon-ni
apateshiwish,apateshiwish,NA,NA_C,NONE,UnpublishedOPD
awaasisi,awaasisiw2,NA,NA_Vw,NONE,UnpublishedOPD
asigibii'igewikwe,asigibii'igewikwew2,NA,NA_VV,NONE,https://ojibwe.lib.umn.edu/main-entry/asigibii-igewikwe-na
apikweshimoniigin,apikweshimoniiginw2,NI,NI_Cw,NONE,https://ojibwe.lib.umn.edu/main-entry/apikweshimoniigin-ni
awaasisiinh,awaasisiinh,NA,NA_C,NONE,UnpublishedOPD
apaabowaan,apaabowaan,NI,NI_C,NONE,UnpublishedOPD
asigibii'igewinini,asigibii'igewininiw2,NA,NA_Vw,NONE,https://ojibwe.lib.umn.edu/main-entry/asigibii-igewinini-na
ashkasab,ashkasaby2,NA,NA_Cy,NONE,UnpublishedOPD
awaasisiins,awaasisiins,NA,NA_C,NONE,UnpublishedOPD
asanjigoowigamig,asanjigoowigamigw2,NI,NI_Cw,NONE,https://ojibwe.lib.umn.edu/main-entry/asanjigoowigamig-ni
ayinendamowin,ayinendamowin,NI,NI_C,NONE,UnpublishedOPD
awaazisii,awaazisiiw2,NA,NA_VV,NONE,https://ojibwe.lib.umn.edu/main-entry/awaazisii-na
asanjigoowin,asanjigoowin,NI,NI_C,NONE,UnpublishedOPD
awenisiibag,awenisiibagw2,NI,NI_Cw,NONE,UnpublishedOPD
awaazisiins,awaazisiins,NA,NA_C,NONE,UnpublishedOPD
awakaajigan,awakaajigan,NA,NA_C,NONE,UnpublishedOPD
asanjigowin,asanjigowin,NI,NI_C,NONE,https://ojibwe.lib.umn.edu/main-entry/asanjigowin-ni
awesiinh,awesiinhy1,NA,NA_VVny,NONE,https://ojibwe.lib.umn.edu/main-entry/awesiinh-na
asiginaabikiweba'igan,asiginaabikiweba'igan,NI,NI_C,NONE,UnpublishedOPD
apinikaazowin,apinikaazowin,NA,NA_C,NONE,https://ojibwe.lib.umn.edu/main-entry/apinikaazowin-na
asasawemin,asasawemin,NI,NI_C,NONE,https://ojibwe.lib.umn.edu/main-entry/asasawemin-ni
ashki-wiiyaas,ashki-wiiyaas,NI,NI_C,NONE,https://ojibwe.lib.umn.edu/main-entry/ashki-wiiyaas-ni
awakaani-mashkikiiwinini,awakaani-mashkikiiwininiw2,NA,NA_Vw,NONE,https://ojibwe.lib.umn.edu/main-entry/awakaani-mashkikiiwinini-na
ashi-niizhwaabik,ashi-niizhwaabikw2,NA,NA_Cw,NONE,UnpublishedOPD
apaakozigan,apaakozigan,NI,NI_C,NONE,https://ojibwe.lib.umn.edu/main-entry/apaakozigan-ni
ashkibag,ashkibagw2,NI,NI_Cw,NONE,https://ojibwe.lib.umn.edu/main-entry/ashkibag-ni
ayinikwebijigan,ayinikwebijigan,NI,NI_C,NONE,UnpublishedOPD
asiginaak,asiginaakw2,NA,NA_irrCw,NONE,https://ojibwe.lib.umn.edu/main-entry/asiginaak-na
asasaweminaaboo,asasaweminaaboow2,NI,NI_VV,NONE,https://ojibwe.lib.umn.edu/main-entry/asasaweminaaboo-ni
apisataagan,apisataagan,NA,NA_C,NONE,UnpublishedOPD
awakaaniwigamig,awakaaniwigamigw2,NI,NI_Cw,NONE,UnpublishedOPD
apishi-akakojiishi,apishi-akakojiishiw2,NA,NA_Vw,NONE,UnpublishedOPD
asasaweminaatig,asasaweminaatigw2,NA,NA_Cw,NONE,UnpublishedOPD
apishi-gaagaagi,apishi-gaagaagiw2,NA,NA_Vw,NONE,UnpublishedOPD
awakaanigamig,awakaanigamigw2,NI,NI_Cw,NONE,https://ojibwe.lib.umn.edu/main-entry/awakaanigamig-ni
asasaweminagaawanzh,asasaweminagaawanzhy2,NA,NA_Cy,NONE,https://ojibwe.lib.umn.edu/main-entry/asasaweminagaawanzh-na
apishi-ogimaa,apishi-ogimaaw2,NA,NA_VV,NONE,UnpublishedOPD
apishi-ogimaakaan,apishi-ogimaakaan,NA,NA_C,NONE,UnpublishedOPD
asasawemini-baashkiminasigan,asasawemini-baashkiminasigan,NI,NI_C,NONE,https://ojibwe.lib.umn.edu/main-entry/asasawemini-baashkiminasigan-ni
asawaan,asawaan,NI,NI_C,NONE,https://ojibwe.lib.umn.edu/main-entry/asawaan-na
ashkibago-nitii,ashkibago-nitiiw2,NI,NI_VV,NONE,UnpublishedOPD
asawens,asawens,NA,NA_C,NONE,UnpublishedOPD
ashi-niizhwaaswaabik,ashi-niizhwaaswaabikw2,NA,NA_Cw,NONE,UnpublishedOPD
awi'igoowin,awi'igoowin,NI,NI_C,NONE,UnpublishedOPD
apenimowin,apenimowin,NI,NI_C,NONE,UnpublishedOPD
asekaan,asekaan,NA,NA_C,NONE,https://ojibwe.lib.umn.edu/main-entry/asekaan-na
apishimon,apishimon,NI,NI_C,NONE,https://ojibwe.lib.umn.edu/main-entry/apishimon-ni
apibii'igan,apibii'igan,NI,NI_C,NONE,https://ojibwe.lib.umn.edu/main-entry/apibii-igan-ni
asekaaniwegin,asekaaniweginw2,NI,NI_Cw,NONE,UnpublishedOPD
baaginewaatig,baaginewaatigw2,NA,NA_Cw,NONE,https://ojibwe.lib.umn.edu/main-entry/baaginewaatig-na
apishimonaakoons,apishimonaakoons,NA,NA_C,NONE,UnpublishedOPD
awishtawaa,awishtawaaw2,NA,NA_VV,NONE,UnpublishedOPD
apabiwin,apabiwin,NI,NI_C,NONE,https://ojibwe.lib.umn.edu/main-entry/apabiwin-ni
awishtwayaa,awishtwayaaw2,NA,NA_VV,NONE,UnpublishedOPD
ashkibwaan,ashkibwaan,NI,NI_C,NONE,UnpublishedOPD
apishimoniigin,apishimoniiginw2,NI,NI_Cw,NONE,https://ojibwe.lib.umn.edu/main-entry/apishimoniigin-ni
awistowaa,awistowaaw2,NA,NA_VV,NONE,UnpublishedOPD
azhebowaanaabik,azhebowaanaabikw2,NI,NI_Cw,NONE,UnpublishedOPD
apichi,apichiw2,NA,NA_Vw,NONE,https://ojibwe.lib.umn.edu/main-entry/apichi-na
azhebowaanaak,azhebowaanaakw2,NI,NI_Cw,NONE,https://ojibwe.lib.umn.edu/main-entry/azhebowaanaak-ni
baapaagimaak,baapaagimaakw2,NA,NA_Cw,NONE,https://ojibwe.lib.umn.edu/main-entry/baapaagimaak-na
baapaagimaak,baapaagimaakw2,NA,NA_irrCw,NONE,https://ojibwe.lib.umn.edu/main-entry/baapaagimaak-na
azhebowaani-jiimaan,azhebowaani-jiimaan,NI,NI_C,NONE,UnpublishedOPD
asigobaan,asigobaan,NI,NI_C,NONE,https://ojibwe.lib.umn.edu/main-entry/asigobaan-ni
apidiyebiwin,apidiyebiwin,NI,NI_C,NONE,UnpublishedOPD
aya'aans,aya'aans,NA,NA_C,NONE,UnpublishedOPD
asigobaani-mazinichigan,asigobaani-mazinichigan,NA,NA_C,NONE,https://ojibwe.lib.umn.edu/main-entry/asigobaani-mazinichigan-na
asekewin,asekewin,NI,NI_C,NONE,https://ojibwe.lib.umn.edu/main-entry/asekewin-ni
ashi-ningodwaaswaabik,ashi-ningodwaaswaabikw2,NA,NA_Cw,NONE,UnpublishedOPD
azheboyaan,azheboyaan,NI,NI_C,NONE,UnpublishedOPD
asemaa,asemaaw2,NA,NA_VV,NONE,https://ojibwe.lib.umn.edu/main-entry/asemaa-na
ashkiigin,ashkiiginw2,NI,NI_Cw,NONE,https://ojibwe.lib.umn.edu/main-entry/ashkiigin-ni
baapaagokojigan,baapaagokojigan,NI,NI_C,NONE,UnpublishedOPD
asin,asiny2,NA,NA_Cy,NONE,https://ojibwe.lib.umn.edu/main-entry/asin-na
aya'aawish,aya'aawish,NA,NA_C,NONE,UnpublishedOPD
azheboyaanaak,azheboyaanaakw2,NI,NI_Cw,NONE,https://ojibwe.lib.umn.edu/main-entry/azheboyaanaak-ni
apiganegwaajigan,apiganegwaajigan,NI,NI_C,NONE,https://ojibwe.lib.umn.edu/main-entry/apiganegwaajigan-ni
azheboyaanaatig,azheboyaanaatigw2,NI,NI_Cw,NONE,UnpublishedOPD
asemaa-adaawewigamig,asemaa-adaawewigamigw2,NI,NI_Cw,NONE,https://ojibwe.lib.umn.edu/main-entry/asemaa-adaawewigamig-ni
baapaagokozhiwewigamig,baapaagokozhiwewigamigw2,NI,NI_Cw,NONE,https://ojibwe.lib.umn.edu/main-entry/baapaagokozhiwewigamig-ni
apiganegwaason,apiganegwaason,NI,NI_C,NONE,UnpublishedOPD
apishkaamon,apishkaamon,NI,NI_C,NONE,https://ojibwe.lib.umn.edu/main-entry/apishkaamon-ni
baapaagokozhiwewikwe,baapaagokozhiwewikwew2,NA,NA_VV,NONE,https://ojibwe.lib.umn.edu/main-entry/baapaagokozhiwewikwe-na
asinaab,asinaaby2,NI,NI_Cy,NONE,https://ojibwe.lib.umn.edu/main-entry/asinaab-ni
asemaa-mashkimodens,asemaa-mashkimodens,NI,NI_C,NONE,https://ojibwe.lib.umn.edu/main-entry/asemaa-mashkimodens-ni
aya'iiwish,aya'iiwish,NI,NI_C,NONE,https://ojibwe.lib.umn.edu/main-entry/aya-iiwish-ni
baapaagokozhiwewinini,baapaagokozhiwewininiw2,NA,NA_Vw,NONE,https://ojibwe.lib.umn.edu/main-entry/baapaagokozhiwewinini-na
ashkikomaan,ashkikomaan,NI,NI_C,NONE,https://ojibwe.lib.umn.edu/main-entry/ashkikomaan-ni
apishkaamowin,apishkaamowin,NI,NI_C,NONE,UnpublishedOPD
asemaa-opwaagaans,asemaa-opwaagaans,NA,NA_C,NONE,https://ojibwe.lib.umn.edu/main-entry/asemaa-opwaagaans-na
apigwaajigan,apigwaajigan,NI,NI_C,NONE,https://ojibwe.lib.umn.edu/main-entry/apigwaajigan-ni
ashkikoman,ashkikoman,NI,NI_C,NONE,UnpublishedOPD
asinii-apakwaan,asinii-apakwaan,NI,NI_C,NONE,UnpublishedOPD
asinii-bagamaagan,asinii-bagamaagan,NI,NI_C,NONE,UnpublishedOPD
baaside'iminan,baaside'iminan,NI,NI_C,NONE,UnpublishedOPD
asinii-bwaan,asinii-bwaan,NA,NA_C,NONE,https://ojibwe.lib.umn.edu/main-entry/asinii-bwaan-na
apisidaagan,apisidaagan,NA,NA_C,NONE,https://ojibwe.lib.umn.edu/main-entry/apisidaagan-na
asemaans,asemaans,NA,NA_C,NONE,https://ojibwe.lib.umn.edu/main-entry/asemaans-na
ayoowin,ayoowin,NI,NI_C,NONE,UnpublishedOPD
ayaabe,ayaabew2,NA,NA_VV,NONE,https://ojibwe.lib.umn.edu/main-entry/ayaabe-na
asinii-mazina'igan,asinii-mazina'igan,NI,NI_C,NONE,UnpublishedOPD
ashkiman,ashkiman,NI,NI_C,NONE,UnpublishedOPD
azaadi,azaadiw2,NA,NA_Vw,NONE,https://ojibwe.lib.umn.edu/main-entry/azaadi-na
asinii-miikana,asinii-miikan,NI,NI_Kana,NONE,https://ojibwe.lib.umn.edu/main-entry/asinii-miikana-ni
ashkimaneyaab,ashkimaneyaaby2,NI,NI_Cy,NONE,https://ojibwe.lib.umn.edu/main-entry/ashkimaneyaab-ni
apigwanegwaajigan,apigwanegwaajigan,NI,NI_C,NONE,UnpublishedOPD
ayaabe-makwa,ayaabe-makw2,NA,NA_ShortCw,NONE,UnpublishedOPD
ayaabe-moonz,ayaabe-moonzw2,NA,NA_Cw,NONE,UnpublishedOPD
azaadiisag,azaadiisagw2,NI,NI_Cw,NONE,https://ojibwe.lib.umn.edu/main-entry/azaadiisag-ni
apigwayawegwaajigan,apigwayawegwaajigan,NI,NI_C,NONE,https://ojibwe.lib.umn.edu/main-entry/apigwayawegwaajigan-ni
asemaawinaagan,asemaawinaagan,NI,NI_C,NONE,https://ojibwe.lib.umn.edu/main-entry/asemaawinaagan-ni
apisijigan,apisijigan,NI,NI_C,NONE,https://ojibwe.lib.umn.edu/main-entry/apisijigan-ni
ayaabe-wiiyaas,ayaabe-wiiyaas,NI,NI_C,NONE,UnpublishedOPD
azaadiisago-mishi,azaadiisago-mis1,NI,NI_ShortC,NONE,UnpublishedOPD
asinii-waakaa'igan,asinii-waakaa'igan,NI,NI_C,NONE,https://ojibwe.lib.umn.edu/main-entry/asinii-waakaa-igan-ni
azhede,azhedew2,NA,NA_VV,NONE,https://ojibwe.lib.umn.edu/main-entry/azhede-na
azaadiiwi-bigijiisag,azaadiiwi-bigijiisagw2,NI,NI_Cw,NONE,https://ojibwe.lib.umn.edu/main-entry/azaadiiwi-bigijiisag-ni
ayaabemik,ayaabemikw2,NA,NA_irrCw,NONE,UnpublishedOPD
asemaawipwaagaans,asemaawipwaagaans,NA,NA_C,NONE,https://ojibwe.lib.umn.edu/main-entry/asemaawipwaagaans-na
azaadisagoons,azaadisagoons,NA,NA_C,NONE,UnpublishedOPD
ayaabewegin,ayaabeweginw2,NI,NI_Cw,NONE,UnpublishedOPD
baapaase,baapaasew2,NA,NA_VV,NONE,https://ojibwe.lib.umn.edu/main-entry/baapaase-na
ashaageshiinh,ashaageshiinhy1,NA,NA_VVny,NONE,https://ojibwe.lib.umn.edu/main-entry/ashaageshiinh-na
azabisidoosh,azabisidoosh,NI,NI_C,NONE,UnpublishedOPD
baasigan,baasigan,NI,NI_C,NONE,UnpublishedOPD
baapaashkiginejiizigani-giizis,baapaashkiginejiizigani-giizisw2,NA,NA_Cw,NONE,UnpublishedOPD
apisitaagan,apisitaagan,NA,NA_C,NONE,https://ojibwe.lib.umn.edu/main-entry/apisitaagan-na
ashagi,ashagiw2,NA,NA_Vw,NONE,https://ojibwe.lib.umn.edu/main-entry/ashagi-na
asiniikomaan,asiniikomaan,NI,NI_C,NONE,UnpublishedOPD
baapaashkijiizigan,baapaashkijiizigan,NI,NI_C,NONE,UnpublishedOPD
ashi-zhaangwaswaabik,ashi-zhaangwaswaabikw2,NA,NA_Cw,NONE,UnpublishedOPD
apizhaawaanaak,apizhaawaanaakw2,NI,NI_Cw,NONE,UnpublishedOPD
asiniins,asiniins,NA,NA_C,NONE,https://ojibwe.lib.umn.edu/main-entry/asiniins-na
azhaagoshkan,azhaagoshkan,NI,NI_C,NONE,UnpublishedOPD
asiniinsi-gaashkiboojigan,asiniinsi-gaashkiboojigan,NA,NA_C,NONE,UnpublishedOPD
awashtooyaawinini,awashtooyaawininiw2,NA,NA_Vw,NONE,UnpublishedOPD
baaka'aakokwaan,baaka'aakokwaan,NI,NI_C,NONE,UnpublishedOPD
apizhigan,apizhigan,NI,NI_C,NONE,https://ojibwe.lib.umn.edu/main-entry/apizhigan-ni
asiniinsikaa-miikana,asiniinsikaa-miikan,NI,NI_Kana,NONE,UnpublishedOPD
awashtoyaa,awashtoyaaw2,NA,NA_VV,NONE,https://ojibwe.lib.umn.edu/main-entry/awashtoyaa-na
baaka'aakwaan,baaka'aakwaan,NA,NA_C,NONE,UnpublishedOPD
awashtoyaawigamig,awashtoyaawigamigw2,NI,NI_Cw,NONE,https://ojibwe.lib.umn.edu/main-entry/awashtoyaawigamig-ni
azhaasowin,azhaasowin,NI,NI_C,NONE,https://ojibwe.lib.umn.edu/main-entry/azhaasowin-ni
baapaashkizige-giizis,baapaashkizige-giizisw2,NA,NA_Cw,NONE,https://ojibwe.lib.umn.edu/main-entry/baapaashkizige-giizis-na
apizidebiwin,apizidebiwin,NI,NI_C,NONE,UnpublishedOPD
baaka'aakwenh,baaka'aakwenhy1,NA,NA_VVny,NONE,https://ojibwe.lib.umn.edu/main-entry/baaka-aakwenh-na
ashamigoowin,ashamigoowin,NI,NI_C,NONE,https://ojibwe.lib.umn.edu/main-entry/ashamigoowin-ni
baaka'aakwenh-naboob,baaka'aakwenh-nabooby2,NI,NI_Cy,NONE,https://ojibwe.lib.umn.edu/main-entry/baaka-aakwenh-naboob-ni
apizideshimon,apizideshimon,NI,NI_C,NONE,UnpublishedOPD
baakinde'iganaak,baakinde'iganaakw2,NI,NI_Cw,NONE,UnpublishedOPD
baaka'aakwenhwaaboo,baaka'aakwenhwaaboow2,NI,NI_VV,NONE,https://ojibwe.lib.umn.edu/main-entry/baaka-aakwenhwaaboo-ni
baate-misan,baate-misan,NI,NI_ShortC,NONE,UnpublishedOPD
apizideshimowin,apizideshimowin,NI,NI_C,NONE,https://ojibwe.lib.umn.edu/main-entry/apizideshimowin-ni
azhashki,azhashky2,NI,NI_ShortCy,NONE,https://ojibwe.lib.umn.edu/main-entry/azhashki-ni
baate-mitig,baate-mitigw2,NI,NI_Cw,NONE,UnpublishedOPD
baaka'aakwenhwigamig,baaka'aakwenhwigamigw2,NI,NI_Cw,NONE,https://ojibwe.lib.umn.edu/main-entry/baaka-aakwenhwigamig-ni
baate-opin,baate-opiny2,NI,NI_Cy,NONE,UnpublishedOPD
ashandii-bakwezhigan,ashandii-bakwezhigan,NA,NA_C,NONE,UnpublishedOPD
apizideshinowin,apizideshinowin,NI,NI_C,NONE,https://ojibwe.lib.umn.edu/main-entry/apizideshinowin-ni
ashandii-biisiboojigan,ashandii-biisiboojigan,NA,NA_C,NONE,UnpublishedOPD
baate-shoominens,baate-shoominens,NI,NI_C,NONE,UnpublishedOPD
baaka'igan,baaka'igan,NI,NI_C,NONE,UnpublishedOPD
ashandii-mazina'igan,ashandii-mazina'igan,NI,NI_C,NONE,https://ojibwe.lib.umn.edu/main-entry/ashandii-mazina-igan-ni
asiniiwipwaagan,asiniiwipwaagan,NA,NA_C,NONE,https://ojibwe.lib.umn.edu/main-entry/asiniiwipwaagan-na
baaka'iganaak,baaka'iganaakw2,NI,NI_Cw,NONE,UnpublishedOPD
ashi-bezhigwaabik,ashi-bezhigwaabikw2,NA,NA_Cw,NONE,UnpublishedOPD
baate-wiiyaasikaan,baate-wiiyaasikaan,NI,NI_C,NONE,UnpublishedOPD
asaakamig,asaakamig,NI,NI_C,NONE,UnpublishedOPD
baatemin,baatemin,NI,NI_C,NONE,UnpublishedOPD
ataadiwin,ataadiwin,NA,NA_C,NONE,https://ojibwe.lib.umn.edu/main-entry/ataadiwin-na
asaan'we,asaan'wew2,NA,NA_VV,NONE,UnpublishedOPD
ashandiwin,ashandiwin,NI,NI_C,NONE,https://ojibwe.lib.umn.edu/main-entry/ashandiwin-ni
ayi'iins,ayi'iins,NI,NI_C,NONE,UnpublishedOPD
asaanhwens,asaanhwens,NA,NA_C,NONE,UnpublishedOPD
asaawaajigan,asaawaajigan,NI,NI_C,NONE,UnpublishedOPD
baakaabika'igan,baakaabika'igan,NI,NI_C,NONE,UnpublishedOPD
ataagan,ataagan,NA,NA_C,NONE,UnpublishedOPD
asaawe,asaawew2,NA,NA_VV,NONE,https://ojibwe.lib.umn.edu/main-entry/asaawe-na
baashkikoojigan,baashkikoojigan,NI,NI_C,NONE,UnpublishedOPD
ashangewigamig,ashangewigamigw2,NI,NI_Cw,NONE,https://ojibwe.lib.umn.edu/main-entry/ashangewigamig-ni
baaga'aakokwaanaak,baaga'aakokwaanaakw2,NI,NI_Cw,NONE,UnpublishedOPD
baaga'adowaan,baaga'adowaan,NI,NI_C,NONE,https://ojibwe.lib.umn.edu/main-entry/baaga-adowaan-ni
ataagewigamig,ataagewigamigw2,NI,NI_Cw,NONE,https://ojibwe.lib.umn.edu/main-entry/ataagewigamig-ni
baawitig,baawitigw2,NI,NI_Cw,NONE,https://ojibwe.lib.umn.edu/main-entry/baawitig-ni
ashangewikwe,ashangewikwew2,NA,NA_VV,NONE,https://ojibwe.lib.umn.edu/main-entry/ashangewikwe-na
asaawens,asaawens,NA,NA_C,NONE,https://ojibwe.lib.umn.edu/main-entry/asaawens-na
baaga'adowaanaatig,baaga'adowaanaatigw2,NI,NI_Cw,NONE,https://ojibwe.lib.umn.edu/main-entry/baaga-adowaanaatig-ni
asaawensiwegin,asaawensiweginw2,NI,NI_Cw,NONE,UnpublishedOPD
ataagewin,ataagewin,NI,NI_C,NONE,https://ojibwe.lib.umn.edu/main-entry/ataagewin-ni
ashangewin,ashangewin,NI,NI_C,NONE,UnpublishedOPD
baasiminaan,baasiminaan,NI,NI_C,NONE,https://ojibwe.lib.umn.edu/main-entry/baasiminaan-ni
asab,asaby2,NA,NA_Cy,NONE,https://ojibwe.lib.umn.edu/main-entry/asab-na
ataagewinini,ataagewininiw2,NA,NA_Vw,NONE,https://ojibwe.lib.umn.edu/main-entry/ataagewinini-na
ashangewinini,ashangewininiw2,NA,NA_Vw,NONE,https://ojibwe.lib.umn.edu/main-entry/ashangewinini-na
ataagib,ataagiby2,NI,NI_Cy,NONE,https://ojibwe.lib.umn.edu/main-entry/ataagib-ni
baaga'adowewinini,baaga'adowewininiw2,NA,NA_Vw,NONE,https://ojibwe.lib.umn.edu/main-entry/baaga-adowewinini-na
baashkiminasigan,baashkiminasigan,NI,NI_C,NONE,https://ojibwe.lib.umn.edu/main-entry/baashkiminasigan-ni
baaga'akokwaan,baaga'akokwaan,NI,NI_C,NONE,https://ojibwe.lib.umn.edu/main-entry/baaga-akokwaan-ni
ashishawe-zisiboojiganens,ashishawe-zisiboojiganens,NI,NI_C,NONE,https://ojibwe.lib.umn.edu/main-entry/ashashawe-zisiboojigan-ni
asabaab,asabaaby2,NI,NI_Cy,NONE,https://ojibwe.lib.umn.edu/main-entry/asabaab-ni
baaga'akokwaanaak,baaga'akokwaanaakw2,NI,NI_Cw,NONE,https://ojibwe.lib.umn.edu/main-entry/baaga-akokwaanaak-ni
baashkinaakwaan,baashkinaakwaan,NA,NA_C,NONE,UnpublishedOPD
baasa'igan,baasa'igan,NI,NI_C,NONE,https://ojibwe.lib.umn.edu/main-entry/baasa-igan-ni
awasiswan,awasiswan,NI,NI_C,NONE,UnpublishedOPD
baasa'iganaan,baasa'iganaan,NI,NI_C,NONE,UnpublishedOPD
ataasoowigamig,ataasoowigamigw2,NI,NI_Cw,NONE,https://ojibwe.lib.umn.edu/main-entry/ataasoowigamig-ni
ataasoowigamigoons,ataasoowigamigoons,NI,NI_C,NONE,UnpublishedOPD
awaswaanaabik,awaswaanaabikw2,NI,NI_Cw,NONE,UnpublishedOPD
baagaakokwaan,baagaakokwaan,NI,NI_C,NONE,UnpublishedOPD
ataasowin,ataasowin,NI,NI_C,NONE,https://ojibwe.lib.umn.edu/main-entry/ataasowin-ni
badashka'anzhii,badashka'anzhiiw2,NA,NA_VV,NONE,UnpublishedOPD
awayaan,awayaan,NA,NA_C,NONE,UnpublishedOPD
bagaan,bagaan,NA,NA_C,NONE,https://ojibwe.lib.umn.edu/main-entry/bagaan-na
awaziswan,awaziswan,NI,NI_C,NONE,UnpublishedOPD
baagaakwa'iganaak,baagaakwa'iganaakw2,NI,NI_Cw,NONE,UnpublishedOPD
baakwaanaatig,baakwaanaatigw2,NA,NA_Cw,NONE,https://ojibwe.lib.umn.edu/main-entry/baakwaanaatig-na
bagaanaatig,bagaanaatigw2,NA,NA_Cw,NONE,UnpublishedOPD
bagaanens,bagaanens,NA,NA_C,NONE,UnpublishedOPD
bagijigan,bagijigan,NI,NI_C,NONE,https://ojibwe.lib.umn.edu/main-entry/bagijigan-ni
bagaanensi-bimide,bagaanensi-bimidew2,NI,NI_VV,NONE,UnpublishedOPD
baasaabikizigan,baasaabikizigan,NI,NI_C,NONE,https://ojibwe.lib.umn.edu/main-entry/baasaabikizigan-ni
baakwaashiwish,baakwaashiwish,NA,NA_C,NONE,UnpublishedOPD
bagaani-bimide,bagaani-bimidew2,NI,NI_VV,NONE,https://ojibwe.lib.umn.edu/main-entry/bagaani-bimide-ni
babaamaadizii-makak,babaamaadizii-makakw2,NI,NI_Cw,NONE,https://ojibwe.lib.umn.edu/main-entry/babaamaadizii-makak-ni
baakwaawish,baakwaawish,NA,NA_C,NONE,UnpublishedOPD
baakaakonigan,baakaakonigan,NI,NI_C,NONE,UnpublishedOPD
bagaaniminzh,bagaaniminzhy2,NA,NA_Cy,NONE,https://ojibwe.lib.umn.edu/main-entry/bagaaniminzh-na
baasaabikiziganens,baasaabikiziganens,NI,NI_C,NONE,UnpublishedOPD
awazoowi-gizhaabikizigan,awazoowi-gizhaabikizigan,NI,NI_C,NONE,UnpublishedOPD
atasaagan,atasaagan,NA,NA_C,NONE,UnpublishedOPD
bagaanimizh,bagaanimizhy2,NA,NA_Cy,NONE,UnpublishedOPD
bagaanimizhiins,bagaanimizhiinsy2,NA,NA_Cy,NONE,https://ojibwe.lib.umn.edu/main-entry/bagaanimizhiins-na
bagijigewin,bagijigewin,NI,NI_C,NONE,UnpublishedOPD
bagijiiga'igan,bagijiiga'igan,NI,NI_C,NONE,UnpublishedOPD
baakwaawishikwe,baakwaawishikwew2,NA,NA_VV,NONE,UnpublishedOPD
bagoneboojigan,bagoneboojigan,NI,NI_C,NONE,https://ojibwe.lib.umn.edu/main-entry/bagoneboojigan-ni
bagijiiga'iganaatig,bagijiiga'iganaatigw2,NI,NI_Cw,NONE,UnpublishedOPD
baasaaganaak,baasaaganaakw2,NI,NI_Cw,NONE,UnpublishedOPD
babig,babigw2,NA,NA_irrCw,NONE,https://ojibwe.lib.umn.edu/main-entry/babig-na
bagwa'igan,bagwa'igan,NI,NI_C,NONE,https://ojibwe.lib.umn.edu/main-entry/bagwa-igan-ni
baasoowens,baasoowens,NA,NA_C,NONE,UnpublishedOPD
baanazhaawaan,baanazhaawaan,NI,NI_C,NONE,UnpublishedOPD
badagwana'igan,badagwana'igan,NI,NI_C,NONE,https://ojibwe.lib.umn.edu/main-entry/badagwana-igan-ni
baanizhaawaan,baanizhaawaan,NI,NI_C,NONE,UnpublishedOPD
babaamaajimoo-mazina'igan,babaamaajimoo-mazina'igan,NI,NI_C,NONE,https://ojibwe.lib.umn.edu/main-entry/babaamaajimoo-mazina-igan-ni
babaamaajimoowinini,babaamaajimoowininiw2,NA,NA_Vw,NONE,UnpublishedOPD
baakaakozhigan,baakaakozhigan,NI,NI_C,NONE,https://ojibwe.lib.umn.edu/main-entry/baakaakozhigan-ni
babigwan,babigwan,NI,NI_C,NONE,https://ojibwe.lib.umn.edu/main-entry/babigwan-ni
babaamiweba'igan,babaamiweba'igan,NI,NI_C,NONE,https://ojibwe.lib.umn.edu/main-entry/babaamiweba-igan-ni
bajiishka'ogaan,bajiishka'ogaan,NI,NI_C,NONE,https://ojibwe.lib.umn.edu/main-entry/bajiishka-ogaan-ni
babigwanwi,babigwanwy2,NI,NI_ShortCy,NONE,https://ojibwe.lib.umn.edu/main-entry/babigwanwi-ni
babaamiwebishkigewin,babaamiwebishkigewin,NI,NI_C,NONE,UnpublishedOPD
baashkizigan,baashkizigan,NI,NI_C,NONE,https://ojibwe.lib.umn.edu/main-entry/baashkizigan-ni
baashka'aawanwesi,baashka'aawanwesiw2,NA,NA_Vw,NONE,UnpublishedOPD
baashkiziganaabik,baashkiziganaabikw2,NI,NI_Cw,NONE,https://ojibwe.lib.umn.edu/main-entry/baashkiziganaabik-ni
baashkiziganaak,baashkiziganaakw2,NI,NI_Cw,NONE,UnpublishedOPD
bagitejii'ige-wiiwakwaan,bagitejii'ige-wiiwakwaan,NI,NI_C,NONE,https://ojibwe.lib.umn.edu/main-entry/bagitejii-ige-wiiwakwaan-ni
baashkiziganaatig,baashkiziganaatigw2,NI,NI_Cw,NONE,UnpublishedOPD
bagitejii'igewinini,bagitejii'igewininiw2,NA,NA_Vw,NONE,https://ojibwe.lib.umn.edu/main-entry/bagitejii-igewinini-na
babiigomagakii,babiigomagakiiw2,NA,NA_VV,NONE,UnpublishedOPD
badaka'igan,badaka'igan,NI,NI_C,NONE,https://ojibwe.lib.umn.edu/main-entry/badaka-igan-ni
azhigan,azhigan,NI,NI_C,NONE,https://ojibwe.lib.umn.edu/main-entry/azhigan-ni
babiigwadende,babiigwadendew2,NA,NA_VV,NONE,UnpublishedOPD
baashkizigani-mazina'igan,baashkizigani-mazina'igan,NI,NI_C,NONE,https://ojibwe.lib.umn.edu/main-entry/baashkizigani-mazina-igan-ni
babaamiziiwinini,babaamiziiwininiw2,NA,NA_Vw,NONE,https://ojibwe.lib.umn.edu/main-entry/babaamiziiwinini-na
badaka'on,badaka'on,NI,NI_C,NONE,UnpublishedOPD
babaamiziwin,babaamiziwin,NI,NI_C,NONE,https://ojibwe.lib.umn.edu/main-entry/babaamiziwin-ni
bagwaanegamig,bagwaanegamigw2,NI,NI_Cw,NONE,https://ojibwe.lib.umn.edu/main-entry/bagwaanegamig-ni
bagiwa'aanish,bagiwa'aanish,NI,NI_C,NONE,UnpublishedOPD
baapaagaakwa'igan,baapaagaakwa'igan,NI,NI_C,NONE,UnpublishedOPD
bagwaanegamigwegin,bagwaanegamigweginw2,NI,NI_Cw,NONE,UnpublishedOPD
bagiwaan,bagiwaan,NI,NI_C,NONE,https://ojibwe.lib.umn.edu/main-entry/bagiwaan-ni
bagwaaniigin,bagwaaniiginw2,NI,NI_Cw,NONE,UnpublishedOPD
bagiwaanegamig,bagiwaanegamigw2,NI,NI_Cw,NONE,https://ojibwe.lib.umn.edu/main-entry/bagiwaanegamig-ni
babaamaasimoowikwe,babaamaasimoowikwew2,NA,NA_VV,NONE,UnpublishedOPD
bagiwaanegamigwegin,bagiwaanegamigweginw2,NI,NI_Cw,NONE,UnpublishedOPD
babaamaasimoowinini,babaamaasimoowininiw2,NA,NA_Vw,NONE,UnpublishedOPD
bagwaawanib,bagwaawaniby2,NI,NI_Cy,NONE,https://ojibwe.lib.umn.edu/main-entry/bagwaawanib-ni
bagiwaanegin,bagiwaaneginw2,NI,NI_Cw,NONE,UnpublishedOPD
bagiwaaniigin,bagiwaaniiginw2,NI,NI_Cw,NONE,https://ojibwe.lib.umn.edu/main-entry/bagiwaaniigin-ni
bagiwaanish,bagiwaanish,NI,NI_C,NONE,UnpublishedOPD
bagiwaanishakizin,bagiwaanishakizin,NI,NI_C,NONE,UnpublishedOPD
bagiwaanishish,bagiwaanishish,NI,NI_C,NONE,UnpublishedOPD
babiizigaakizigewigamig,babiizigaakizigewigamigw2,NI,NI_Cw,NONE,https://ojibwe.lib.umn.edu/main-entry/babiizigaakizigewigamig-ni
babiizigaakizigewikwe,babiizigaakizigewikwew2,NA,NA_VV,NONE,https://ojibwe.lib.umn.edu/main-entry/babiizigaakizigewikwe-na
bagwadasim,bagwadasimw2,NA,NA_Cw,NONE,UnpublishedOPD
bagiwayaan,bagiwayaan,NI,NI_C,NONE,https://ojibwe.lib.umn.edu/main-entry/bagiwayaan-ni
baabaay,baabaay1,NAD,NAD_VVy,NONE,https://ojibwe.lib.umn.edu/main-entry/baabaay-nad
babiizigaakizigewinini,babiizigaakizigewininiw2,NA,NA_Vw,NONE,https://ojibwe.lib.umn.edu/main-entry/babiizigaakizigewinini-na
bagiwayaanegamig,bagiwayaanegamigw2,NI,NI_Cw,NONE,https://ojibwe.lib.umn.edu/main-entry/bagiwayaanegamig-ni
bagiwayaanegamigoons,bagiwayaanegamigoons,NI,NI_C,NONE,UnpublishedOPD
baabaanaan,baabaanaan,NAD,NAD_C,NONE,UnpublishedOPD
bagiwayaanekizin,bagiwayaanekizin,NI,NI_C,NONE,UnpublishedOPD
bagwajanimosh,bagwajanimosh,NA,NA_C,NONE,UnpublishedOPD
bagiwayaaneshkimod,bagiwayaaneshkimod,NI,NI_aa,NONE,https://ojibwe.lib.umn.edu/main-entry/bagiwayaaneshkimod-ni
babiizigaakizon,babiizigaakizon,NI,NI_C,NONE,https://ojibwe.lib.umn.edu/main-entry/babiizigaakizon-ni
bagiwayaaniigin,bagiwayaaniiginw2,NI,NI_Cw,NONE,UnpublishedOPD
bagiwayaanish,bagiwayaanish,NI,NI_C,NONE,https://ojibwe.lib.umn.edu/main-entry/bagiwayaanish-ni
bagwaji-bebezhigooganzhii,bagwaji-bebezhigooganzhiiw2,NA,NA_VV,NONE,UnpublishedOPD
baashkadewasigan,baashkadewasigan,NI,NI_C,NONE,https://ojibwe.lib.umn.edu/main-entry/baashkadewasigan-ni
bagwaji-boozhens,bagwaji-boozhens,NA,NA_C,NONE,UnpublishedOPD
baashkadewasiganens,baashkadewasiganens,NI,NI_C,NONE,UnpublishedOPD
bagwaji-opin,bagwaji-opiny1,NA,NA_VVny,NONE,UnpublishedOPD
babiikwaga'aans,babiikwaga'aans,NA,NA_C,NONE,UnpublishedOPD
babaamadaawaagewinini,babaamadaawaagewininiw2,NA,NA_Vw,NONE,UnpublishedOPD
badakashka'igan,badakashka'igan,NI,NI_C,NONE,https://ojibwe.lib.umn.edu/main-entry/badakashka-igan-ni
bagizoowayaan,bagizoowayaan,NI,NI_C,NONE,https://ojibwe.lib.umn.edu/main-entry/bagizoowayaan-ni
bajiishkiwine-giizis,bajiishkiwine-giizisw2,NA,NA_Cw,NONE,UnpublishedOPD
bagwajinini,bagwajininiw2,NA,NA_Vw,NONE,UnpublishedOPD
bagizoowigamig,bagizoowigamigw2,NI,NI_Cw,NONE,https://ojibwe.lib.umn.edu/main-entry/bagizoowigamig-ni
babaamadaawewinini,babaamadaawewininiw2,NA,NA_Vw,NONE,https://ojibwe.lib.umn.edu/main-entry/babaamadaawewinini-na
bagwajipin,bagwajipiny2,NA,NA_Cy,NONE,https://ojibwe.lib.umn.edu/main-entry/bagwajipin-na
babiikwasin,babiikwasiny2,NA,NA_Cy,NONE,https://ojibwe.lib.umn.edu/main-entry/babiikwasin-na
bagizowin,bagizowin,NI,NI_C,NONE,https://ojibwe.lib.umn.edu/main-entry/bagizowin-ni
babiikwasinii-minisaabik,babiikwasinii-minisaabikw2,NI,NI_Cw,NONE,UnpublishedOPD
bagamaagan,bagamaagan,NI,NI_C,NONE,https://ojibwe.lib.umn.edu/main-entry/bagamaagan-ni
badakibine'on,badakibine'on,NA,NA_C,NONE,https://ojibwe.lib.umn.edu/main-entry/badakibine-on-na
bagesaan,bagesaan,NA,NA_C,NONE,https://ojibwe.lib.umn.edu/main-entry/bagesaan-na
bagesaanaak,bagesaanaakw2,NA,NA_irrCw,NONE,UnpublishedOPD
babiinzikawaagan,babiinzikawaagan,NI,NI_C,NONE,https://ojibwe.lib.umn.edu/main-entry/babiinzikawaagan-ni
bagesaanaatig,bagesaanaatigw2,NA,NA_Cw,NONE,https://ojibwe.lib.umn.edu/main-entry/bagesaanaatig-na
babiinzikawaagan-agoojigan,babiinzikawaagan-agoojigan,NI,NI_C,NONE,UnpublishedOPD
bagwane'igan,bagwane'igan,NI,NI_C,NONE,UnpublishedOPD
bagesaani-baashkiminasigan,bagesaani-baashkiminasigan,NI,NI_C,NONE,https://ojibwe.lib.umn.edu/main-entry/bagesaani-baashkiminasigan-ni
bakaabikizhigan,bakaabikizhigan,NI,NI_C,NONE,UnpublishedOPD
bagesaaniminagaawanzh,bagesaaniminagaawanzhy2,NA,NA_Cy,NONE,https://ojibwe.lib.umn.edu/main-entry/bagesaaniminagaawanzh-na
badakiiga'igan,badakiiga'igan,NI,NI_C,NONE,UnpublishedOPD
badakiiga'ige-ataadiwin,badakiiga'ige-ataadiwin,NI,NI_C,NONE,UnpublishedOPD
bagesewin,bagesewin,NI,NI_C,NONE,UnpublishedOPD
bagesewinaagan,bagesewinaagan,NI,NI_C,NONE,https://ojibwe.lib.umn.edu/main-entry/bagesewinaagan-ni
bagida'wewin,bagida'wewin,NI,NI_C,NONE,https://ojibwe.lib.umn.edu/main-entry/bagida-wewin-ni
bagida'wewinini,bagida'wewininiw2,NA,NA_Vw,NONE,https://ojibwe.lib.umn.edu/main-entry/bagida-wewinini-na
badakijii'igewataadiwin,badakijii'igewataadiwin,NI,NI_C,NONE,https://ojibwe.lib.umn.edu/main-entry/badakijii-igewataadiwin-ni
babagiwaanegamig,babagiwaanegamigw2,NI,NI_Cw,NONE,UnpublishedOPD
bagidaabaan,bagidaabaan,NI,NI_C,NONE,https://ojibwe.lib.umn.edu/main-entry/bagidaabaan-ni
babagiwayaan,babagiwayaan,NI,NI_C,NONE,https://ojibwe.lib.umn.edu/main-entry/babagiwayaan-ni
babagiwayaanegamig,babagiwayaanegamigw2,NI,NI_Cw,NONE,https://ojibwe.lib.umn.edu/main-entry/babagiwayaanegamig-ni
bagwaneyaab,bagwaneyaaby2,NI,NI_Cy,NONE,UnpublishedOPD
babagiwayaanegamigwaatig,babagiwayaanegamigwaatigw2,NI,NI_Cw,NONE,UnpublishedOPD
babagiwayaanegamigwegin,babagiwayaanegamigweginw2,NI,NI_Cw,NONE,https://ojibwe.lib.umn.edu/main-entry/babagiwayaanegamigwegin-ni
babagiwayaanekizin,babagiwayaanekizin,NI,NI_C,NONE,https://ojibwe.lib.umn.edu/main-entry/babagiwayaanekizin-ni
babagiwayaaneshkimod,babagiwayaaneshkimod,NI,NI_C,NONE,UnpublishedOPD
badakininjiishinowin,badakininjiishinowin,NI,NI_C,NONE,UnpublishedOPD
babagiwayaaniigin,babagiwayaaniiginw2,NI,NI_Cw,NONE,https://ojibwe.lib.umn.edu/main-entry/babagiwayaaniigin-ni
bagone'igan,bagone'igan,NI,NI_C,NONE,https://ojibwe.lib.umn.edu/main-entry/bagone-igan-ni
anzig,anzigw2,NA,NA_irrCw,NONE,https://ojibwe.lib.umn.edu/main-entry/anzig-na
baakaabikizhigan,baakaabikizhigan,NI,NI_C,NONE,https://ojibwe.lib.umn.edu/main-entry/baakaabikizhigan-ni
bagiwaanegamigwegino-jiimaan,bagiwaanegamigwegino-jiimaan,NI,NI_C,NONE,https://ojibwe.lib.umn.edu/main-entry/bagiwaanegamigwegino-jiimaan-ni
asemaawazh,asemaawazh,NI,NI_C,NONE,https://ojibwe.lib.umn.edu/main-entry/asemaawazh-ni
apizideyaakwa'igan,apizideyaakwa'igan,NI,NI_C,NONE,https://ojibwe.lib.umn.edu/main-entry/apizideyaakwa-igan-ni
ashigan,ashigan,NA,NA_C,NONE,https://ojibwe.lib.umn.edu/main-entry/ashigan-na
asigibii'igan,asigibii'igan,NI,NI_C,NONE,https://ojibwe.lib.umn.edu/main-entry/asigibii-igan-ni
ashishawe-zhaabonigan,ashishawe-zhaabonigan,NI,NI_C,NONE,https://ojibwe.lib.umn.edu/main-entry/ashashawe-zhaabonigan-ni
baashkidewasigan,baashkidewasigan,NI,NI_C,NONE,UnpublishedOPD
baashkiziganens,baashkiziganens,NI,NI_C,NONE,https://ojibwe.lib.umn.edu/main-entry/baashkiziganens-ni
baate-wiiyaas,baate-wiiyaas,NI,NI_C,NONE,https://ojibwe.lib.umn.edu/main-entry/baate-wiiyaas-ni
apashkweshkway,apashkweshkway,NA,NA_C,NONE,UnpublishedOPD
apikan,apikan,NI,NI_C,NONE,https://ojibwe.lib.umn.edu/main-entry/apikan-ni
apishimonaandag,apishimonaandag,NA,NA_C,NONE,UnpublishedOPD
awakaan,awakaan,NA,NA_C,NONE,https://ojibwe.lib.umn.edu/main-entry/awakaan-na
baagak,baagakw2,NA,NA_Cw,NONE,UnpublishedOPD
baapizhikowewin,baapizhikowewin,NI,NI_C,NONE,UnpublishedOPD
bakechigan,bakechigan,NI,NI_C,NONE,UnpublishedOPD
bakitebii'igan,bakitebii'igan,NI,NI_C,NONE,https://ojibwe.lib.umn.edu/main-entry/bakitebii-igan-ni
bakite'igaans,bakite'igaans,NI,NI_C,NONE,https://ojibwe.lib.umn.edu/main-entry/bakite-igaans-ni
bakejiigaan,bakejiigaan,NI,NI_C,NONE,UnpublishedOPD
bakite'igan,bakite'igan,NI,NI_C,NONE,https://ojibwe.lib.umn.edu/main-entry/bakite-igan-ni
bakite'iganaak,bakite'iganaakw2,NI,NI_Cw,NONE,https://ojibwe.lib.umn.edu/main-entry/bakite-iganaak-ni
bakite'iganens,bakite'iganens,NI,NI_C,NONE,UnpublishedOPD
bakite'igewinini,bakite'igewininiw2,NA,NA_Vw,NONE,UnpublishedOPD
bakitebag,bakitebagw2,NI,NI_Cw,NONE,UnpublishedOPD
bakitebii'igewi-makak,bakitebii'igewi-makakw2,NI,NI_Cw,NONE,UnpublishedOPD
bakitejii'iganaak,bakitejii'iganaakw2,NI,NI_Cw,NONE,https://ojibwe.lib.umn.edu/main-entry/bakitejii-iganaak-ni
bakonige-mookomaan,bakonige-mookomaan,NI,NI_C,NONE,https://ojibwe.lib.umn.edu/main-entry/bakonige-mookomaan-ni
bakitejii'igewi-bikwaakwad,bakitejii'igewi-bikwaakwadw2,NI,NI_Cw,NONE,UnpublishedOPD
bakitejii'igewi-gigishkigan,bakitejii'igewi-gigishkigan,NI,NI_C,NONE,UnpublishedOPD
bakitejii'igewi-minjikaawan,bakitejii'igewi-minjikaawan,NA,NA_C,NONE,https://ojibwe.lib.umn.edu/main-entry/bakitejii-igewi-minjikaawan-na
bakitejii'igewi-wiiwakwaan,bakitejii'igewi-wiiwakwaan,NI,NI_C,NONE,https://ojibwe.lib.umn.edu/main-entry/bakitejii-igewi-wiiwakwaan-ni
bakitejii'igewigamig,bakitejii'igewigamigw2,NI,NI_Cw,NONE,UnpublishedOPD
bapasijii'iganaak,bapasijii'iganaakw2,NI,NI_Cw,NONE,UnpublishedOPD
bakitejii'igewin,bakitejii'igewin,NI,NI_C,NONE,https://ojibwe.lib.umn.edu/main-entry/bakitejii-igewin-ni
bakitejii'igewinini,bakitejii'igewininiw2,NA,NA_Vw,NONE,https://ojibwe.lib.umn.edu/main-entry/bakitejii-igewinini-na
bakwaakwadoonsi-bagamaagan,bakwaakwadoonsi-bagamaagan,NI,NI_C,NONE,UnpublishedOPD
bapasijii'igewin,bapasijii'igewin,NI,NI_C,NONE,UnpublishedOPD
banaakosh,banaakosh,NA,NA_C,NONE,UnpublishedOPD
banaakoshi-moons,banaakoshi-moons,NA,NA_C,NONE,UnpublishedOPD
bapaagokozhiwewigamig,bapaagokozhiwewigamigw2,NI,NI_Cw,NONE,UnpublishedOPD
bapasikawaan,bapasikawaan,NA,NA_C,NONE,UnpublishedOPD
bashki,bashkiw2,NA,NA_Vw,NONE,UnpublishedOPD
bashkijiins,bashkijiins,NI,NI_C,NONE,UnpublishedOPD
bakwadaabidebizhiwewinini,bakwadaabidebizhiwewininiw2,NA,NA_Vw,NONE,UnpublishedOPD
bakwadaabizhiwewinini,bakwadaabizhiwewininiw2,NA,NA_Vw,NONE,UnpublishedOPD
bagiteshka'igan,bagiteshka'igan,NA,NA_C,NONE,UnpublishedOPD
bapasikawewaan,bapasikawewaan,NA,NA_C,NONE,UnpublishedOPD
bapasikawewin,bapasikawewin,NI,NI_C,NONE,UnpublishedOPD
banajaanh,banajaanhy1,NA,NA_VVny,NONE,https://ojibwe.lib.umn.edu/main-entry/banajaanh-na
bakewinidiwin,bakewinidiwin,NI,NI_C,NONE,https://ojibwe.lib.umn.edu/main-entry/bakewinidiwin-ni
banajaanyens,banajaanyens,NA,NA_C,NONE,UnpublishedOPD
banajaawe,banajaawew2,NA,NA_VVw,NONE,UnpublishedOPD
bazagochigan,bazagochigan,NI,NI_C,NONE,UnpublishedOPD
bakwezhigaans,bakwezhigaans,NA,NA_C,NONE,https://ojibwe.lib.umn.edu/main-entry/bakwezhigaans-na
bebezhigooganzhii-makizin,bebezhigooganzhii-makizin,NI,NI_C,NONE,UnpublishedOPD
bebezhigooganzhii-manoomin,bebezhigooganzhii-manoomin,NI,NI_C,NONE,https://ojibwe.lib.umn.edu/main-entry/bebezhigooganzhii-manoomin-ni
bakwezhiganaabo,bakwezhiganaabow2,NI,NI_Vw,NONE,https://ojibwe.lib.umn.edu/main-entry/bakwezhiganaabo-ni
bakwezhiganaaboo,bakwezhiganaaboow2,NI,NI_VV,NONE,https://ojibwe.lib.umn.edu/main-entry/bakwezhiganaaboo-ni
bakeziwin,bakeziwin,NI,NI_C,NONE,UnpublishedOPD
bebezhigooganzhiiwigamig,bebezhigooganzhiiwigamigw2,NI,NI_Cw,NONE,https://ojibwe.lib.umn.edu/main-entry/bebezhigooganzhiiwigamig-ni
basikawaan,basikawaan,NA,NA_C,NONE,UnpublishedOPD
basikawaanaatig,basikawaanaatigw2,NI,NI_Cw,NONE,UnpublishedOPD
bakwezhiganaaboons,bakwezhiganaaboons,NI,NI_C,NONE,https://ojibwe.lib.umn.edu/main-entry/bakwezhiganaaboons-ni
bakwezhiganashk,bakwezhiganashkw2,NI,NI_Cw,NONE,UnpublishedOPD
bashkode,bashkodew2,NI,NI_VV,NONE,UnpublishedOPD
bakwezhigani-makak,bakwezhigani-makakw2,NI,NI_Cw,NONE,https://ojibwe.lib.umn.edu/main-entry/bakwezhigani-makak-ni
bakwezhiganikaan,bakwezhiganikaan,NA,NA_C,NONE,https://ojibwe.lib.umn.edu/main-entry/bakwezhiganikaan-na
basikwebizon,basikwebizon,NI,NI_C,NONE,https://ojibwe.lib.umn.edu/main-entry/basikwebizon-ni
beshogmigweshkawaagan,beshogmigweshkawaagan,NA,NA_C,NONE,UnpublishedOPD
basikweboojigan,basikweboojigan,NI,NI_C,NONE,UnpublishedOPD
bakiteyaasijigan,bakiteyaasijigan,NI,NI_C,NONE,UnpublishedOPD
bakwezhiganike-adaawewigamig,bakwezhiganike-adaawewigamigw2,NI,NI_Cw,NONE,UnpublishedOPD
bakwakwaawaajiinh,bakwakwaawaajiinh,NA,NA_C,NONE,UnpublishedOPD
bakwezhiganikewigamig,bakwezhiganikewigamigw2,NI,NI_Cw,NONE,https://ojibwe.lib.umn.edu/main-entry/bakwezhiganikewigamig-ni
bakwezhiganikewikwe,bakwezhiganikewikwew2,NA,NA_VV,NONE,https://ojibwe.lib.umn.edu/main-entry/bakwezhiganikewikwe-na
bashkokojigan,bashkokojigan,NI,NI_C,NONE,UnpublishedOPD
bashkokojigewigamig,bashkokojigewigamigw2,NI,NI_Cw,NONE,UnpublishedOPD
bedaajiwanzwaanakik,bedaajiwanzwaanakik,NA,NA_C,NONE,https://ojibwe.lib.umn.edu/main-entry/bedaajiwanzwaanakik-na-v
basinikebizon,basinikebizon,NI,NI_C,NONE,UnpublishedOPD
bashkokojigewinini,bashkokojigewininiw2,NA,NA_Vw,NONE,UnpublishedOPD
bakwezhiganikewinini,bakwezhiganikewininiw2,NA,NA_Vw,NONE,https://ojibwe.lib.umn.edu/main-entry/bakwezhiganikewinini-na
bakwanj,bakwanjy2,NI,NI_Cy,NONE,https://ojibwe.lib.umn.edu/main-entry/bakwanj-ni
bakwezhiganiminens,bakwezhiganiminens,NI,NI_C,NONE,UnpublishedOPD
basitebijigan,basitebijigan,NI,NI_C,NONE,https://ojibwe.lib.umn.edu/main-entry/basitebijigan-ni
bakwezhiganiwazh,bakwezhiganiwazh,NI,NI_C,NONE,https://ojibwe.lib.umn.edu/main-entry/bakwezhiganiwazh-ni
basitenigan,basitenigan,NI,NI_C,NONE,https://ojibwe.lib.umn.edu/main-entry/basitenigan-ni
bazagwa'igan,bazagwa'igan,NI,NI_C,NONE,https://ojibwe.lib.umn.edu/main-entry/bazagwa-igan-ni
bazagwa'iganeyaab,bazagwa'iganeyaaby2,NI,NI_Cy,NONE,UnpublishedOPD
bapakine,bapakinew2,NA,NA_VV,NONE,https://ojibwe.lib.umn.edu/main-entry/bapakine-na
bakaanigaan,bakaanigaan,NI,NI_C,NONE,UnpublishedOPD
bapisikawaan,bapisikawaan,NA,NA_C,NONE,UnpublishedOPD
bas,bas,NI,NI_C,NONE,UnpublishedOPD
bakobii'igewin,bakobii'igewin,NI,NI_C,NONE,UnpublishedOPD
bapakite'idiwin,bapakite'idiwin,NI,NI_C,NONE,UnpublishedOPD
basaakobijigani-nagwaagan,basaakobijigani-nagwaagan,NI,NI_C,NONE,UnpublishedOPD
bapakiwis,bapakiwis,NA,NA_C,NONE,UnpublishedOPD
bami'aagaans,bami'aagaans,NA,NA_C,NONE,https://ojibwe.lib.umn.edu/main-entry/bami-aagaans-na
bateshiwish,bateshiwish,NA,NA_C,NONE,UnpublishedOPD
bapakwaanaajiinh,bapakwaanaajiinhy1,NA,NA_VVny,NONE,https://ojibwe.lib.umn.edu/main-entry/bapakwaanaajiinh-na
biibaagadaawewinini,biibaagadaawewininiw2,NA,NA_Vw,NONE,UnpublishedOPD
bawa'amowin,bawa'amowin,NI,NI_C,NONE,https://ojibwe.lib.umn.edu/main-entry/bawa-amowin-ni
bigii-miikana,bigii-miikan,NI,NI_Kana,NONE,https://ojibwe.lib.umn.edu/main-entry/bigii-miikana-ni
basaakozidebijigan,basaakozidebijigan,NI,NI_C,NONE,UnpublishedOPD
bapakwanagemag,bapakwanagemagw2,NA,NA_Cw,NONE,https://ojibwe.lib.umn.edu/main-entry/bapakwanagemag-na
bazhanzhe'igan,bazhanzhe'igan,NI,NI_C,NONE,UnpublishedOPD
bawa'iganaak,bawa'iganaakw2,NA,NA_Cw,NONE,https://ojibwe.lib.umn.edu/main-entry/bawa-iganaak-na
bigiikaan,bigiikaan,NA,NA_C,NONE,UnpublishedOPD
bamichigan,bamichigan,NA,NA_C,NONE,UnpublishedOPD
bakijiiga'igan,bakijiiga'igan,NI,NI_C,NONE,UnpublishedOPD
basaanikaan,basaanikaan,NI,NI_C,NONE,UnpublishedOPD
bigiikaani-bigiw,bigiikaani-bigiw,NA,NA_C,NONE,UnpublishedOPD
beskwe,beskwew2,NA,NA_VV,NONE,UnpublishedOPD
basaanikan,basaanikan,NI,NI_C,NONE,UnpublishedOPD
bawa'iganaatig,bawa'iganaatigw2,NI,NI_Cw,NONE,https://ojibwe.lib.umn.edu/main-entry/bawa-iganaatig-ni
bigiike'waan,bigiike'waan,NI,NI_C,NONE,UnpublishedOPD
bigiins,bigiins,NA,NA_C,NONE,https://ojibwe.lib.umn.edu/main-entry/bigiins-na
bawa'iminaan,bawa'iminaan,NI,NI_C,NONE,https://ojibwe.lib.umn.edu/main-entry/bawa-iminaan-ni
biibiiyens,biibiiyens,NA,NA_C,NONE,https://ojibwe.lib.umn.edu/main-entry/biibii-na
bigishada'igan,bigishada'igan,NI,NI_C,NONE,UnpublishedOPD
bezhi-zhooniyaans,bezhi-zhooniyaans,NA,NA_C,NONE,UnpublishedOPD
bawa'iminaanaatig,bawa'iminaanaatigw2,NI,NI_Cw,NONE,UnpublishedOPD
bazhiba'igan,bazhiba'igan,NI,NI_C,NONE,https://ojibwe.lib.umn.edu/main-entry/bazhiba-igan-ni
bawa'iminaanaganzh,bawa'iminaanaganzhy2,NA,NA_Cy,NONE,https://ojibwe.lib.umn.edu/main-entry/bawa-iminaanaganzh-na
bepeshi-bizhiw,bepeshi-bizhiw,NA,NA_C,NONE,UnpublishedOPD
bakwega'igan,bakwega'igan,NI,NI_C,NONE,UnpublishedOPD
bawa'iminagaawanzh,bawa'iminagaawanzhy2,NA,NA_Cy,NONE,https://ojibwe.lib.umn.edu/main-entry/bawa-iminagaawanzh-na
bazhiba'ige-mazina'igaans,bazhiba'ige-mazina'igaans,NI,NI_C,NONE,UnpublishedOPD
bashkwada'igewinini,bashkwada'igewininiw2,NA,NA_Vw,NONE,UnpublishedOPD
bashkwadaash,bashkwadaash,NA,NA_C,NONE,UnpublishedOPD
bezhigo-biiwaabikoons,bezhigo-biiwaabikoons,NA,NA_C,NONE,UnpublishedOPD
biig,biigw2,NA,NA_irrCw,NONE,https://ojibwe.lib.umn.edu/main-entry/biig-na
biigijiisag,biigijiisagw2,NI,NI_Cw,NONE,https://ojibwe.lib.umn.edu/main-entry/biigijiisag-ni
bepeshinidiwin,bepeshinidiwin,NI,NI_C,NONE,https://ojibwe.lib.umn.edu/main-entry/bepeshinidiwin-ni
basangwaabapijigan,basangwaabapijigan,NI,NI_C,NONE,UnpublishedOPD
biimiskwa'igaans,biimiskwa'igaans,NI,NI_C,NONE,https://ojibwe.lib.umn.edu/main-entry/biimiskwa-igaans-ni
bezhigoobii'igan,bezhigoobii'igan,NA,NA_C,NONE,https://ojibwe.lib.umn.edu/main-entry/bezhigoobii-igan-na
biimiskwa'igan,biimiskwa'igan,NI,NI_C,NONE,https://ojibwe.lib.umn.edu/main-entry/biimiskwa-igan-ni
bawaajigan,bawaajigan,NI,NI_C,NONE,https://ojibwe.lib.umn.edu/main-entry/bawaajigan-ni
basatebijigan,basatebijigan,NI,NI_C,NONE,UnpublishedOPD
bashkwegin,bashkweginw2,NI,NI_Cw,NONE,https://ojibwe.lib.umn.edu/main-entry/bashkwegin-ni
bawaajigewin,bawaajigewin,NI,NI_C,NONE,UnpublishedOPD
bengo-doodooshaaboo,bengo-doodooshaaboow2,NI,NI_VV,NONE,UnpublishedOPD
bashkweginagooday,bashkweginagooday,NI,NI_C,NONE,https://ojibwe.lib.umn.edu/main-entry/bashkweginagooday-ni
biindaakwaan,biindaakwaan,NA,NA_C,NONE,https://ojibwe.lib.umn.edu/main-entry/biindaakwaan-na
bibigwan,bibigwan,NI,NI_C,NONE,https://ojibwe.lib.umn.edu/main-entry/bibigwan-ni
bashkwegino-babagiwayaan,bashkwegino-babagiwayaan,NI,NI_C,NONE,UnpublishedOPD
bigishkani-adaawewigamig,bigishkani-adaawewigamigw2,NI,NI_Cw,NONE,UnpublishedOPD
biindaakwaani-makakoons,biindaakwaani-makakoons,NI,NI_C,NONE,UnpublishedOPD
bawaan,bawaan,NA,NA_C,NONE,UnpublishedOPD
bashkwegino-makizin,bashkwegino-makizin,NI,NI_C,NONE,https://ojibwe.lib.umn.edu/main-entry/bashkwegino-makizin-ni
bashkwegino-midaas,bashkwegino-midaas,NI,NI_C,NONE,https://ojibwe.lib.umn.edu/main-entry/bashkwegino-midaas-ni
bashkweginoons,bashkweginoons,NI,NI_C,NONE,UnpublishedOPD
bashanzhe'igan,bashanzhe'igan,NI,NI_C,NONE,https://ojibwe.lib.umn.edu/main-entry/bashanzhe-igan-ni
bibigwewinini,bibigwewininiw2,NA,NA_Vw,NONE,UnpublishedOPD
biindaason,biindaason,NI,NI_C,NONE,UnpublishedOPD
bawaatig,bawaatigw2,NI,NI_Cw,NONE,UnpublishedOPD
biimaskwaakwa'igan,biimaskwaakwa'igan,NI,NI_C,NONE,https://ojibwe.lib.umn.edu/main-entry/biimaskwaakwa-igan-ni
bashkweginowayaan,bashkweginowayaan,NI,NI_C,NONE,UnpublishedOPD
bashkweginwakizin,bashkweginwakizin,NI,NI_C,NONE,https://ojibwe.lib.umn.edu/main-entry/bashkweginwakizin-ni
biindaasowin,biindaasowin,NI,NI_C,NONE,https://ojibwe.lib.umn.edu/main-entry/biindaasowin-ni
bibine-bakwezhigan,bibine-bakwezhigan,NA,NA_C,NONE,https://ojibwe.lib.umn.edu/main-entry/bibine-bakwezhigan-na
bashkweginwakizinikaan,bashkweginwakizinikaan,NI,NI_C,NONE,UnpublishedOPD
bashkweginwe-biinzikawaagan,bashkweginwe-biinzikawaagan,NI,NI_C,NONE,UnpublishedOPD
bashkweginwekizin,bashkweginwekizin,NI,NI_C,NONE,https://ojibwe.lib.umn.edu/main-entry/bashkweginwekizin-ni
bawe'iminaan,bawe'iminaan,NI,NI_C,NONE,UnpublishedOPD
biindakadewaan,biindakadewaan,NI,NI_C,NONE,UnpublishedOPD
bawe'iminaanaatig,bawe'iminaanaatigw2,NA,NA_Cw,NONE,UnpublishedOPD
bashkwewazh,bashkwewazh,NI,NI_C,NONE,UnpublishedOPD
bawe'iminaatig,bawe'iminaatigw2,NA,NA_Cw,NONE,UnpublishedOPD
bigishki-zhooniyaans,bigishki-zhooniyaans,NA,NA_C,NONE,https://ojibwe.lib.umn.edu/main-entry/bigishki-zhooniyaans-na
bezhigwaabik,bezhigwaabikw2,NA,NA_Cw,NONE,https://ojibwe.lib.umn.edu/main-entry/bezhigwaabik-na
bashkwezigaa,bashkwezigaaw2,NA,NA_VV,NONE,UnpublishedOPD
biindasaagan,biindasaagan,NA,NA_C,NONE,https://ojibwe.lib.umn.edu/main-entry/biindasaagan-na
biinjibajigan,biinjibajigan,NI,NI_C,NONE,UnpublishedOPD
biipiigiwizens,biipiigiwizens,NA,NA_C,NONE,UnpublishedOPD
biboonazhigan,biboonazhigan,NI,NI_C,NONE,https://ojibwe.lib.umn.edu/main-entry/biboonazhigan-ni
basibisidoosh,basibisidoosh,NA,NA_C,NONE,UnpublishedOPD
biindasanaan,biindasanaan,NI,NI_C,NONE,UnpublishedOPD
biipiinjigana'on,biipiinjigana'on,NA,NA_C,NONE,UnpublishedOPD
bibooni-babagiwayaan,bibooni-babagiwayaan,NI,NI_C,NONE,UnpublishedOPD
beshigwan,beshigwan,NA,NA_C,NONE,UnpublishedOPD
biipiinjigana'onag,biipiinjigana'on,NA,NA_C,NONE,https://ojibwe.lib.umn.edu/main-entry/biipiinjigana-onag-na
bibooni-biinzikawaagan,bibooni-biinzikawaagan,NI,NI_C,NONE,UnpublishedOPD
biisitaagan,biisitaagan,NI,NI_C,NONE,https://ojibwe.lib.umn.edu/main-entry/biisitaagan-ni
bazikwebijiganeyaab,bazikwebijiganeyaaby2,NI,NI_Cy,NONE,UnpublishedOPD
bibooni-biitooshkigan,bibooni-biitooshkigan,NI,NI_C,NONE,UnpublishedOPD
beshigwayaweshib,beshigwayaweshib,NA,NA_C,NONE,UnpublishedOPD
bibooni-giizis,bibooni-giizisw2,NA,NA_Cw,NONE,https://ojibwe.lib.umn.edu/main-entry/bibooni-giizis-na
bazikwebizon,bazikwebizon,NI,NI_C,NONE,UnpublishedOPD
biitookizinaan,biitookizinaan,NI,NI_C,NONE,https://ojibwe.lib.umn.edu/main-entry/biitookizinaan-ni
bigishkiboode-wiiyaas,bigishkiboode-wiiyaas,NI,NI_C,NONE,https://ojibwe.lib.umn.edu/main-entry/bigishkiboode-wiiyaas-ni
bibooni-makizan,bibooni-makizan,NI,NI_C,NONE,UnpublishedOPD
biinjibii'igan,biinjibii'igan,NI,NI_C,NONE,UnpublishedOPD
bibooni-midaas,bibooni-midaas,NA,NA_C,NONE,UnpublishedOPD
bibooni-wiigwaas,bibooni-wiigwaas,NI,NI_C,NONE,UnpublishedOPD
bezhigwashkad,bezhigwashkad,NI,NI_C,NONE,UnpublishedOPD
bibooni-wiiwakwaan,bibooni-wiiwakwaan,NI,NI_C,NONE,UnpublishedOPD
biinjiboonaagan,biinjiboonaagan,NA,NA_C,NONE,https://ojibwe.lib.umn.edu/main-entry/biinjiboonaagan-na
biboonikana,biboonikan,NI,NI_Kana,NONE,UnpublishedOPD
biisa'igan,biisa'igan,NI,NI_C,NONE,UnpublishedOPD
beshishooniyaans,beshishooniyaans,NA,NA_C,NONE,UnpublishedOPD
biisa'igewinini,biisa'igewininiw2,NA,NA_Vw,NONE,UnpublishedOPD
biindikomaan,biindikomaan,NI,NI_C,NONE,https://ojibwe.lib.umn.edu/main-entry/biindikomaan-ni
biitoominjikaawan,biitoominjikaawan,NA,NA_C,NONE,UnpublishedOPD
biiswewegin,biisweweginw2,NI,NI_Cw,NONE,UnpublishedOPD
biboonodaabaan,biboonodaabaan,NA,NA_C,NONE,https://ojibwe.lib.umn.edu/main-entry/biboonodaabaan-na
bezhizhooniyaans-adaawewigamig,bezhizhooniyaans-adaawewigamigw2,NI,NI_Cw,NONE,UnpublishedOPD
biboonodaabaanens,biboonodaabaanens,NA,NA_C,NONE,https://ojibwe.lib.umn.edu/main-entry/biboonodaabaanens-na
biisaabikoons,biisaabikoons,NA,NA_C,NONE,UnpublishedOPD
biisweyiigin,biisweyiiginw2,NI,NI_Cw,NONE,https://ojibwe.lib.umn.edu/main-entry/biisweyiigin-ni
bikwaakwado-gwiiwizens,bikwaakwado-gwiiwizens,NA,NA_C,NONE,UnpublishedOPD
liner,biitoonigan,NA,NA_C,NONE,https://ojibwe.lib.umn.edu/main-entry/biitoonigan-na
bawishkaachigan,bawishkaachigan,NI,NI_C,NONE,UnpublishedOPD
bikwaakwadoons,bikwaakwadoons,NA,NA_C,NONE,UnpublishedOPD
biikogwa'aan,biikogwa'aan,NA,NA_C,NONE,UnpublishedOPD
bawishkaachinaagan,bawishkaachinaagan,NI,NI_C,NONE,UnpublishedOPD
biiwigiboojigan,biiwigiboojigan,NI,NI_C,NONE,UnpublishedOPD
biiminakwaan,biiminakwaan,NI,NI_C,NONE,https://ojibwe.lib.umn.edu/main-entry/biiminakwaan-ni
beshk,beshkw2,NA,NA_irrCw,NONE,https://ojibwe.lib.umn.edu/main-entry/beshk-na
biigwakamiga'igan,biigwakamiga'igan,NI,NI_C,NONE,UnpublishedOPD
bawishkamookizin,bawishkamookizin,NI,NI_C,NONE,https://ojibwe.lib.umn.edu/main-entry/bawishkamookizin-ni
biiminakwaanens,biiminakwaanens,NI,NI_C,NONE,https://ojibwe.lib.umn.edu/main-entry/biiminakwaanens-ni
bawishkamwaabik,bawishkamwaabikw2,NA,NA_Cw,NONE,https://ojibwe.lib.umn.edu/main-entry/bawishkamwaabik-ni
beshkwe,beshkwew2,NA,NA_VV,NONE,https://ojibwe.lib.umn.edu/main-entry/beshkwe-na
biiwikodaason,biiwikodaason,NI,NI_C,NONE,UnpublishedOPD
biima'igan,biima'igan,NI,NI_C,NONE,https://ojibwe.lib.umn.edu/main-entry/biima-igan-ni
biinaabika'igan,biinaabika'igan,NI,NI_C,NONE,UnpublishedOPD
bebezhigooganzhii,bebezhigooganzhiiw2,NA,NA_VV,NONE,https://ojibwe.lib.umn.edu/main-entry/bebezhigooganzhii-na
bimaagonebizoo-odaabaan,bimaagonebizoo-odaabaan,NA,NA_C,NONE,UnpublishedOPD
biiwikojigan,biiwikojigan,NI,NI_C,NONE,https://ojibwe.lib.umn.edu/main-entry/biiwikojigan-ni
biisaandago-zhingob,biisaandago-zhingoby2,NA,NA_Cy,NONE,UnpublishedOPD
biiminigan,biiminigan,NI,NI_C,NONE,https://ojibwe.lib.umn.edu/main-entry/biiminigan-ni
biitooshkigan,biitooshkigan,NI,NI_C,NONE,https://ojibwe.lib.umn.edu/main-entry/biitooshkigan-ni
biigwakamigibijigan,biigwakamigibijigan,NA,NA_C,NONE,https://ojibwe.lib.umn.edu/main-entry/biigwakamigibijigan-na
bigishkisens,bigishkisens,NA,NA_C,NONE,UnpublishedOPD
biitawagoodaan,biitawagoodaan,NI,NI_C,NONE,https://ojibwe.lib.umn.edu/main-entry/biitawagoodaan-ni
biisaawangi-ziinzibaakwad,biisaawangi-ziinzibaakwadw2,NI,NI_Cw,NONE,UnpublishedOPD
biimaabika'igan,biimaabika'igan,NI,NI_C,NONE,UnpublishedOPD
bimibizochigewinini,bimibizochigewininiw2,NA,NA_Vw,NONE,UnpublishedOPD
biitoosichigan,biitoosichigan,NI,NI_C,NONE,UnpublishedOPD
bengwaabika'igan,bengwaabika'igan,NI,NI_C,NONE,UnpublishedOPD
biinjigosaan,biinjigosaan,NI,NI_C,NONE,https://ojibwe.lib.umn.edu/main-entry/biinjigosaan-ni
bikwaawigane-mishtadim,bikwaawigane-mishtadimw2,NA,NA_Cw,NONE,UnpublishedOPD
biindigajigan,biindigajigan,NI,NI_C,NONE,UnpublishedOPD
biitawazhaan,biitawazhaan,NI,NI_C,NONE,https://ojibwe.lib.umn.edu/main-entry/biitawazhaan-ni
biitoosijigan,biitoosijigan,NA,NA_C,NONE,https://ojibwe.lib.umn.edu/main-entry/biitoosijigan-na
biimisko-zaga'igan,biimisko-zaga'igan,NI,NI_C,NONE,UnpublishedOPD
biimisko-biima'igan,biimisko-biima'igan,NI,NI_C,NONE,UnpublishedOPD
biimaabikinigewinini,biimaabikinigewininiw2,NA,NA_Vw,NONE,UnpublishedOPD
biitoosijiganikaan,biitoosijiganikaan,NA,NA_C,NONE,UnpublishedOPD
bichibowin,bichibowin,NI,NI_C,NONE,https://ojibwe.lib.umn.edu/main-entry/bichibowin-ni
bimibizoo-inaakonigewin,bimibizoo-inaakonigewin,NI,NI_C,NONE,UnpublishedOPD
bimibizoo-mazina'igan,bimibizoo-mazina'igan,NI,NI_C,NONE,https://ojibwe.lib.umn.edu/main-entry/bimibizoo-mazina-igan-ni
biitawe-waaboozoons,biitawe-waaboozoons,NA,NA_C,NONE,UnpublishedOPD
biinichigan,biinichigan,NI,NI_C,NONE,UnpublishedOPD
biinaakizige-mashkiki,biinaakizige-mashkikiw2,NI,NI_Vw,NONE,UnpublishedOPD
biinjikomaan,biinjikomaan,NI,NI_C,NONE,UnpublishedOPD
biimiskodisii,biimiskodisiiw2,NA,NA_VV,NONE,https://ojibwe.lib.umn.edu/main-entry/biimiskodisii-na
bimibizoo-mazina'iganens,bimibizoo-mazina'iganens,NI,NI_C,NONE,UnpublishedOPD
biinjikoshkwaajigan,biinjikoshkwaajigan,NI,NI_C,NONE,UnpublishedOPD
biitawidaasaan,biitawidaasaan,NA,NA_C,NONE,UnpublishedOPD
bikwak,bikwakw2,NI,NI_Cw,NONE,https://ojibwe.lib.umn.edu/main-entry/bikwak-ni
biishaaganaab,biishaaganaaby2,NI,NI_Cy,NONE,UnpublishedOPD
biinichigewikwe,biinichigewikwew2,NA,NA_VV,NONE,https://ojibwe.lib.umn.edu/main-entry/biinichigewikwe-na
biinichigewinini,biinichigewininiw2,NA,NA_Vw,NONE,https://ojibwe.lib.umn.edu/main-entry/biinichigewinini-na
biimaakwa'igan,biimaakwa'igan,NI,NI_C,NONE,UnpublishedOPD
bigiw,bigiw,NI,NI_C,NONE,https://ojibwe.lib.umn.edu/main-entry/bigiw-ni
biisi-bakwezhigan,biisi-bakwezhigan,NA,NA_C,NONE,UnpublishedOPD
biimaakwa'iganaatig,biimaakwa'iganaatigw2,NI,NI_Cw,NONE,UnpublishedOPD
biigokokwe'owesi,biigokokwe'owesiw2,NA,NA_Vw,NONE,https://ojibwe.lib.umn.edu/main-entry/biigokokwe-owesi-na
bigiwaandag,bigiwaandagw2,NA,NA_Cw,NONE,UnpublishedOPD
biisi-manoomin,biisi-manoomin,NI,NI_C,NONE,https://ojibwe.lib.umn.edu/main-entry/biisi-manoomin-ni
biimaakwad,biimaakwadw2,NI,NI_Cw,NONE,https://ojibwe.lib.umn.edu/main-entry/biimaakwad-ni
biiwaabik,biiwaabikw2,NI,NI_Cw,NONE,https://ojibwe.lib.umn.edu/main-entry/biiwaabik-ni
bikwakombens,bikwakombens,NI,NI_C,NONE,UnpublishedOPD
biisi-zhooniyaans,biisi-zhooniyaans,NA,NA_C,NONE,https://ojibwe.lib.umn.edu/main-entry/biisi-zhooniyaans-na
bigiwizigan,bigiwizigan,NI,NI_C,NONE,https://ojibwe.lib.umn.edu/main-entry/bigiwizigan-ni
biimaatig,biimaatigw2,NI,NI_Cw,NONE,https://ojibwe.lib.umn.edu/main-entry/biimaatig-ni
bikwakooshib,bikwakooshib,NA,NA_C,NONE,UnpublishedOPD
biiwizhigan,biiwizhigan,NI,NI_C,NONE,https://ojibwe.lib.umn.edu/main-entry/biiwizhigan-ni
biite,biitew2,NI,NI_VV,NONE,https://ojibwe.lib.umn.edu/main-entry/biite-ni
biiwaabiko-aabachigan,biiwaabiko-aabachigan,NI,NI_C,NONE,UnpublishedOPD
biimiskonigan,biimiskonigan,NI,NI_C,NONE,https://ojibwe.lib.umn.edu/main-entry/biimiskonigan-ni
biiwaabiko-aazhogan,biiwaabiko-aazhogan,NI,NI_C,NONE,UnpublishedOPD
bigoshens,bigoshens,NA,NA_C,NONE,https://ojibwe.lib.umn.edu/main-entry/bigoshens-na
bikwanjiwaakosag,bikwanjiwaakosagw2,NI,NI_Cw,NONE,UnpublishedOPD
biiwaabiko-adaawewigamig,biiwaabiko-adaawewigamigw2,NI,NI_Cw,NONE,https://ojibwe.lib.umn.edu/main-entry/biiwaabiko-adaawewigamig-ni
biitewaaboo,biitewaaboow2,NI,NI_VV,NONE,https://ojibwe.lib.umn.edu/main-entry/biitewaaboo-ni
biiwaabiko-bagamaagan,biiwaabiko-bagamaagan,NI,NI_C,NONE,UnpublishedOPD
biiwaabiko-biiminakwaan,biiwaabiko-biiminakwaan,NI,NI_C,NONE,UnpublishedOPD
biiwaabiko-biisa'igan,biiwaabiko-biisa'igan,NI,NI_C,NONE,UnpublishedOPD
biinijiweba'igewi-bikwaakwadoons,biinijiweba'igewi-bikwaakwadoons,NI,NI_C,NONE,UnpublishedOPD
biiwaabiko-giishkiboojigan,biiwaabiko-giishkiboojigan,NI,NI_C,NONE,UnpublishedOPD
biiwaabiko-giishkiboojiganens,biiwaabiko-giishkiboojiganens,NI,NI_C,NONE,https://ojibwe.lib.umn.edu/main-entry/biiwaabiko-giishkiboojiganens-ni
biiwaabiko-jiimaan,biiwaabiko-jiimaan,NI,NI_C,NONE,https://ojibwe.lib.umn.edu/main-entry/biiwaabiko-jiimaan-ni
biizikigan,biizikigan,NI,NI_C,NONE,https://ojibwe.lib.umn.edu/main-entry/biizikigan-ni
biiwaabiko-miikana,biiwaabiko-miikan,NI,NI_Kana,NONE,https://ojibwe.lib.umn.edu/main-entry/biiwaabiko-miikana-ni
bimaasamoowinini,bimaasamoowininiw2,NA,NA_Vw,NONE,UnpublishedOPD
biizikigani-adaawewigamig,biizikigani-adaawewigamigw2,NI,NI_Cw,NONE,UnpublishedOPD
biiwaabiko-namaabiins,biiwaabiko-namaabiins,NI,NI_C,NONE,UnpublishedOPD
biimashkwemaginigan,biimashkwemaginigan,NI,NI_C,NONE,https://ojibwe.lib.umn.edu/main-entry/biimashkwemaginigan-ni
bimikawaan,bimikawaan,NI,NI_C,NONE,https://ojibwe.lib.umn.edu/main-entry/bimikawaan-ni
biiwaabiko-wiigwaas,biiwaabiko-wiigwaas,NA,NA_C,NONE,UnpublishedOPD
biizikiigan,biizikiigan,NI,NI_C,NONE,https://ojibwe.lib.umn.edu/main-entry/biizikiigan-ni
biiwaabiko-zagapijigan,biiwaabiko-zagapijigan,NI,NI_C,NONE,https://ojibwe.lib.umn.edu/main-entry/biiwaabiko-zagapijigan-ni
biimasko-zaga'igan,biimasko-zaga'igan,NI,NI_C,NONE,https://ojibwe.lib.umn.edu/main-entry/biimasko-zaga-igan-ni
biiwaabiko-zhooniyaans,biiwaabiko-zhooniyaans,NA,NA_C,NONE,UnpublishedOPD
biiwaabikokaan,biiwaabikokaan,NI,NI_C,NONE,https://ojibwe.lib.umn.edu/main-entry/biiwaabikokaan-ni
biimaskodishiinh,biimaskodishiinhy1,NA,NA_VVny,NONE,UnpublishedOPD
biisiboojigan,biisiboojigan,NA,NA_C,NONE,https://ojibwe.lib.umn.edu/main-entry/biisiboojigan-na
biiwaabikokewinini,biiwaabikokewininiw2,NA,NA_Vw,NONE,https://ojibwe.lib.umn.edu/main-entry/biiwaabikokewinini-na
bimike'igan,bimike'igan,NI,NI_C,NONE,UnpublishedOPD
biindaabikibijigan,biindaabikibijigan,NI,NI_C,NONE,https://ojibwe.lib.umn.edu/main-entry/biindaabikibijigan-ni
bimidaakobijigan,bimidaakobijigan,NI,NI_C,NONE,https://ojibwe.lib.umn.edu/main-entry/bimidaakobijigan-ni
bimidaakogwaajigan,bimidaakogwaajigan,NI,NI_C,NONE,UnpublishedOPD
bima'igan,bima'igan,NI,NI_C,NONE,UnpublishedOPD
biisiboojiganaaboo,biisiboojiganaaboow2,NA,NA_VV,NONE,https://ojibwe.lib.umn.edu/main-entry/biisiboojiganaaboo-na
biiwaabikonaagan,biiwaabikonaagan,NI,NI_C,NONE,https://ojibwe.lib.umn.edu/main-entry/biiwaabikonaagan-ni
bimikwaan,bimikwaan,NA,NA_C,NONE,https://ojibwe.lib.umn.edu/main-entry/bimikwaan-na
biinjiweba'igeyaatig,biinjiweba'igeyaatigw2,NI,NI_Cw,NONE,UnpublishedOPD
bimaawadaasoowidaabaan,bimaawadaasoowidaabaan,NA,NA_C,NONE,https://ojibwe.lib.umn.edu/main-entry/bimaawadaasoowidaabaan-na
biiwaabikoonsikewigamig,biiwaabikoonsikewigamigw2,NI,NI_Cw,NONE,UnpublishedOPD
biiwaabikoonsikewinini,biiwaabikoonsikewininiw2,NA,NA_Vw,NONE,UnpublishedOPD
biitoo-babagiwayaan,biitoo-babagiwayaan,NI,NI_C,NONE,https://ojibwe.lib.umn.edu/main-entry/biitoo-babagiwayaan-ni
bimaawangi-ziinzibaakwad,bimaawangi-ziinzibaakwad,NI,NI_C,NONE,UnpublishedOPD
bima'oojigewinini,bima'oojigewininiw2,NA,NA_Vw,NONE,UnpublishedOPD
biisiga'isaan,biisiga'isaan,NI,NI_C,NONE,https://ojibwe.lib.umn.edu/main-entry/biisiga-isaan-ni
biiwaabikwadaawewigamig,biiwaabikwadaawewigamigw2,NI,NI_Cw,NONE,https://ojibwe.lib.umn.edu/main-entry/biiwaabikwadaawewigamig-ni
bikojii-gwiiwizwens,bikojii-gwiiwizwens,NA,NA_C,NONE,UnpublishedOPD
biitoo-bagiwaan,biitoo-bagiwaan,NI,NI_C,NONE,UnpublishedOPD
biijigigwane,biijigigwanew2,NA,NA_VV,NONE,https://ojibwe.lib.umn.edu/main-entry/biijigigwane-na
biitoo-bagiwayaan,biitoo-bagiwayaan,NI,NI_C,NONE,https://ojibwe.lib.umn.edu/main-entry/biitoo-bagiwayaan-ni
biijigigwanegwan,biijigigwanegwan,NA,NA_C,NONE,UnpublishedOPD
biiwaabikwakik,biiwaabikwakikw2,NA,NA_Cw,NONE,UnpublishedOPD
biiwaabikwashkoons,biiwaabikwashkoons,NI,NI_C,NONE,UnpublishedOPD
biitoo-giboodegwaazon,biitoo-giboodegwaazon,NA,NA_C,NONE,UnpublishedOPD
bima'ookiiwigamig,bima'ookiiwigamigw2,NI,NI_Cw,NONE,UnpublishedOPD
biitoo-giboodiyegwaazon,biitoo-giboodiyegwaazon,NA,NA_C,NONE,https://ojibwe.lib.umn.edu/main-entry/biitoo-giboodiyegwaazon-na
bima'ookiiwinini,bima'ookiiwininiw2,NA,NA_Vw,NONE,UnpublishedOPD
bimaawazhiwewidaabaan,bimaawzhiwewidaabaan,NA,NA_C,NONE,UnpublishedOPD
biiwaanag,biiwaanagw2,NA,NA_Cw,NONE,https://ojibwe.lib.umn.edu/main-entry/biiwaanag-na
biitoo-midaas,biitoo-midaas,NA,NA_C,NONE,UnpublishedOPD
bimaawazhiwewinini,bimaawazhiwewininiw2,NA,NA_Vw,NONE,https://ojibwe.lib.umn.edu/main-entry/bimaawazhiwewinini-na
biijigwane,biijigwanew2,NA,NA_VV,NONE,UnpublishedOPD
biindaagiwebinigewin,biindaagiwebinigewin,NI,NI_C,NONE,UnpublishedOPD
biitoobiig,biitoobiig,NI,NI_C,NONE,UnpublishedOPD
bima'oozhiwewigamig,bima'oozhiwewigamigw2,NI,NI_Cw,NONE,UnpublishedOPD
biinisindib,biinisindib,NA,NA_C,NONE,UnpublishedOPD
bimidaasoowidaabaan,bimidaasoowidaabaan,NI,NI_C,NONE,UnpublishedOPD
bikonjiwaabik,bikonjiwaabikw2,NI,NI_Cw,NONE,UnpublishedOPD
bikoojaan,bikoojaan,NI,NI_C,NONE,https://ojibwe.lib.umn.edu/main-entry/bikoojaan-ni
biitoogamizigan,biitoogamizigan,NI,NI_C,NONE,UnpublishedOPD
biindigeshimowin,biindigeshimowin,NI,NI_C,NONE,https://ojibwe.lib.umn.edu/main-entry/biindigeshimowin-ni
biiwanjigan,biiwanjigan,NI,NI_C,NONE,https://ojibwe.lib.umn.edu/main-entry/biiwanjigan-ni
biiway,biiway,NI,NI_C,NONE,https://ojibwe.lib.umn.edu/main-entry/biiway-ni
biiwega'igan,biiwega'igan,NI,NI_C,NONE,https://ojibwe.lib.umn.edu/main-entry/biiwega-igan-ni
biitoogwaason,biitoogwaason,NI,NI_C,NONE,UnpublishedOPD
biiwegizhigan,biiwegizhigan,NI,NI_C,NONE,UnpublishedOPD
biiwekodamaagan,biiwekodamaagan,NI,NI_C,NONE,UnpublishedOPD
bimidasaa,bimidasaaw2,NA,NA_VV,NONE,https://ojibwe.lib.umn.edu/main-entry/bimidasaa-na
bimidasaagan,bimidasaagan,NI,NI_C,NONE,UnpublishedOPD
bimidasaan,bimidasaan,NA,NA_C,NONE,UnpublishedOPD
bikwaajy,bikwaajy2,NID,NID_Cy,NONE,https://ojibwe.lib.umn.edu/main-entry/bikwaaj-nid
biitookizin,biitookizin,NI,NI_C,NONE,https://ojibwe.lib.umn.edu/main-entry/biitookizin-ni
bimidasaans,bimidasaans,NA,NA_C,NONE,UnpublishedOPD
bimide,bimidew2,NI,NI_VV,NONE,https://ojibwe.lib.umn.edu/main-entry/bimide-ni
bimide-waazakonenjigan,bimide-waazakonenjigan,NI,NI_C,NONE,UnpublishedOPD
biiwiboojigan,biiwiboojigan,NI,NI_C,NONE,https://ojibwe.lib.umn.edu/main-entry/biiwiboojigan-ni
bikwaakoganaan,bikwaakoganaan,NI,NI_C,NONE,https://ojibwe.lib.umn.edu/main-entry/bikwaakoganaan-ni
bimaabikiwebishkigan,bimaabikiwebishkigan,NA,NA_C,NONE,UnpublishedOPD
bimide-zhaaboobiiginigan,bimide-zhaaboobiiginigan,NI,NI_C,NONE,UnpublishedOPD
bimide-zhaabozigan,bimide-zhaabozigan,NI,NI_C,NONE,UnpublishedOPD
biiwide,biiwidew2,NA,NA_VV,NONE,https://ojibwe.lib.umn.edu/main-entry/biiwide-na
bikwaakoninj,bikwaakoninjy2,NI,NI_Cy,NONE,UnpublishedOPD
bikwaakoshib,bikwaakoshib,NA,NA_C,NONE,UnpublishedOPD
bimidewaaboo,bimidewaaboow2,NI,NI_VV,NONE,UnpublishedOPD
bikwaakwad,bikwaakwadw2,NI,NI_Cw,NONE,https://ojibwe.lib.umn.edu/main-entry/bikwaakwad-ni
bimiwanaaneyaab,bimiwanaaneyaaby2,NI,NI_Cy,NONE,UnpublishedOPD
biiwiga'igan,biiwiga'igan,NI,NI_C,NONE,https://ojibwe.lib.umn.edu/main-entry/biiwiga-igan-ni
bimiwaneyaab,bimiwaneyaaby2,NI,NI_Cy,NONE,UnpublishedOPD
bikwaakwado-bagamaagan,bikwaakwado-bagamaagan,NI,NI_C,NONE,https://ojibwe.lib.umn.edu/main-entry/bikwaakwado-bagamaagan-ni
bimaadagaazii-makizin,bimaadagaazii-makizin,NI,NI_C,NONE,UnpublishedOPD
bimibatookizin,bimibatookizin,NI,NI_C,NONE,UnpublishedOPD
bimibatoowakizin,bimibatoowakizin,NI,NI_C,NONE,UnpublishedOPD
bimigwaasowin,bimigwaasowin,NI,NI_C,NONE,UnpublishedOPD
bimaadiziwin,bimaadiziwin,NI,NI_C,NONE,https://ojibwe.lib.umn.edu/main-entry/bimaadiziwin-ni
bimibidewi-giishkiboojigan,bimibidewi-giishkiboojigan,NI,NI_C,NONE,https://ojibwe.lib.umn.edu/main-entry/bimibidewi-giishkiboojigan-ni
bimaagami-bimide,bimaagami-bimidew2,NI,NI_VV,NONE,UnpublishedOPD
bimaagiwebishkigan,bimaagiwebishkigan,NA,NA_C,NONE,https://ojibwe.lib.umn.edu/main-entry/bimaagiwebishkiganens-na
biitoogwaajigan,biitoogwaajigan,NI,NI_C,NONE,https://ojibwe.lib.umn.edu/main-entry/biitoogwaajigan-ni
biinzikawaagan,biinzikawaagan,NI,NI_C,NONE,https://ojibwe.lib.umn.edu/main-entry/biinzikawaagan-ni
biisaandago-zhingwaak,biisaandago-zhingwaakw2,NA,NA_Cw,NONE,https://ojibwe.lib.umn.edu/main-entry/biisaandago-zhingwaak-na-08b82ba2-0410-47fa-a2c1-aaf2e09995ac
bashkweginweyaab,bashkweginweyaaby2,NI,NI_Cy,NONE,UnpublishedOPD
biisiboojigan,biisiboojigan,NI,NI_C,NONE,https://ojibwe.lib.umn.edu/main-entry/biisiboojigan-ni
bimikawewin,bimikawewin,NI,NI_C,NONE,https://ojibwe.lib.umn.edu/main-entry/bimikawewin-ni
bezhizhooniyaans,bezhizhooniyaans,NA,NA_C,NONE,https://ojibwe.lib.umn.edu/main-entry/bezhizhooniyaans-na
bakwezhiganikewinaagan,bakwezhiganikewinaagan,NI,NI_C,NONE,https://ojibwe.lib.umn.edu/main-entry/bakwezhiganikewinaagan-ni
bakwezhiganens,bakwezhiganens,NA,NA_C,NONE,https://ojibwe.lib.umn.edu/main-entry/bakwezhiganens-na
bimiwanaan,bimiwanaan,NI,NI_C,NONE,https://ojibwe.lib.umn.edu/main-entry/bimiwanaan-ni
bami'aagan,bami'aagan,NA,NA_C,NONE,https://ojibwe.lib.umn.edu/main-entry/bami-aagan-na
bikwaakogan,bikwaakogan,NI,NI_C,NONE,https://ojibwe.lib.umn.edu/main-entry/bikwaakogan-ni
bakwezhigan,bakwezhigan,NA,NA_C,NONE,https://ojibwe.lib.umn.edu/main-entry/bakwezhigan-na
biimashkweginigan,biimashkweginigan,NI,NI_C,NONE,UnpublishedOPD
biinda'oojigan,biinda'oojigan,NI,NI_C,NONE,https://ojibwe.lib.umn.edu/main-entry/biinda-oojigan-ni
biiwaabiko-nagwaaganeyaab,biiwaabiko-nagwaaganeyaaby2,NI,NI_Cy,NONE,UnpublishedOPD
biiwaabikoons,biiwaabikoons,NI,NI_C,NONE,https://ojibwe.lib.umn.edu/main-entry/biiwaabikoons-ni
bimoojiganeyaab,bimoojiganeyaaby2,NI,NI_Cy,NONE,UnpublishedOPD
bimoomaawaswaan,bimoomaawaswaan,NA,NA_C,NONE,https://ojibwe.lib.umn.edu/main-entry/bimoomaawaswaan-na
binaakwewi-giizis,binaakwewi-giizisw2,NA,NA_Cw,NONE,UnpublishedOPD
binaakwii-giizis,binaakwii-giizisw2,NA,NA_Cw,NONE,https://ojibwe.lib.umn.edu/main-entry/binaakwii-giizis-na
bimoomigoo-apabiwin,bimoomigoo-apabiwin,NI,NI_C,NONE,https://ojibwe.lib.umn.edu/main-entry/bimoomigoo-apabiwin-ni
binaakwiiwi-giizis,binaakwiiwi-giizisw2,NA,NA_Cw,NONE,https://ojibwe.lib.umn.edu/main-entry/binaakwiiwi-giizis-na
bimoomigoowinini,bimoomigoowininiw2,NA,NA_Vw,NONE,UnpublishedOPD
bimoonjigan,bimoonjigan,NI,NI_C,NONE,https://ojibwe.lib.umn.edu/main-entry/bimoonjigan-ni
bimoonjiganeyaab,bimoonjiganeyaaby2,NI,NI_Cy,NONE,UnpublishedOPD
bimoonzhigan,bimoonzhigan,NI,NI_C,NONE,UnpublishedOPD
bimosaagan,bimosaagan,NI,NI_C,NONE,UnpublishedOPD
bimose-makizin,bimose-makizin,NI,NI_C,NONE,UnpublishedOPD
bisigadanaaboo,bisigadanaaboow2,NI,NI_VV,NONE,https://ojibwe.lib.umn.edu/main-entry/bisigadanaaboo-ni
bimwaagan,bimwaagan,NA,NA_C,NONE,UnpublishedOPD
bisikwebizon,bisikwebizon,NI,NI_C,NONE,UnpublishedOPD
binakwii-giizis,binakwii-giizisw2,NA,NA_Cw,NONE,https://ojibwe.lib.umn.edu/main-entry/binakwii-giizis-na
bizinjigan,bizinjigan,NI,NI_C,NONE,UnpublishedOPD
bizhigokwe,bizhigokwew2,NA,NA_VV,NONE,UnpublishedOPD
bizhigookwe,bizhigookwew2,NA,NA_VV,NONE,UnpublishedOPD
bizhiiwiingwekizin,bizhiiwiingwekizin,NI,NI_C,NONE,UnpublishedOPD
bipakoombens,bipakoombens,NI,NI_C,NONE,https://ojibwe.lib.umn.edu/main-entry/bipakoombens-ni
bine,binew2,NA,NA_VV,NONE,https://ojibwe.lib.umn.edu/main-entry/bine-na
bine,binew2,NA,NA_VVw,NONE,https://ojibwe.lib.umn.edu/main-entry/bine-na
bizhiins,bizhiins,NA,NA_C,NONE,https://ojibwe.lib.umn.edu/main-entry/bizhiins-na
bine-baashkizigan,bine-baashkizigan,NI,NI_C,NONE,https://ojibwe.lib.umn.edu/main-entry/bine-baashkizigan-ni
bine-omooday,bine-omooday,NI,NI_C,NONE,UnpublishedOPD
bizhikiwi-wiiyaas,bizhikiwi-wiiyaas,NI,NI_C,NONE,https://ojibwe.lib.umn.edu/main-entry/bizhikiwi-wiiyaas-ni
bine-wiiyaas,bine-wiiyaas,NI,NI_C,NONE,UnpublishedOPD
bineshiinh,bineshiiny1,NA,NA_VVny,NONE,https://ojibwe.lib.umn.edu/main-entry/bineshiinh-na
bizhikiins,bizhikiins,NA,NA_C,NONE,https://ojibwe.lib.umn.edu/main-entry/bizhikiins-na
bizhikiinsiwayaan,bizhikiinsiwayaan,NA,NA_C,NONE,https://ojibwe.lib.umn.edu/main-entry/bizhikiinsiwayaan-na
bineshiinhwashkwemag,bineshiinhwashkwemag,NI,NI_C,NONE,UnpublishedOPD
bineshiinhwayaan,bineshiinhwayaan,NA,NA_C,NONE,https://ojibwe.lib.umn.edu/main-entry/bineshiinhwayaan-na
bineshiinyiwigamig,bineshiinyiwigamigw2,NI,NI_Cw,NONE,UnpublishedOPD
bizhikiiwigamig,bizhikiiwigamigw2,NI,NI_Cw,NONE,https://ojibwe.lib.umn.edu/main-entry/bizhikiiwigamig-ni
bookwaagimewi-giizis,bookwaagimewi-giizisw2,NA,NA_Cw,NONE,UnpublishedOPD
biskitenaaganigamig,biskitenaaganigamigw2,NI,NI_Cw,NONE,UnpublishedOPD
bwaam,bwaam,NID,NID_C,NONE,https://ojibwe.lib.umn.edu/main-entry/bwaam-nid
bizhikiwaanzo,bizhikiwaanzow2,NI,NI_Vw,NONE,UnpublishedOPD
binesiiwayaan,binesiiwayaan,NA,NA_C,NONE,UnpublishedOPD
binewi-wiiyaas,binewi-wiiyaas,NI,NI_C,NONE,https://ojibwe.lib.umn.edu/main-entry/binewi-wiiyaas-ni
bizhikiwashk,bizhikiwashkw2,NI,NI_Cw,NONE,UnpublishedOPD
binewidis,binewidisy2,NI,NI_Cy,NONE,https://ojibwe.lib.umn.edu/main-entry/binewidis-ni
bwaamens,bwaamens,NID,NID_C,NONE,UnpublishedOPD
bizhikiwayaan,bizhikiwayaan,NA,NA_C,NONE,https://ojibwe.lib.umn.edu/main-entry/bizhikiwayaan-na
binewidisii-makizin,binewidisii-makizin,NI,NI_C,NONE,UnpublishedOPD
bwaan,bwaan,NA,NA_C,NONE,https://ojibwe.lib.umn.edu/main-entry/bwaan-na
bizhikiwegin,bizhikiweginw2,NA,NA_Cw,NONE,UnpublishedOPD
bizhikiwi-doodooshaaboo-bimide,bizhikiwi-doodooshaaboo-bimidew2,NI,NI_VV,NONE,UnpublishedOPD
bizhikiwi-doodooshim,bizhikiwi-doodooshim,NA,NA_C,NONE,UnpublishedOPD
bingoshens,bingoshens,NA,NA_C,NONE,https://ojibwe.lib.umn.edu/main-entry/bingoshens-na
bizhikiwi-moo,bizhikiwi-moow2,NI,NI_VV,NONE,UnpublishedOPD
biskaakonebijigan,biskaakonebijigan,NI,NI_C,NONE,https://ojibwe.lib.umn.edu/main-entry/biskaakonebijigan-ni
bishagaakwa'igan,bishagaakwa'igan,NA,NA_C,NONE,UnpublishedOPD
biskaakonenjigan,biskaakonenjigan,NI,NI_C,NONE,UnpublishedOPD
bizhishigo-jiimaan,bizhishigo-jiimaan,NI,NI_C,NONE,UnpublishedOPD
bizhishigodaabaan,bizhishigodaabaan,NI,NI_C,NONE,UnpublishedOPD
bingwaabo,bingwaabow2,NI,NI_Vw,NONE,UnpublishedOPD
bootaagan,bootaagan,NA,NA_C,NONE,https://ojibwe.lib.umn.edu/main-entry/bootaagan-na
bingwaaboo,bingwaaboow2,NI,NI_VV,NONE,UnpublishedOPD
bootaaganaak,bootaaganaakw2,NI,NI_Cw,NONE,https://ojibwe.lib.umn.edu/main-entry/bootaaganaak-ni
biskaakwanenjigan,biskaakwanenjigan,NI,NI_C,NONE,UnpublishedOPD
bootaaganaatig,bootaaganaatigw2,NI,NI_Cw,NONE,UnpublishedOPD
bishigwaabe,bishigwaabew2,NA,NA_VV,NONE,UnpublishedOPD
bingwi,bingwy2,NI,NI_ShortCy,NONE,https://ojibwe.lib.umn.edu/main-entry/bingwi-ni
boodaajibingwesi,boodaajibingwesiw2,NA,NA_Vw,NONE,UnpublishedOPD
bishigwaadaakizigan,bishigwaadaakizigan,NI,NI_C,NONE,UnpublishedOPD
boodaajigan,boodaajigan,NI,NI_C,NONE,https://ojibwe.lib.umn.edu/main-entry/boodaajigan-ni
bingwi-onaagaans,bingwi-onaagaans,NI,NI_C,NONE,UnpublishedOPD
bwaani-giigoony,bwaani-giigoony1,NA,NA_VVny,NONE,UnpublishedOPD
bookwaatig,bookwaatigw2,NI,NI_Cw,NONE,UnpublishedOPD
bwaani-nagamon,bwaani-nagamon,NI,NI_C,NONE,UnpublishedOPD
bingwii-miikana,bingwii-miikan,NI,NI_Kana,NONE,https://ojibwe.lib.umn.edu/main-entry/bingwii-miikana-ni
bwaani-niimi'idiwin,bwaani-niimi'idiwin,NI,NI_C,NONE,UnpublishedOPD
bishigwaajikwe,bishigwaajikwew2,NA,NA_VV,NONE,UnpublishedOPD
bwaanikwe,bwaanikwew2,NA,NA_VV,NONE,https://ojibwe.lib.umn.edu/main-entry/bwaanikwe-na
daashkiboojigan,daashkiboojigan,NA,NA_C,NONE,https://ojibwe.lib.umn.edu/main-entry/daashkiboojigan-na
dadaakogaade-giboodiyegwaazon,dadaakogaade-giboodiyegwaazon,NA,NA_C,NONE,UnpublishedOPD
daashkiboojiganens,daashkiboojiganens,NI,NI_C,NONE,UnpublishedOPD
daashkiboojigewigamig,daashkiboojigewigamigw2,NI,NI_Cw,NONE,UnpublishedOPD
daajigade,daajigadew2,NA,NA_VV,NONE,https://ojibwe.lib.umn.edu/main-entry/daajigade-na
boozaabikinigan,boozaabikinigan,NI,NI_C,NONE,https://ojibwe.lib.umn.edu/main-entry/boozaabikinigan-ni
bwaanzhii-dewe'igan,bwaanzhii-dewe'igan,NA,NA_C,NONE,UnpublishedOPD
boodaajii'igaans,boodaajii'igaans,NI,NI_C,NONE,UnpublishedOPD
daamikan,daamikan,NID,NID_C,NONE,https://ojibwe.lib.umn.edu/main-entry/daamikan-nid
bimiwidaasoowidaabaan,bimiwidaasoowidaabaan,NA,NA_C,NONE,UnpublishedOPD
boodaajii'igan,boodaajii'igan,NI,NI_C,NONE,https://ojibwe.lib.umn.edu/main-entry/boodaajii-igan-ni
bwaanzhii-nagamon,bwaanzhii-nagamon,NI,NI_C,NONE,UnpublishedOPD
daan,daan,NAD,NAD_C,NONE,https://ojibwe.lib.umn.edu/main-entry/daan-nad
biskanebijigaans,biskanebijigaans,NI,NI_C,NONE,UnpublishedOPD
daatagoogwaajigan,daatagoogwaajigan,NI,NI_C,NONE,UnpublishedOPD
daanens,daanens,NA,NA_C,NONE,UnpublishedOPD
biskanebijigan,biskanebijigan,NI,NI_C,NONE,UnpublishedOPD
bwaanzhii-niimi'idiwin,bwaanzhii-niimi'idiwin,NI,NI_C,NONE,https://ojibwe.lib.umn.edu/main-entry/bwaanzhii-niimi-idiwin-ni
dakatechigan,dakatechigan,NI,NI_C,NONE,UnpublishedOPD
binaakwaan,binaakwaan,NI,NI_C,NONE,https://ojibwe.lib.umn.edu/main-entry/binaakwaan-ni
bwaanzhiiwi'on,bwaanzhiiwi'on,NI,NI_C,NONE,https://ojibwe.lib.umn.edu/main-entry/bwaanzhiiwi-on-ni
daashkiga'igan,daashkiga'igan,NI,NI_C,NONE,UnpublishedOPD
boozaanikwaan,boozaanikwaan,NI,NI_C,NONE,UnpublishedOPD
bizhiw,bizhiw,NA,NA_C,NONE,https://ojibwe.lib.umn.edu/main-entry/bizhiw-na
binaakwaanibijigan,binaakwaanibijigan,NI,NI_C,NONE,https://ojibwe.lib.umn.edu/main-entry/binaakwaanibijigan-ni
dagozekwaan,dagozekwaan,NI,NI_C,NONE,https://ojibwe.lib.umn.edu/main-entry/dagozekwaan-ni
dakwaniwewinini,dakwaniwewininiw2,NA,NA_Vw,NONE,UnpublishedOPD
binaakwaanininj,binaakwaanininjy2,NI,NI_Cy,NONE,UnpublishedOPD
bizhiwayaan,bizhiwayaan,NA,NA_C,NONE,https://ojibwe.lib.umn.edu/main-entry/bizhiwayaan-na
dakwanjigaans,dakwanjigaans,NI,NI_C,NONE,UnpublishedOPD
binaakwaanizid,binaakwaanizid,NI,NI_C,NONE,UnpublishedOPD
dakib,dakiby,NI,NI_C,NONE,https://ojibwe.lib.umn.edu/main-entry/dakib-ni
bimiwizhiwe-odaabii'iwewinini,bimiwizhiwe-odaabii'iwewininiw2,NA,NA_Vw,NONE,UnpublishedOPD
dakwanjigan,dakwanjigan,NI,NI_C,NONE,https://ojibwe.lib.umn.edu/main-entry/dakwanjigan-ni
dagozigan,dagozigan,NI,NI_C,NONE,UnpublishedOPD
daniwin,daniwin,NI,NI_C,NONE,https://ojibwe.lib.umn.edu/main-entry/daniwin-ni
boozhens,boozhens,NA,NA_C,NONE,UnpublishedOPD
bimiwizhiwewidaabaan,bimiwizhiwewidaabaan,NA,NA_C,NONE,https://ojibwe.lib.umn.edu/main-entry/bimiwizhiwewidaabaan-na
binaakwe-giizis,binaakwe-giizisw2,NA,NA_Cw,NONE,https://ojibwe.lib.umn.edu/main-entry/binaakwe-giizis-na
dakwanjiganaabik,dakwanjiganaabikw2,NI,NI_Cw,NONE,https://ojibwe.lib.umn.edu/main-entry/dakwanjiganaabik-ni
bizigaakizigan,bizigaakizigan,NI,NI_C,NONE,UnpublishedOPD
bimiwizhiwewinini,bimiwizhiwewininiw2,NA,NA_Vw,NONE,https://ojibwe.lib.umn.edu/main-entry/bimiwizhiwewinini-na
bizigaakizigewikwe,bizigaakizigewikwew2,NA,NA_VV,NONE,UnpublishedOPD
binaakwe'igaans,binaakwe'igaans,NI,NI_C,NONE,UnpublishedOPD
dagwaagi-giizis,dagwaagi-giizisw2,NA,NA_Cw,NONE,UnpublishedOPD
binaakwe'igan,binaakwe'igan,NI,NI_C,NONE,https://ojibwe.lib.umn.edu/main-entry/binaakwe-igan-ni
dakonaawaswaan,dakonaawaswaan,NA,NA_C,NONE,https://ojibwe.lib.umn.edu/main-entry/dakonaawaswaan-na
boodashkwaanijiinh,boodashkwaanijiinhy1,NA,NA_VVny,NONE,UnpublishedOPD
dakichigan,dakichigan,NI,NI_C,NONE,UnpublishedOPD
boodaskwaanishinh,boodaskwaanishinhy1,NA,NA_VVny,NONE,UnpublishedOPD
boodawaadamii,boodawaadamiiw2,NA,NA_VV,NONE,https://ojibwe.lib.umn.edu/main-entry/boodawaadamii-na
dabasaanikaan,dabasaanikaan,NI,NI_C,NONE,UnpublishedOPD
dakigamaabo,dakigamaabow2,NI,NI_Vw,NONE,https://ojibwe.lib.umn.edu/main-entry/dakigamaabo-ni
bimojigan,bimojigan,NI,NI_C,NONE,https://ojibwe.lib.umn.edu/main-entry/bimojigan-ni
dagwaagishib,dagwaagishib,NA,NA_C,NONE,UnpublishedOPD
boodawaagan,boodawaagan,NI,NI_C,NONE,UnpublishedOPD
bimojiganaak,bimojiganaakw2,NI,NI_Cw,NONE,UnpublishedOPD
dagwaagizhob,dagwaagizhob,NA,NA_C,NONE,UnpublishedOPD
boonakajigan,boonakajigan,NI,NI_C,NONE,https://ojibwe.lib.umn.edu/main-entry/boonakajigan-ni
boodawaan,boodawaan,NI,NI_C,NONE,https://ojibwe.lib.umn.edu/main-entry/boodawaan-ni
boodawaanaabik,boodawaanaabikw2,NA,NA_Cw,NONE,UnpublishedOPD
dakoniwe-animosh,dakoniwe-animosh,NA,NA_C,NONE,UnpublishedOPD
dakoniwewidaabaan,dakoniwewidaabaan,NA,NA_C,NONE,https://ojibwe.lib.umn.edu/main-entry/dakoniwewidaabaan-na
dasoonaagan,dasoonaagan,NI,NI_C,NONE,https://ojibwe.lib.umn.edu/main-entry/dasoonaagan-ni
dakiigamaabo,dakiigamaabow2,NI,NI_Vw,NONE,UnpublishedOPD
dakoniwewigamig,dakoniwewigamigw2,NI,NI_Cw,NONE,https://ojibwe.lib.umn.edu/main-entry/dakoniwewigamig-ni
dakoniwewinini,dakoniwewininiw2,NA,NA_Vw,NONE,https://ojibwe.lib.umn.edu/main-entry/dakoniwewinini-na
dakoniwewininiikwe,dakoniwewininiikwew2,NA,NA_VV,NONE,https://ojibwe.lib.umn.edu/main-entry/dakoniwewininiikwe-na
dakoniwewininiiwidaabaan,dakoniwewininiiwidaabaan,NI,NI_C,NONE,UnpublishedOPD
bizindamoo-makak,bizindamoo-makakw2,NI,NI_Cw,NONE,https://ojibwe.lib.umn.edu/main-entry/bizindamoo-makak-ni
boodawewinini,boodawewininiw2,NA,NA_Vw,NONE,https://ojibwe.lib.umn.edu/main-entry/boodawewinini-na
bizindamowin,bizindamowin,NI,NI_C,NONE,https://ojibwe.lib.umn.edu/main-entry/bizindamowin-ni
boodewaadamii,boodewaadamiiw2,NA,NA_VV,NONE,https://ojibwe.lib.umn.edu/main-entry/boodewaadamii-na
denaniw,denaniw,NID,NID_C,NONE,https://ojibwe.lib.umn.edu/main-entry/denaniw-nid
booziiwidaabaan,booziiwidaabaan,NA,NA_C,NONE,UnpublishedOPD
boodoonh,boodoonhy1,NA,NA_VVny,NONE,https://ojibwe.lib.umn.edu/main-entry/boodoonh-na
damagoshkigan,damagoshkigan,NI,NI_C,NONE,UnpublishedOPD
dengway,dengway,NID,NID_C,NONE,https://ojibwe.lib.umn.edu/main-entry/dengway-nid
boodoons,boodoons,NA,NA_C,NONE,UnpublishedOPD
dabasajiw,dabasajiw,NI,NI_C,NONE,https://ojibwe.lib.umn.edu/main-entry/dabasajiw-ni
denigom,denigom,NAD,NAD_C,NONE,https://ojibwe.lib.umn.edu/main-entry/denigom-nad
daangosheny,daangosheny1,NAD,NAD_VVny,NONE,https://ojibwe.lib.umn.edu/main-entry/daangosheny-nad
daanis,daanis,NAD,NAD_C,NONE,https://ojibwe.lib.umn.edu/main-entry/daanis-nad
dawaagonebijigan,dawaagonebijigan,NA,NA_C,NONE,https://ojibwe.lib.umn.edu/main-entry/dawaagonebijigan-na
boozikado,boozikadow2,NA,NA_Vw,NONE,UnpublishedOPD
daanisens,daanisens,NAD,NAD_C,NONE,UnpublishedOPD
boozikadoo,boozikadoow2,NA,NA_VV,NONE,UnpublishedOPD
desa'on,desa'on,NI,NI_C,NONE,https://ojibwe.lib.umn.edu/main-entry/desa-on-ni
dagwanjigan,dagwanjigan,NI,NI_C,NONE,https://ojibwe.lib.umn.edu/main-entry/dagwanjigan-ni
dibaakwa'iganaak,dibaakwa'iganaakw2,NI,NI_Cw,NONE,https://ojibwe.lib.umn.edu/main-entry/dibaakwa-iganaak-ni
boozikinaagan,boozikinaagan,NI,NI_C,NONE,https://ojibwe.lib.umn.edu/main-entry/boozikinaagan-ni
dibaakwa'iganaakoons,dibaakwa'iganaakoons,NI,NI_C,NONE,UnpublishedOPD
dibaakwa'igewinini,dibaakwa'igewininiw2,NA,NA_Vw,NONE,https://ojibwe.lib.umn.edu/main-entry/dibaakwa-igewinini-na
didibashkwemaginigan,didibashkwemaginiganw2,NI,NI_Cw,NONE,UnpublishedOPD
desaabaan,desaabaan,NI,NI_C,NONE,https://ojibwe.lib.umn.edu/main-entry/desaabaan-ni
boogijijigan,boogijijigan,NI,NI_C,NONE,UnpublishedOPD
dibaapaawajigan,dibaapaawajigan,NI,NI_C,NONE,UnpublishedOPD
dabasashkosiw,dabasashkosiw,NI,NI_C,NONE,UnpublishedOPD
dadibaajimoowinini,dadibaajimoowininiw2,NA,NA_Vw,NONE,https://ojibwe.lib.umn.edu/main-entry/dadibaajimoowinini-na
dadibaajimowin,dadibaajimowin,NI,NI_C,NONE,UnpublishedOPD
boojoons,boojoons,NA,NA_C,NONE,UnpublishedOPD
desaakwa'igan,desaakwa'igan,NI,NI_C,NONE,https://ojibwe.lib.umn.edu/main-entry/desaakwa-igan-ni
ditibininjiibizon,ditibininjiibizon,NA,NA_C,NONE,UnpublishedOPD
bookadinigan,bookadinigan,NA,NA_C,NONE,https://ojibwe.lib.umn.edu/main-entry/bookadinigan-na
ditibininjiibizonens,ditibininjiibizonens,NI,NI_C,NONE,UnpublishedOPD
dawemaaw,dawemaaw2,NAD,NAD_VV,NONE,https://ojibwe.lib.umn.edu/main-entry/dawemaaw-nad
bwaazhii-nagamon,bwaazhii-nagamon,NI,NI_C,NONE,UnpublishedOPD
didibigwaason,didibigwaason,NI,NI_C,NONE,UnpublishedOPD
bookwaabik,bookwaabikw2,NI,NI_Cw,NONE,https://ojibwe.lib.umn.edu/main-entry/bookwaabik-ni
bwaazhiiwichigan,bwaazhiiwichigan,NI,NI_C,NONE,https://ojibwe.lib.umn.edu/main-entry/bwaazhiiwichigan-ni
bookijiidiikaanens,bookijiidiikaanens,NA,NA_C,NONE,UnpublishedOPD
ditibise-makizin,ditibise-makizin,NI,NI_C,NONE,UnpublishedOPD
chi-doodooshaaboo,chi-doodooshaaboow2,NI,NI_VV,NONE,UnpublishedOPD
dibendaasowin,dibendaasowin,NI,NI_C,NONE,UnpublishedOPD
doowaakwe,doowaakwew2,NA,NA_VV,NONE,UnpublishedOPD
dakisijigan,dakisijigan,NI,NI_C,NONE,https://ojibwe.lib.umn.edu/main-entry/dakisijigan-ni
doozhim,doozhim,NAD,NAD_C,NONE,https://ojibwe.lib.umn.edu/main-entry/doozhim-nad
dakokaajigan,dakokaajigan,NI,NI_C,NONE,UnpublishedOPD
diba'aatigwaan,diba'aatigwaan,NI,NI_C,NONE,https://ojibwe.lib.umn.edu/main-entry/diba-aatigwaan-ni
ditibishkwemaginigan,ditibishkwemaginigan,NI,NI_C,NONE,UnpublishedOPD
doozhimikwem,doozhimikwem,NAD,NAD_C,NONE,https://ojibwe.lib.umn.edu/main-entry/doozhimikwem-nad
doozhimis,doozhimis,NAD,NAD_C,NONE,https://ojibwe.lib.umn.edu/main-entry/doozhimis-nad
didibinikebizon,didibinikebizon,NI,NI_C,NONE,UnpublishedOPD
desabaan,desabaan,NI,NI_C,NONE,UnpublishedOPD
dakaabaawajigan,dakaabaawajigan,NI,NI_C,NONE,UnpublishedOPD
diba'akaan,diba'akaan,NI,NI_C,NONE,UnpublishedOPD
dwaa'ibaan,dwaa'ibaan,NI,NI_C,NONE,https://ojibwe.lib.umn.edu/main-entry/dwaa-ibaan-ni
didibininjiibizon,didibininjiibizon,NI,NI_C,NONE,https://ojibwe.lib.umn.edu/main-entry/didibininjiibizon-ni
dazhwegino-nabagisag,dazhwegino-nabagisagw2,NA,NA_Cw,NONE,UnpublishedOPD
diba'akiiwinini,diba'akiiwininiw2,NA,NA_Vw,NONE,https://ojibwe.lib.umn.edu/main-entry/diba-akiiwinini-na
dwaa'igan,dwaa'igan,NI,NI_C,NONE,UnpublishedOPD
epinens,epinens,NA,NA_C,NONE,UnpublishedOPD
didibise-apabiwin,didibise-apabiwin,NI,NI_C,NONE,https://ojibwe.lib.umn.edu/main-entry/didibise-apabiwin-ni
es,es,NA,NA_C,NONE,https://ojibwe.lib.umn.edu/main-entry/es-na
desabii-dakoniwewinini,desabii-dakoniwewininiw2,NA,NA_Vw,NONE,UnpublishedOPD
digo,digow2,NA,NA_Vw,NONE,UnpublishedOPD
dakaagamaabo,dakaagamaabow2,NI,NI_Vw,NONE,UnpublishedOPD
digow,digow,NA,NA_C,NONE,UnpublishedOPD
eshkan,eshkan,NA,NA_C,NONE,https://ojibwe.lib.umn.edu/main-entry/eshkan-na
ditibiwebishkigan,ditibiwebishkigan,NA,NA_C,NONE,https://ojibwe.lib.umn.edu/main-entry/ditibiwebishkigan-na
diindiisi,diindiisiw2,NA,NA_Vw,NONE,https://ojibwe.lib.umn.edu/main-entry/diindiisi-na
diba'amaadiwin,diba'amaadiwin,NI,NI_C,NONE,UnpublishedOPD
eshkan,eshkan,NI,NI_C,NONE,https://ojibwe.lib.umn.edu/main-entry/eshkan-ni
diy,diy,NID,NID_C,NONE,https://ojibwe.lib.umn.edu/main-entry/diy-nid
desi-wiiwakwaan,desi-wiiwakwaan,NI,NI_C,NONE,https://ojibwe.lib.umn.edu/main-entry/desi-wiiwakwaan-ni
diba'amaagoowin,diba'amaagoowin,NI,NI_C,NONE,UnpublishedOPD
eshkiime,eshkiimew2,NA,NA_VV,NONE,https://ojibwe.lib.umn.edu/main-entry/eshkiime-na
daataagwa'igan,daataagwa'igan,NI,NI_C,NONE,https://ojibwe.lib.umn.edu/main-entry/daataagwa-igan-ni
dazhwegisijigan,dazhwegisijigan,NI,NI_C,NONE,UnpublishedOPD
dibik-giizis,dibik-giizisw2,NA,NA_Cw,NONE,UnpublishedOPD
desichigan,desichigan,NI,NI_C,NONE,UnpublishedOPD
desidaabaan,desidaabaan,NA,NA_C,NONE,UnpublishedOPD
disy,disy2,NID,NID_Cy,NONE,https://ojibwe.lib.umn.edu/main-entry/disy-nid
diba'amowin,diba'amowin,NI,NI_C,NONE,UnpublishedOPD
esiban,esiban,NA,NA_C,NONE,https://ojibwe.lib.umn.edu/main-entry/esiban-na
desiiwakwaan,desiiwakwaan,NI,NI_C,NONE,https://ojibwe.lib.umn.edu/main-entry/desiiwakwaan-ni
diskweyaaby,diskweyaaby2,NID,NID_Cy,NONE,UnpublishedOPD
desinaagaans,desinaagaans,NI,NI_C,NONE,https://ojibwe.lib.umn.edu/main-entry/desinaagaans-ni
ditiba'igani-makak,ditiba'igani-makakw2,NI,NI_Cw,NONE,UnpublishedOPD
edaawi-waagaakwad,edaawi-waagaakwadw2,NI,NI_Cw,NONE,UnpublishedOPD
esibani-bimide,esibani-bimidew2,NI,NI_VV,NONE,UnpublishedOPD
dakobidoowin,dakobidoowin,NI,NI_C,NONE,UnpublishedOPD
esibanimish,esibanimish,NA,NA_C,NONE,UnpublishedOPD
desinaagan,desinaagan,NI,NI_C,NONE,https://ojibwe.lib.umn.edu/main-entry/desinaagan-ni
diba'igan,diba'igan,NI,NI_C,NONE,UnpublishedOPD
doodamowin,doodamowin,NI,NI_C,NONE,UnpublishedOPD
esibanimizh,esibanimizh,NA,NA_C,NONE,UnpublishedOPD
dakaasijigan,dakaasijigan,NI,NI_C,NONE,https://ojibwe.lib.umn.edu/main-entry/dakaasijigan-ni
day,day,NAD,NAD_C,NONE,https://ojibwe.lib.umn.edu/main-entry/day-nad
dabinoo'igan,dabinoo'igan,NI,NI_C,NONE,https://ojibwe.lib.umn.edu/main-entry/dabinoo-igan-ni
desinaaganens,desinaaganens,NI,NI_C,NONE,https://ojibwe.lib.umn.edu/main-entry/desinaaganens-ni
dayens,dayens,NAD,NAD_C,NONE,UnpublishedOPD
diba'iganaabik,diba'iganaabikw2,NI,NI_Cw,NONE,UnpublishedOPD
dakaasijige-abwiikaan,dakaasijige-abwiikaan,NA,NA_C,NONE,UnpublishedOPD
diba'iganaak,diba'iganaakw2,NI,NI_Cw,NONE,UnpublishedOPD
gaa-biboonoked,gaa-biboonoked,NA,NA_C,NONE,UnpublishedOPD
dabinoo'on,dabinoo'on,NI,NI_C,NONE,UnpublishedOPD
edawi-waagaakwad,edawi-waagaakwadw2,NI,NI_Cw,NONE,UnpublishedOPD
dibiki-giizis,dibiki-giizisw2,NA,NA_Cw,NONE,https://ojibwe.lib.umn.edu/main-entry/dibiki-giizis-na
dagonigan,dagonigan,NI,NI_C,NONE,https://ojibwe.lib.umn.edu/main-entry/dagonigan-ni
diba'iganaatig,diba'iganaatigw2,NI,NI_Cw,NONE,UnpublishedOPD
dakobijigan,dakobijigan,NI,NI_C,NONE,https://ojibwe.lib.umn.edu/main-entry/dakobijigan-ni
ditibaagiwebishkigan,ditibaagiwebishkigan,NA,NA_C,NONE,https://ojibwe.lib.umn.edu/main-entry/ditibaagiwebishkigan-na
dibiki-waapijiibizon,dibiki-waapijiibizon,NI,NI_C,NONE,UnpublishedOPD
dakobijiganeyaab,dakobijiganeyaaby2,NI,NI_Cy,NONE,UnpublishedOPD
doodem,doodem,NAD,NAD_C,NONE,https://ojibwe.lib.umn.edu/main-entry/doodem-nad
edawi-zaka'on,edawi-zaka'on,NI,NI_C,NONE,https://ojibwe.lib.umn.edu/main-entry/edawi-zaka-on-ni
doodikosiw,doodikosiw,NAD,NAD_C,NONE,https://ojibwe.lib.umn.edu/main-entry/doodikosiw-na
detagaagomin,detagaagomin,NI,NI_C,NONE,UnpublishedOPD
doodoom,doodoom,NAD,NAD_C,NONE,UnpublishedOPD
ditibaakizigewigamig,ditibaakizigewigamigw2,NI,NI_Cw,NONE,UnpublishedOPD
dakaasinjigan,dakaasinjigan,NI,NI_C,NONE,https://ojibwe.lib.umn.edu/main-entry/dakaasinjigan-ni
dibikiizis,dibikiizis,NA,NA_C,NONE,UnpublishedOPD
doodooshaabo,doodooshaabow2,NI,NI_Vw,NONE,https://ojibwe.lib.umn.edu/main-entry/doodooshaabo-ni
de',de',NID,NID_C,NONE,https://ojibwe.lib.umn.edu/main-entry/de-nid
dakobinaawaswaan,dakobinaawaswaan,NA,NA_C,NONE,https://ojibwe.lib.umn.edu/main-entry/dakobinaawaswaan-na
deteba'agonjichigan,deteba'agonjichigan,NI,NI_C,NONE,UnpublishedOPD
dazhi-inini,dazhi-ininiw2,NA,NA_Vw,NONE,UnpublishedOPD
doodooshaaboo,doodooshaaboow2,NI,NI_VV,NONE,https://ojibwe.lib.umn.edu/main-entry/doodooshaaboo-ni
diba'igewin,diba'igewin,NI,NI_C,NONE,UnpublishedOPD
deteba'agonjigan,deteba'agonjigan,NI,NI_C,NONE,UnpublishedOPD
doodooshaaboo-akik,doodooshaaboo-akik,NA,NA_C,NONE,UnpublishedOPD
diba'igeziswaan,diba'igeziswaan,NA,NA_C,NONE,https://ojibwe.lib.umn.edu/main-entry/diba-igeziswaan-na
doodooshaaboo-biiwaabikoons,doodooshaaboo-biiwaabikoons,NI,NI_C,NONE,UnpublishedOPD
detebikinaak,detebikinaakw2,NA,NA_Cw,NONE,UnpublishedOPD
doodooshaaboo-bimide,doodooshaaboo-bimidew2,NI,NI_VV,NONE,https://ojibwe.lib.umn.edu/main-entry/doodooshaaboo-bimide-ni
diba'igeziswaanens,diba'igeziswaanens,NA,NA_C,NONE,https://ojibwe.lib.umn.edu/main-entry/diba-igeziswaanens-na
detegom,detegom,NAD,NAD_C,NONE,UnpublishedOPD
diba'igiiziswaan,diba'igiiziswaan,NA,NA_C,NONE,https://ojibwe.lib.umn.edu/main-entry/diba-igiiziswaan-na
datagwada'igan,datagwada'igan,NI,NI_C,NONE,UnpublishedOPD
diba'igiiziswaanens,diba'igiiziswaanens,NA,NA_C,NONE,https://ojibwe.lib.umn.edu/main-entry/diba-igiiziswaanens-na
doodooshim,doodooshim,NAD,NAD_C,NONE,https://ojibwe.lib.umn.edu/main-entry/doodooshim-nad
danens,danens,NA,NA_C,NONE,https://ojibwe.lib.umn.edu/main-entry/danens-na
diba'igiiziswaaneyaab,diba'igiiziswaaneyaaby2,NI,NI_Cy,NONE,UnpublishedOPD
diba'igiiziswaani-jiiskinikebizon,diba'igiiziswaani-jiiskinikebizon,NI,NI_C,NONE,UnpublishedOPD
emikwaanens,emikwaanens,NI,NI_C,NONE,https://ojibwe.lib.umn.edu/main-entry/emikwaanens-ni
diba'igiiziswaanikewinini,diba'igiiziswaanikewininiw2,NA,NA_Vw,NONE,UnpublishedOPD
diba'oojigan,diba'oojigan,NI,NI_C,NONE,UnpublishedOPD
dewe'igaans,dewe'igaans,NA,NA_C,NONE,UnpublishedOPD
ditibashkwemaginigan,ditibashkwemaginigan,NI,NI_C,NONE,UnpublishedOPD
dewe'igan,dewe'igan,NA,NA_C,NONE,https://ojibwe.lib.umn.edu/main-entry/dewe-igan-na
dibishkookana,dibishkookan,NI,NI_Kana,NONE,UnpublishedOPD
dikinaagan,dikinaagan,NI,NI_C,NONE,https://ojibwe.lib.umn.edu/main-entry/dikinaagan-ni
dewe'iganaak,dewe'iganaakw2,NI,NI_Cw,NONE,https://ojibwe.lib.umn.edu/main-entry/dewe-iganaak-na
dibaabanjigewinini,dibaabanjigewininiw2,NA,NA_Vw,NONE,UnpublishedOPD
dikinaaganeyaab,dikinaaganeyaaby2,NI,NI_Cy,NONE,UnpublishedOPD
dookijii'igan,dookijii'igan,NI,NI_C,NONE,UnpublishedOPD
dikineyaab,dikineyaaby2,NI,NI_Cy,NONE,https://ojibwe.lib.umn.edu/main-entry/dikineyaab-ni
eyiidawiningwii-wanii'igan,eyiidawiningwii-wanii'igan,NI,NI_C,NONE,UnpublishedOPD
dibizhigan,dibizhigan,NI,NI_C,NONE,UnpublishedOPD
ditibibidewi-zhooshkwaada'aagan,ditibibidewi-zhooshkwaada'aagan,NA,NA_C,NONE,UnpublishedOPD
debwewin,debwewin,NI,NI_C,NONE,https://ojibwe.lib.umn.edu/main-entry/debwewin-ni
dibaabiiginigan,dibaabiiginigan,NI,NI_C,NONE,https://ojibwe.lib.umn.edu/main-entry/dibaabiiginigan-ni
ditibibizon,ditibibizon,NA,NA_C,NONE,UnpublishedOPD
daninigan,daninigan,NI,NI_C,NONE,https://ojibwe.lib.umn.edu/main-entry/daninigan-ni
dindawaaw,dindawaaw2,NAD,NAD_VV,NONE,UnpublishedOPD
dibaabiishkoojigan,dibaabiishkoojigan,NI,NI_C,NONE,https://ojibwe.lib.umn.edu/main-entry/dibaabiishkoojigan-ni
ditibidaabaanens,ditibidaabaanens,NA,NA_C,NONE,UnpublishedOPD
diniigan,diniigan,NAD,NAD_C,NONE,https://ojibwe.lib.umn.edu/main-entry/diniigan-nad
ezhegomoo,ezhegomoow2,NA,NA_VV,NONE,UnpublishedOPD
dinimaangan,dinimaangan,NID,NID_C,NONE,https://ojibwe.lib.umn.edu/main-entry/dinimaangan-nid
ded,ded,NAD,NAD_C,NONE,UnpublishedOPD
dinomin,dinomin,NI,NI_C,NONE,https://ojibwe.lib.umn.edu/main-entry/dinomin-ni
dewikwe-mashkiki,dewikwe-mashkikiw2,NI,NI_Vw,NONE,UnpublishedOPD
dedey,dedey1,NAD,NAD_VVy,NONE,https://ojibwe.lib.umn.edu/main-entry/dedey-nad
dewikwe-mashkikiins,dewikwe-mashkikiins,NI,NI_C,NONE,https://ojibwe.lib.umn.edu/main-entry/dewikwe-mashkikiins-ni
dinowaabik,dinowaabikw2,NA,NA_Cw,NONE,UnpublishedOPD
dedenaan,dedenaan,NAD,NAD_C,NONE,UnpublishedOPD
doon,doon,NID,NID_C,NONE,https://ojibwe.lib.umn.edu/main-entry/doon-nid
dewikwe-mashkikiwaabo,dewikwe-mashkikiwaabow2,NI,NI_Vw,NONE,UnpublishedOPD
dinowaabik,dinowaabikw2,NI,NI_Cw,NONE,UnpublishedOPD
doondan,doondan,NID,NID_C,NONE,https://ojibwe.lib.umn.edu/main-entry/doondan-nid
dinowaabo,dinowaabow2,NI,NI_Vw,NONE,UnpublishedOPD
dinowaatig,dinowaatigw2,NA,NA_Cw,NONE,https://ojibwe.lib.umn.edu/main-entry/dinowaatig-na
dinowayaan,dinowayaan,NA,NA_C,NONE,UnpublishedOPD
dinowegin,dinowegin,NI,NI_C,NONE,https://ojibwe.lib.umn.edu/main-entry/dinowegin-pron-sim
dibaagamisjigan,dibaagamisjigan,NI,NI_C,NONE,UnpublishedOPD
dinowidaabaan,dinowidaabaan,NA,NA_C,NONE,UnpublishedOPD
dinowishib,dinowishib,NA,NA_C,NONE,https://ojibwe.lib.umn.edu/main-entry/dinowishib-na
ezhininjii-minjikaawan,ezhininjii-minjikaawan,NA,NA_C,NONE,UnpublishedOPD
dedeyikaawin,dedeyikaawin,NAD,NAD_C,NONE,UnpublishedOPD
doonoo,doonoow2,NA,NA_VV,NONE,https://ojibwe.lib.umn.edu/main-entry/doonoo-na
enigoo,enigoow2,NA,NA_VV,NONE,https://ojibwe.lib.umn.edu/main-entry/enigoo-na
dibaajimoo-mazina'igan,dibaajimoo-mazina'igan,NI,NI_C,NONE,https://ojibwe.lib.umn.edu/main-entry/dibaajimoo-mazina-igan-ni
ezigaa,ezigaaw2,NA,NA_VV,NONE,https://ojibwe.lib.umn.edu/main-entry/ezigaa-na
dibaajimoowinini,dibaajimoowininiw2,NA,NA_Vw,NONE,UnpublishedOPD
gaw,gaw2,NAD,NAD_Vw,NONE,https://ojibwe.lib.umn.edu/main-entry/ga-nad
dooskwan,dooskwan,NID,NID_C,NONE,https://ojibwe.lib.umn.edu/main-entry/dooskwan-nid
dootoogan,dootoogan,NI,NI_C,NONE,UnpublishedOPD
dibaakonigewigamig,dibaakonigewigamigw2,NI,NI_Cw,NONE,https://ojibwe.lib.umn.edu/main-entry/dibaakonigewigamig-ni
dibaakonigewikwe,dibaakonigewikwew2,NA,NA_VV,NONE,https://ojibwe.lib.umn.edu/main-entry/dibaakonigewikwe-na
dibaakonigewin,dibaakonigewin,NI,NI_C,NONE,UnpublishedOPD
dibaakonigewinini,dibaakonigewininiw2,NA,NA_Vw,NONE,https://ojibwe.lib.umn.edu/main-entry/dibaakonigewinini-na
bizhigwaabe,bizhigwaabew2,NA,NA_VV,NONE,https://ojibwe.lib.umn.edu/main-entry/bizhigwaabe-na
desabiwin,desabiwin,NI,NI_C,NONE,https://ojibwe.lib.umn.edu/main-entry/desabiwin-ni
biskitenaagan,biskitenaagan,NI,NI_C,NONE,https://ojibwe.lib.umn.edu/main-entry/biskitenaagan-ni
boodawaanaabik,boodawaanaabikw2,NI,NI_Cw,NONE,https://ojibwe.lib.umn.edu/main-entry/boodawaanaabik-ni
danakiiwin,danakiiwin,NI,NI_C,NONE,https://ojibwe.lib.umn.edu/main-entry/danakiiwin-ni
enigoons,enigoons,NA,NA_C,NONE,https://ojibwe.lib.umn.edu/main-entry/enigoons-na
emikwaan,emikwaan,NI,NI_C,NONE,https://ojibwe.lib.umn.edu/main-entry/emikwaan-ni
ditibidaabaan,ditibidaabaan,NA,NA_C,NONE,https://ojibwe.lib.umn.edu/main-entry/ditibidaabaan-na
dibaajimowin,dibaajimowin,NI,NI_C,NONE,https://ojibwe.lib.umn.edu/main-entry/dibaajimowin-ni
binesi,binesiw2,NA,NA_Vw,NONE,https://ojibwe.lib.umn.edu/main-entry/binesi-na
bishigokwe,bishigokwew2,NA,NA_VV,NONE,UnpublishedOPD
bizhiki,bizhikiw2,NA,NA_Vw,NONE,https://ojibwe.lib.umn.edu/main-entry/bizhiki-na
dakoniwewininii-naabikwaan,dakoniwewininii-naabikwaan,NI,NI_C,NONE,UnpublishedOPD
dazhwejiishkiwe'igan,dazhwejiishkiwe'igan,NI,NI_C,NONE,UnpublishedOPD
gaagiigidoo-bineshiin',gaagiigidoo-bineshiin',NA,NA_C,NONE,UnpublishedOPD
gaagiigidoo-bineshiinh,gaagiigidoo-bineshiinhy1,NA,NA_VVny,NONE,https://ojibwe.lib.umn.edu/main-entry/gaagiigidoo-bineshiinh-na
gaagiigidoo-makakoons,gaagiigidoo-makakoons,NI,NI_C,NONE,https://ojibwe.lib.umn.edu/main-entry/gaagiigidoo-makakoons-ni
gaagiigidoowinini,gaagiigidoowininiw2,NA,NA_Vw,NONE,https://ojibwe.lib.umn.edu/main-entry/gaagiigidoowinini-na
gaapanjigan,gaapanjigan,NI,NI_C,NONE,UnpublishedOPD
gaapi-zaasakokwaanag,gaapi-zaasakokwaan,NA,NA_C,NONE,UnpublishedOPD
gaaskanat,gaaskanat,NI,NI_C,NONE,UnpublishedOPD
gaapii,gaapiiw2,NI,NI_VV,NONE,https://ojibwe.lib.umn.edu/main-entry/gaapii-ni
gaapiiwakikoons,gaapiiwakikoons,NA,NA_C,NONE,https://ojibwe.lib.umn.edu/main-entry/gaapiiwakikoons-na
gaanda'igwaason,gaanda'igwaason,NI,NI_C,NONE,https://ojibwe.lib.umn.edu/main-entry/gaanda-igwaason-ni
gaasii'igan,gaasii'igan,NI,NI_C,NONE,https://ojibwe.lib.umn.edu/main-entry/gaasii-igan-ni
gaaski-giigoonh,gaaski-giigoonhy1,NA,NA_VVny,NONE,https://ojibwe.lib.umn.edu/main-entry/gaaski-giigoonh-na
gaaski-wiiyaas,gaaski-wiiyaas,NI,NI_C,NONE,https://ojibwe.lib.umn.edu/main-entry/gaaski-wiiyaas-ni
gaaskibag,gaaskibagw2,NI,NI_Cw,NONE,https://ojibwe.lib.umn.edu/main-entry/gaaskibag-ni
gaasiibii'igan,gaasiibii'igan,NA,NA_C,NONE,https://ojibwe.lib.umn.edu/main-entry/gaasiibii-igan-na
gaapizigewabwiins,gaapizigewabwiins,NI,NI_C,NONE,https://ojibwe.lib.umn.edu/main-entry/gaapizigewabwiins-ni
gagwejiiwaazoowinini,gagwejiiwaazoowininiw2,NA,NA_Vw,NONE,https://ojibwe.lib.umn.edu/main-entry/gagwejiiwaazoowinini-na
gaapizigewinaagan,gaapizigewinaagan,NI,NI_C,NONE,https://ojibwe.lib.umn.edu/main-entry/gaapizigewinaagan-ni
gaandakii'igan,gaandakii'igan,NI,NI_C,NONE,https://ojibwe.lib.umn.edu/main-entry/gaandakii-igan-ni
gagwejikada'odiwin,gagwejikada'odiwin,NI,NI_C,NONE,https://ojibwe.lib.umn.edu/main-entry/gagwejikada-odiwin-ni
gaandakii'iganaak,gaandakii'iganaakw2,NI,NI_Cw,NONE,https://ojibwe.lib.umn.edu/main-entry/gaandakii-iganaak-ni
gaasha'igan,gaasha'igan,NA,NA_C,NONE,UnpublishedOPD
gaaskide-wiiyaas,gaaskide-wiiyaas,NI,NI_C,NONE,UnpublishedOPD
gaaskiigin,gaaskiiginw2,NI,NI_Cw,NONE,UnpublishedOPD
gagaanwaakodoondane-makizin,gagaanwaakodoondane-makizin,NI,NI_C,NONE,UnpublishedOPD
gagaanwaakodoondanekzin,gagaanwaakodoondanekzin,NI,NI_C,NONE,UnpublishedOPD
gaaskiiwag,gaaskiiwag,NI,NI_C,NONE,UnpublishedOPD
gagwejikanidiiwidaabaan,gagwejikanidiiwidaabaan,NI,NI_C,NONE,https://ojibwe.lib.umn.edu/main-entry/gagwejikanidiiwidaabaan-nq
gashkigwaasowin,gashkigwaasowin,NI,NI_C,NONE,UnpublishedOPD
gabe-bimaadiziwin,gabe-bimaadiziwin,NI,NI_C,NONE,UnpublishedOPD
gagwejikazhiwe-odaabaan,gagwejikazhiwe-odaabaan,NA,NA_C,NONE,UnpublishedOPD
gashkaabika'igan,gashkaabika'igan,NI,NI_C,NONE,https://ojibwe.lib.umn.edu/main-entry/gashkaabika-igan-ni
gagwejikazhiwewidaabaan,gagwejikazhiwewidaabaan,NA,NA_C,NONE,https://ojibwe.lib.umn.edu/main-entry/gagwejikazhiwewidaabaan-na
gaasiisaga'igan,gaasiisaga'igan,NI,NI_C,NONE,UnpublishedOPD
gaashaatig,gaashaatigw2,NI,NI_Cw,NONE,UnpublishedOPD
gawanjigan,gawanjigan,NA,NA_C,NONE,UnpublishedOPD
gaasiisideshimoonowin,gaasiisideshimoonowin,NI,NI_C,NONE,UnpublishedOPD
gawanjigan,gawanjigan,NI,NI_C,NONE,UnpublishedOPD
gashkiidibikaanakwad,gashkiidibikaanakwadw2,NI,NI_Cw,NONE,UnpublishedOPD
gaashi-mookomaan,gaashi-mookomaan,NI,NI_C,NONE,UnpublishedOPD
gashkaabikinigan,gashkaabikinigan,NI,NI_C,NONE,UnpublishedOPD
gabe-gikendaasoowigamig,gabe-gikendaasoowigamigw2,NI,NI_Cw,NONE,https://ojibwe.lib.umn.edu/main-entry/gabe-gikendaasoowigamig-ni
gaashiboojigan,gaashiboojigan,NA,NA_C,NONE,https://ojibwe.lib.umn.edu/main-entry/gaashiboojigan-na
gaafii,gaafiiw2,NI,NI_VV,NONE,UnpublishedOPD
gaag,gaagw2,NA,NA_irrCw,NONE,https://ojibwe.lib.umn.edu/main-entry/gaag-na
gaago-wiiyaas,gaago-wiiyaas,NI,NI_C,NONE,https://ojibwe.lib.umn.edu/main-entry/gaago-wiiyaas-ni
gaagodoondanens,gaagodoondanens,NI,NI_C,NONE,UnpublishedOPD
gaagaagiishib,gaagaagiishib,NA,NA_C,NONE,https://ojibwe.lib.umn.edu/main-entry/gaagaagiishib-na
gashkaagise-wanii'igan,gashkaagise-wanii'igan,NI,NI_C,NONE,UnpublishedOPD
gibide'ebizon,gibide'ebizon,NI,NI_C,NONE,https://ojibwe.lib.umn.edu/main-entry/gibide-ebizon-ni
gaagway,gaagway,NA,NA_C,NONE,UnpublishedOPD
gaagaagi,gaagaagiw2,NA,NA_Vw,NONE,https://ojibwe.lib.umn.edu/main-entry/gaagaagi-na
gaagwayaan,gaagwayaan,NA,NA_C,NONE,UnpublishedOPD
gaawaakomizh,gaawaakomizhy2,NA,NA_Cy,NONE,UnpublishedOPD
gakinjinikebizon,gakinjinikebizon,NI,NI_C,NONE,UnpublishedOPD
gashkiiginigan,gashkiiginigan,NI,NI_C,NONE,https://ojibwe.lib.umn.edu/main-entry/gashkiiginigan-ni
gagwetaajichigan,gagwetaajichigan,NA,NA_C,NONE,UnpublishedOPD
gaagaagiwaandag,gaagaagiwaandagw2,NA,NA_Cw,NONE,https://ojibwe.lib.umn.edu/main-entry/gaagaagiwaandag-na
gaawaandag,gaawaandagw2,NA,NA_Cw,NONE,https://ojibwe.lib.umn.edu/main-entry/gaawaandag-na
gaanjibizoshkigewin,gaanjibizoshkigewin,NI,NI_C,NONE,UnpublishedOPD
gaashikomaan,gaashikomaan,NI,NI_C,NONE,https://ojibwe.lib.umn.edu/main-entry/gaashikomaan-ni
gaagaagiwayaan,gaagaagiwayaan,NA,NA_C,NONE,https://ojibwe.lib.umn.edu/main-entry/gaagaagiwayaan-na
gibodoonh,gibodoonhy1,NA,NA_VVny,NONE,https://ojibwe.lib.umn.edu/main-entry/gibodoonh-na
gibaabowe'igan,gibaabowe'igan,NI,NI_C,NONE,https://ojibwe.lib.umn.edu/main-entry/gibaabowe-igan-ni
gibodoons,gibodoons,NA,NA_C,NONE,UnpublishedOPD
gaagagiiwanzh,gaagagiiwanzhy,NA,NA_C,NONE,UnpublishedOPD
gashkaakose-wanii'igan,gashkaakose-wanii'igan,NI,NI_C,NONE,UnpublishedOPD
gaajigan,gaajigan,NI,NI_C,NONE,UnpublishedOPD
gashkiikwepizon,gashkiikwepizon,NA,NA_C,NONE,UnpublishedOPD
gichi-badaka'igan,gichi-badaka'igan,NI,NI_C,NONE,https://ojibwe.lib.umn.edu/main-entry/gichi-badaka-igan-ni
gaanjida'igan,gaanjida'igan,NI,NI_C,NONE,UnpublishedOPD
gaaskaabasigan,gaaskaabasigan,NA,NA_C,NONE,https://ojibwe.lib.umn.edu/main-entry/gaaskaabasigan-na
gibiiga'igan,gibiiga'igan,NI,NI_C,NONE,https://ojibwe.lib.umn.edu/main-entry/gibiiga-igan-ni
gaaway,gaaway,NA,NA_C,NONE,https://ojibwe.lib.umn.edu/main-entry/gaaway-na
gichi-bakwaakwadoonsi-bagamaagan,gichi-bakwaakwadoonsi-bagamaagan,NI,NI_C,NONE,UnpublishedOPD
gaaskaabasigan,gaaskaabasigan,NI,NI_C,NONE,https://ojibwe.lib.umn.edu/main-entry/gaaskaabasigan-ni
gibiiga'iganiigin,gibiiga'iganiiginw2,NI,NI_Cw,NONE,https://ojibwe.lib.umn.edu/main-entry/gibiiga-iganiigin-ni
gichi-bidikomeshiinh,gichi-bidikomeshiinh,NA,NA_C,NONE,UnpublishedOPD
gichi-biig,gichi-biigw2,NA,NA_irrCw,NONE,UnpublishedOPD
gibaako'odiiwigamig,gibaako'odiiwigamigw2,NI,NI_Cw,NONE,UnpublishedOPD
gichi-biima'igan,gichi-biima'igan,NI,NI_C,NONE,https://ojibwe.lib.umn.edu/main-entry/gichi-biima-igan-ni
gichijiimaaniiwinini,gichijiimaaniiwininiw2,NA,NA_Vw,NONE,UnpublishedOPD
gabeshi-aabajichigan,gabeshi-aabajichigan,NI,NI_C,NONE,UnpublishedOPD
gichi-biinzikawaagan,gichi-biinzikawaagan,NI,NI_C,NONE,UnpublishedOPD
gaaweganzh,gaaweganzhy2,NA,NA_Cy,NONE,UnpublishedOPD
gichi-biiwaabiko-giishkiboojigan,gichi-biiwaabiko-giishkiboojigan,NI,NI_C,NONE,UnpublishedOPD
gabeshiwin,gabeshiwin,NI,NI_C,NONE,https://ojibwe.lib.umn.edu/main-entry/gabeshiwin-ni
gichi-bikwaakwad,gichi-bikwaakwadw2,NI,NI_Cw,NONE,UnpublishedOPD
gaaskaabate-wiiyaas,gaaskaabate-wiiyaas,NI,NI_C,NONE,UnpublishedOPD
gaanjiweba'iganaak,gaanjiweba'iganaakw2,NI,NI_Cw,NONE,https://ojibwe.lib.umn.edu/main-entry/gaanjiweba-iganaak-ni
gichimookomaanaakiganesi,gichimookomaanaakiganesiw2,NA,NA_Vw,NONE,UnpublishedOPD
gaakaabishiinh,gaakaabishiinhy1,NA,NA_VVny,NONE,https://ojibwe.lib.umn.edu/main-entry/gaakaabishiinh-na
ganapinens,ganapinens,NA,NA_C,NONE,UnpublishedOPD
gichi-bine,gichi-binew2,NA,NA_VVw,NONE,https://ojibwe.lib.umn.edu/main-entry/gichi-bine-na
gaashkada'igan,gaashkada'igan,NI,NI_C,NONE,UnpublishedOPD
gichimookomaaniiwinini,gichimookomaaniiwininiw2,NA,NA_Vw,NONE,UnpublishedOPD
gibiingwepizon,gibiingwepizon,NI,NI_C,NONE,https://ojibwe.lib.umn.edu/main-entry/gibiingwepizon-ni
gidigw,gidigw2,NAD,NAD_Cw,NONE,https://ojibwe.lib.umn.edu/main-entry/gidigw-nad
gaashkakokwe'igan,gaashkakokwe'igan,NI,NI_C,NONE,https://ojibwe.lib.umn.edu/main-entry/gaashkakokwe-igan-ni
gichi-desabiwin,gichi-desabiwin,NI,NI_C,NONE,UnpublishedOPD
gichinik,gichinik,NI,NI_aa,NONE,https://ojibwe.lib.umn.edu/main-entry/gichinik-ni
gichi-dibaabiishkoojigan,gichi-dibaabiishkoojigan,NI,NI_C,NONE,UnpublishedOPD
gibaakobijigan,gibaakobijigan,NI,NI_C,NONE,https://ojibwe.lib.umn.edu/main-entry/gibaakobijigan-ni
gidiins,gidiins,NA,NA_C,NONE,UnpublishedOPD
gichininj,gichininjy2,NI,NI_Cy,NONE,UnpublishedOPD
gakaaga'ogaan,gakaaga'ogaan,NI,NI_C,NONE,https://ojibwe.lib.umn.edu/main-entry/gakaaga-ogaan-ni
gagiikimaawasowin,gagiikimaawasowin,NI,NI_C,NONE,https://ojibwe.lib.umn.edu/main-entry/gagiikimaawasowin-ni
gichi-emikwaan,gichi-emikwaan,NI,NI_C,NONE,https://ojibwe.lib.umn.edu/main-entry/gichi-emikwaan-ni
gaashkibaajigan,gaashkibaajigan,NI,NI_C,NONE,https://ojibwe.lib.umn.edu/main-entry/gaashkibaajigan-ni
gichipizon,gichipizon,NI,NI_C,NONE,UnpublishedOPD
gashkadino-giizis,gashkadino-giizisw2,NA,NA_Cw,NONE,https://ojibwe.lib.umn.edu/main-entry/gashkadino-giizis-na
gaashkibaajiganaabikoons,gaashkibaajiganaabikoons,NI,NI_C,NONE,UnpublishedOPD
gaakaashkanejiinh,gaakaashkanejiinh,NA,NA_C,NONE,UnpublishedOPD
gashkadinoowi-giizis,gashkadinoowi-giizisw2,NA,NA_Cw,NONE,UnpublishedOPD
gichipizonaabik,gichipizonaabikw2,NI,NI_Cw,NONE,UnpublishedOPD
gaashkibaajigani-giziibiiga'igan,gaashkibaajigani-giziibiiga'igan,NI,NI_C,NONE,UnpublishedOPD
gichi-gidagaabizhiw,gichi-gidagaabizhiw,NA,NA_C,NONE,UnpublishedOPD
gaaskaakanejiinh,gaaskaakanejiinh,NA,NA_C,NONE,UnpublishedOPD
gaashkibaajigewinini,gaashkibaajigewininiw2,NA,NA_Vw,NONE,UnpublishedOPD
gagiikwe-mazina'igan,gagiikwe-mazina'igan,NI,NI_C,NONE,https://ojibwe.lib.umn.edu/main-entry/gagiikwe-mazina-igan-ni
gakadideng,gakadideng,NI,NI_C,NONE,UnpublishedOPD
gakaga'ogaan,gakaga'ogaan,NI,NI_C,NONE,UnpublishedOPD
gagiikwewinini,gagiikwewininiw2,NA,NA_Vw,NONE,https://ojibwe.lib.umn.edu/main-entry/gagiikwewinini-na
giboobijigan,giboobijigan,NI,NI_C,NONE,https://ojibwe.lib.umn.edu/main-entry/giboobijigan-ni
giigoozens,giigoozens,NA,NA_C,NONE,https://ojibwe.lib.umn.edu/main-entry/giigoozens-na
gigishkigan,gigishkigan,NI,NI_C,NONE,https://ojibwe.lib.umn.edu/main-entry/gigishkigan-ni
gichi-gikinoo'amaadiiwidaabaan,gichi-gikinoo'amaadiiwidaabaan,NI,NI_C,NONE,UnpublishedOPD
giboobijiganeyaab,giboobijiganeyaaby2,NI,NI_Cy,NONE,https://ojibwe.lib.umn.edu/main-entry/giboobijiganeyaab-ni
gibinde'igan,gibinde'igan,NI,NI_C,NONE,https://ojibwe.lib.umn.edu/main-entry/gibinde-igan-ni
gichi-gikinoo'amaadiiwigamig,gichi-gikinoo'amaadiiwigamigw2,NI,NI_Cw,NONE,UnpublishedOPD
gigishkigani-adaawewigamig,gigishkigani-adaawewigamigw2,NI,NI_Cw,NONE,UnpublishedOPD
giigoozensikewinini,giigoozensikewininiw2,NA,NA_Vw,NONE,UnpublishedOPD
gagweda'aakwaan,gagweda'aakwaan,NI,NI_C,NONE,UnpublishedOPD
gaanjweba'igan,gaanjweba'igan,NI,NI_C,NONE,UnpublishedOPD
gibinde'on,gibinde'on,NI,NI_C,NONE,https://ojibwe.lib.umn.edu/main-entry/gibinde-on-ni
gashkinikebizon,gashkinikebizon,NI,NI_C,NONE,https://ojibwe.lib.umn.edu/main-entry/gashkinikebizon-ni
gaanjweba'igewinini,gaanjweba'igewininiw2,NA,NA_Vw,NONE,UnpublishedOPD
gibinde'onaak,gibinde'onaakw2,NI,NI_Cw,NONE,https://ojibwe.lib.umn.edu/main-entry/gibinde-onaak-ni
gete-aya'aa,gete-aya'aaw2,NA,NA_VV,NONE,https://ojibwe.lib.umn.edu/main-entry/gete-aya-aa-na
gaaskaaska'igan,gaaskaaska'igan,NI,NI_C,NONE,UnpublishedOPD
ganawaabanjigan,ganawaabanjigan,NI,NI_C,NONE,UnpublishedOPD
gichi-gizhizowin,gichi-gizhizowin,NI,NI_C,NONE,https://ojibwe.lib.umn.edu/main-entry/gichi-gizhizowin-ni
gichiwaakwa'igan,gichiwaakwa'igan,NI,NI_C,NONE,https://ojibwe.lib.umn.edu/main-entry/gichiwaakwa-igan-ni
gibooditegwaazoniigin,gibooditegwaazoniiginw2,NI,NI_Cw,NONE,UnpublishedOPD
gaaskaaskanejiinh,gaaskaaskanejiinh,NA,NA_C,NONE,UnpublishedOPD
gidimaagiz,gidimaagiz,NA,NA_C,NONE,UnpublishedOPD
gichi-gwaaba'igan,gichi-gwaaba'igan,NI,NI_C,NONE,UnpublishedOPD
giboodiyegwaazhonenzhish,giboodiyegwaazhonenzhish,NA,NA_C,NONE,UnpublishedOPD
gete-aya'ii,gete-aya'iiw2,NI,NI_VV,NONE,https://ojibwe.lib.umn.edu/main-entry/gete-aya-ii-ni
gichi-ikwe,gichi-ikwew2,NA,NA_VV,NONE,UnpublishedOPD
giboodiyegwaazon,giboodiyegwaazon,NA,NA_C,NONE,https://ojibwe.lib.umn.edu/main-entry/giboodiyegwaazon-na
gashkapijigan,gashkapijigan,NI,NI_C,NONE,UnpublishedOPD
gaaskameteg,gaaskametegw2,NA,NA_Cw,NONE,UnpublishedOPD
gete-ayi'ii,gete-ayi'iiw2,NI,NI_VV,NONE,https://ojibwe.lib.umn.edu/main-entry/gete-ayi-ii-ni
giishka'aakwewidaabaan,giishka'aakwewidaabaan,NA,NA_C,NONE,UnpublishedOPD
gaaskamik,gaaskamikw2,NA,NA_irrCw,NONE,https://ojibwe.lib.umn.edu/main-entry/gaaskamik-na
giishka'aakwewigamig,giishka'aakwewigamigw2,NI,NI_Cw,NONE,https://ojibwe.lib.umn.edu/main-entry/giishka-aakwewigamig-ni
gichiwewaanikwe'onens,gichiwewaanikwe'onens,NI,NI_C,NONE,UnpublishedOPD
gaaskamikwaanow,gaaskamikwaanow,NI,NI_C,NONE,UnpublishedOPD
gete-ayi'iiwish,gete-ayi'iiwish,NI,NI_C,NONE,UnpublishedOPD
gete-ikidowin,gete-ikidowin,NI,NI_C,NONE,UnpublishedOPD
giishka'aakwewinini,giishka'aakwewininiw2,NA,NA_Vw,NONE,https://ojibwe.lib.umn.edu/main-entry/giishka-aakwewinini-na
gichi-inini,gichi-ininiw2,NA,NA_Vw,NONE,UnpublishedOPD
gaashkiiwag,gaashkiiwag,NI,NI_C,NONE,UnpublishedOPD
gigizhebaa-wiisiniwin,gigizhebaa-wiisiniwin,NI,NI_C,NONE,https://ojibwe.lib.umn.edu/main-entry/gigizhebaa-wiisiniwin-ni
gakaki-makakosag,gakaki-makakosagw2,NI,NI_Cw,NONE,UnpublishedOPD
giishkiboojiganens,giishkiboojiganens,NI,NI_C,NONE,UnpublishedOPD
gete-zhimaaganishiiwigamig,gete-zhimaaganishiiwigamigw2,NI,NI_Cw,NONE,UnpublishedOPD
giishkiboojiganeyaab,giishkiboojiganeyaaby2,NI,NI_Cy,NONE,https://ojibwe.lib.umn.edu/main-entry/giishkiboojiganeyaab-ni
giimoodaajimowin,giimoodaajimowin,NI,NI_C,NONE,https://ojibwe.lib.umn.edu/main-entry/giimoodaajimowin-ni
gagwedaganewinini,gagwedaganewininiw2,NA,NA_Vw,NONE,https://ojibwe.lib.umn.edu/main-entry/gagwedaganewinini-na
gichi-jiimaan,gichi-jiimaan,NI,NI_C,NONE,https://ojibwe.lib.umn.edu/main-entry/gichi-jiimaan-ni
gichi-ma'iingan,gichi-ma'iingan,NA,NA_C,NONE,UnpublishedOPD
gichiyaanikwe'on,gichiyaanikwe'on,NI,NI_C,NONE,UnpublishedOPD
gaanoo,gaanoow2,NA,NA_VV,NONE,https://ojibwe.lib.umn.edu/main-entry/gaanoo-na
gichi-maamaanaan,gichi-maamaanaan,NA,NA_C,NONE,UnpublishedOPD
giishkisag,giishkisagw2,NA,NA_Cw,NONE,UnpublishedOPD
gichizid,gichizid,NI,NI_C,NONE,https://ojibwe.lib.umn.edu/main-entry/gichizid-ni
gichi-manidoo,gichi-manidoow2,NA,NA_VV,NONE,https://ojibwe.lib.umn.edu/main-entry/gichi-manidoo-na
giishkisago-wiiwakwaan,giishkisago-wiiwakwaan,NI,NI_C,NONE,UnpublishedOPD
gichtwaabii'igan,gichtwaabii'igan,NI,NI_C,NONE,UnpublishedOPD
getewidaabaan,getewidaabaan,NA,NA_C,NONE,UnpublishedOPD
giishka'isaan,giishka'isaan,NI,NI_C,NONE,https://ojibwe.lib.umn.edu/main-entry/giishka-isaan-ni
gaazhagens,gaazhagens,NA,NA_C,NONE,https://ojibwe.lib.umn.edu/main-entry/gaazhagens-na
gibaakwa'igan,gibaakwa'igan,NI,NI_C,NONE,https://ojibwe.lib.umn.edu/main-entry/gibaakwa-igan-ni
gichi-manidoo-giizis,gichi-manidoo-giizisw2,NA,NA_Cw,NONE,https://ojibwe.lib.umn.edu/main-entry/gichi-manidoo-giizis-na
gichi-mazina'igan,gichi-mazina'igan,NI,NI_C,NONE,UnpublishedOPD
gichi-mazina'iganiiwi-ogimaa,gichi-mazina'iganiiwi-ogimaaw2,NA,NA_VV,NONE,UnpublishedOPD
gashkibidaagan,gashkibidaagan,NA,NA_C,NONE,https://ojibwe.lib.umn.edu/main-entry/gashkibidaagan-na
gibaakwa'odiiwigamig,gibaakwa'odiiwigamigw2,NI,NI_Cw,NONE,https://ojibwe.lib.umn.edu/main-entry/gibaakwa-odiiwigamig-ni
gaazhagensiwi-bineshiinh,gaazhagensiwi-bineshiinhy1,NA,NA_VVny,NONE,UnpublishedOPD
gichi-mazina'iganiiwigamig,gichi-mazina'iganiiwigamigw2,NI,NI_Cw,NONE,UnpublishedOPD
gaazhagensiwi-wiisiniwin,gaazhagensiwi-wiisiniwin,NI,NI_C,NONE,https://ojibwe.lib.umn.edu/main-entry/gaazhagensiwi-wiisininiwin-ni
gibaakwa'waagan,gibaakwa'waagan,NA,NA_C,NONE,UnpublishedOPD
gibozigan,gibozigan,NI,NI_C,NONE,https://ojibwe.lib.umn.edu/main-entry/gibozigan-ni
gichi-miijim-adaawewigamig,gichi-miijim-adaawewigamigw2,NI,NI_Cw,NONE,UnpublishedOPD
gichi-miikana,gichi-miikan,NI,NI_Kana,NONE,https://ojibwe.lib.umn.edu/main-entry/gichi-miikana-ni
giboziganaabik,giboziganaabikw2,NI,NI_Cw,NONE,https://ojibwe.lib.umn.edu/main-entry/giboziganaabik-ni
giboziganakik,giboziganakikw2,NA,NA_Cw,NONE,UnpublishedOPD
gibozigani-biiwaabik,gibozigani-biiwaabikw2,NI,NI_Cw,NONE,UnpublishedOPD
gichi-mookomaan,gichi-mookomaan,NI,NI_C,NONE,https://ojibwe.lib.umn.edu/main-entry/gichi-mookomaan-ni
giboziganikewinini,giboziganikewininiw2,NA,NA_Vw,NONE,UnpublishedOPD
gayaashk,gayaashkw2,NA,NA_irrCw,NONE,https://ojibwe.lib.umn.edu/main-entry/gayaashk-na
gayaashk,gayaashkw2,NA,NA_Cw,NONE,https://ojibwe.lib.umn.edu/main-entry/gayaashk-na
gichi-mookomaan-aki,gichi-mookomaan-aky2,NI,NI_ShortCy,NONE,https://ojibwe.lib.umn.edu/main-entry/gichi-mookomaan-aki-ni
gayaashkoons,gayaashkoons,NA,NA_C,NONE,UnpublishedOPD
ganawenjigewinini,ganawenjigewininiw2,NA,NA_Vw,NONE,UnpublishedOPD
gibwa'igan,gibwa'igan,NI,NI_C,NONE,UnpublishedOPD
ganawishkodesi,ganawishkodesiw2,NA,NA_Vw,NONE,UnpublishedOPD
gichi-mookomaan-ikwe,gichi-mookomaan-ikwew2,NA,NA_VV,NONE,https://ojibwe.lib.umn.edu/main-entry/gichi-mookomaan-ikwe-na
ganawishkwaandawewinini,ganawishkwaandawewininiw2,NA,NA_Vw,NONE,UnpublishedOPD
gichi-mookomaanens,gichi-mookomaanens,NA,NA_C,NONE,UnpublishedOPD
giikanaabate-adikameg,giikanaabate-adikamegw2,NA,NA_irrCw,NONE,https://ojibwe.lib.umn.edu/main-entry/giikanaabate-adikameg-na
gibadoonh,gibadoony1,NA,NA_VVny,NONE,https://ojibwe.lib.umn.edu/main-entry/gibadoonh-na
gichi-mookomaanikwe,gichi-mookomaanikwew2,NA,NA_VV,NONE,https://ojibwe.lib.umn.edu/main-entry/gichi-mookomaanikwe-na
gii'on,gii'on,NA,NA_C,NONE,UnpublishedOPD
giikanaabate-gookoosh,giikanaabate-gookoosh,NA,NA_C,NONE,https://ojibwe.lib.umn.edu/main-entry/giikanaabate-gookoosh-ni
gagwejibinidiwin,gagwejibinidiwin,NI,NI_C,NONE,UnpublishedOPD
gichi-mookomaanikwens,gichi-mookomaanikwens,NA,NA_C,NONE,UnpublishedOPD
gii'oon,gii'oon,NA,NA_C,NONE,UnpublishedOPD
gashkibijigan,gashkibijigan,NI,NI_C,NONE,https://ojibwe.lib.umn.edu/main-entry/gashkibijigan-ni
gagwejibizhiwewin,gagwejibizhiwewin,NI,NI_C,NONE,UnpublishedOPD
gagwejibizhiwewinini,gagwejibizhiwewininiw2,NA,NA_Vw,NONE,UnpublishedOPD
gibishkwaande'on,gibishkwaande'on,NI,NI_C,NONE,https://ojibwe.lib.umn.edu/main-entry/gibishkwaande-on-ni
gichi-mookomaanimowin,gichi-mookomaanimowin,NI,NI_C,NONE,UnpublishedOPD
gichi-moose,gichi-moosew2,NA,NA_VV,NONE,UnpublishedOPD
giikanaamozigan,giikanaamozigan,NA,NA_C,NONE,https://ojibwe.lib.umn.edu/main-entry/giikanaamozigan-na
gichi-mooshka'osi,gichi-mooshka'osiw2,NA,NA_Vw,NONE,UnpublishedOPD
giizhoogwayawepizon,giizhoogwayawepizon,NA,NA_C,NONE,https://ojibwe.lib.umn.edu/main-entry/giizhoogwayawepizon-na
giikanaamoziganaatig,giikanaamoziganaatigw2,NI,NI_Cw,NONE,UnpublishedOPD
gibagoojigan,gibagoojigan,NI,NI_C,NONE,https://ojibwe.lib.umn.edu/main-entry/gibagoojigan-ni
gichi-mooz,gichi-moozw2,NA,NA_Cw,NONE,UnpublishedOPD
giishkizhigan,giishkizhigan,NI,NI_C,NONE,https://ojibwe.lib.umn.edu/main-entry/giishkizhigan-ni
giikanaamozigewigamig,giikanaamozigewigamigw2,NI,NI_Cw,NONE,UnpublishedOPD
giishkigaade-giboodiyegwaazon,giishkigaade-giboodiyegwaazon,NI,NI_C,NONE,https://ojibwe.lib.umn.edu/main-entry/giishkigaade-giboodiyegwaazon-ni
giizhookizinaan,giizhookizinaan,NI,NI_C,NONE,UnpublishedOPD
gibwanaakosh,gibwanaakosh,NA,NA_C,NONE,UnpublishedOPD
gichi-odaabaan,gichi-odaabaan,NA,NA_C,NONE,https://ojibwe.lib.umn.edu/main-entry/gichi-odaabaan-na
gibwanaakoshens,gibwanaakoshens,NA,NA_C,NONE,UnpublishedOPD
gichi-ogimaa,gichi-ogimaaw2,NA,NA_VV,NONE,https://ojibwe.lib.umn.edu/main-entry/gichi-ogimaa-na
giikiibidikomeshiinh,giikiibidikomeshiinhy1,NA,NA_VVny,NONE,UnpublishedOPD
gichi-ogimaakwe,gichi-ogimaakwew2,NA,NA_VV,NONE,https://ojibwe.lib.umn.edu/main-entry/gichi-ogimaakwe-na
giishkigane-makizin,giishkigane-makizin,NI,NI_C,NONE,UnpublishedOPD
gashkidaasebizon,gashkidaasebizon,NI,NI_C,NONE,https://ojibwe.lib.umn.edu/main-entry/gashkidaasebizon-ni
gibiskwe-mashkiki,gibiskwe-mashkikiw2,NI,NI_Vw,NONE,UnpublishedOPD
giba'igan,giba'igan,NI,NI_C,NONE,https://ojibwe.lib.umn.edu/main-entry/giba-igan-ni
gichi-ogin,gichi-oginy2,NA,NA_Cy,NONE,https://ojibwe.lib.umn.edu/main-entry/gichi-ogin-na
gibiskwepizon,gibiskwepizon,NI,NI_C,NONE,UnpublishedOPD
gichi-oginii-aniibiishenan,gichi-oginii-aniibiishen,NI,NI_C,NONE,UnpublishedOPD
gashka'oojigan,gashka'oojigan,NI,NI_C,NONE,https://ojibwe.lib.umn.edu/main-entry/gashka-oojigan-ni
gichi-oginii-naboob,gichi-oginii-nabooby2,NI,NI_Cy,NONE,https://ojibwe.lib.umn.edu/main-entry/gichi-oginii-naboob-ni
giba'iminaanibag,giba'iminaanibagw2,NI,NI_Cw,NONE,UnpublishedOPD
gidochigan,gidochigan,NI,NI_C,NONE,https://ojibwe.lib.umn.edu/main-entry/gidochigan-ni
gibwanazii,gibwanaziiw2,NA,NA_VV,NONE,UnpublishedOPD
gichi-oginiiwaaboo,gichi-oginiiwaaboow2,NI,NI_VV,NONE,UnpublishedOPD
giishkizigewapishimon,giishkizigewapishimon,NI,NI_C,NONE,UnpublishedOPD
giizhooninjaan,giizhooninjaan,NA,NA_C,NONE,UnpublishedOPD
giba'on,giba'on,NI,NI_C,NONE,https://ojibwe.lib.umn.edu/main-entry/giba-on-ni
gichi-omakakii,gichi-omakakiiw2,NA,NA_VV,NONE,UnpublishedOPD
giishkigob,giishkigoby2,NI,NI_Cy,NONE,UnpublishedOPD
gichi-ombisijigan,gichi-ombisijigan,NI,NI_C,NONE,UnpublishedOPD
gidagaa-bizhiw,gidagaa-bizhiw,NA,NA_C,NONE,https://ojibwe.lib.umn.edu/main-entry/gidagaa-bizhiw-na
gichi-onaagan,gichi-onaagan,NI,NI_C,NONE,https://ojibwe.lib.umn.edu/main-entry/gichi-onaagan-ni
gibaabaayinaan,gibaabaayinaan,NAD,NAD_C,NONE,https://ojibwe.lib.umn.edu/main-entry/gibaabaayinaan-nad
gidochigewinini,gidochigewininiw2,NA,NA_Vw,NONE,UnpublishedOPD
gibaabapizowin,gibaabapizowin,NI,NI_C,NONE,UnpublishedOPD
gidagaa-bizhiwayaan,gidagaa-bizhiwayaan,NA,NA_C,NONE,UnpublishedOPD
giizhig,giizhigw2,NA,NA_Cw,NONE,https://ojibwe.lib.umn.edu/main-entry/giizhig-na
gichi-oodena,gichi-oodenaw2,NI,NI_Vw,NONE,https://ojibwe.lib.umn.edu/main-entry/gichi-oodena-ni
gashkigwaajigan,gashkigwaajigan,NI,NI_C,NONE,UnpublishedOPD
giishkada'igan,giishkada'igan,NI,NI_C,NONE,https://ojibwe.lib.umn.edu/main-entry/giishkada-igan-ni
gichi-adaawewigamig,gichi-adaawewigamigw2,NI,NI_Cw,NONE,UnpublishedOPD
gibichii-agwaakwa'igan,gibichii-agwaakwa'igan,NI,NI_C,NONE,https://ojibwe.lib.umn.edu/main-entry/gibichii-agwaakwa-igan-ni
gidagaakoons,gidagaakoons,NA,NA_C,NONE,https://ojibwe.lib.umn.edu/main-entry/gidagaakoons-na
giisizekwaanaabik,giisizekwaanaabikw2,NI,NI_Cw,NONE,UnpublishedOPD
gichi-agosimaan,gichi-agosimaan,NA,NA_C,NONE,https://ojibwe.lib.umn.edu/main-entry/gichi-agosimaan-na
gichi-waasigani-bimide-biiwaabik,gichi-waasigani-bimide-biiwaabikw2,NI,NI_Cw,NONE,UnpublishedOPD
gichi-ajidamoo,gichi-ajidamoow2,NA,NA_VV,NONE,UnpublishedOPD
gidagaakoonsiwayaan,gidagaakoonsiwayaan,NA,NA_C,NONE,UnpublishedOPD
gichi-waawaabiganoojiinh,gichi-waawaabiganoojiinh,NA,NA_C,NONE,UnpublishedOPD
giizhoopizon,giizhoopizon,NA,NA_C,NONE,https://ojibwe.lib.umn.edu/main-entry/giizhoopizon-na
gashkigwaason,gashkigwaason,NA,NA_C,NONE,https://ojibwe.lib.umn.edu/main-entry/gashkigwaason-na
gibaabikinigan,gibaabikinigan,NI,NI_C,NONE,https://ojibwe.lib.umn.edu/main-entry/gibaabikinigan-ni
gichi-waazakonenjiganaaboo,gichi-waazakonenjiganaaboow2,NI,NI_VV,NONE,https://ojibwe.lib.umn.edu/main-entry/gichi-waazakonenjiganaaboo-ni
gashkigwaasonaabik,gashkigwaasonaabikw2,NI,NI_Cw,NONE,https://ojibwe.lib.umn.edu/main-entry/gashkigwaasonaabik-ni
gichi-akandamoo,gichi-akandamoow2,NA,NA_VV,NONE,UnpublishedOPD
gibichiiwigamig,gibichiiwigamigw2,NI,NI_Cw,NONE,UnpublishedOPD
gichi-akwaandawaagan,gichi-akwaandawaagan,NI,NI_C,NONE,UnpublishedOPD
gashkigwaasonaabiko-zhaabonigan,gashkigwaasonaabiko-zhaabonigan,NI,NI_C,NONE,https://ojibwe.lib.umn.edu/main-entry/gashkigwaasonaabiko-zhaabonigan-ni
gichi-amik,gichi-amikw2,NA,NA_irrCw,NONE,UnpublishedOPD
gigaatigwaan,gigaatigwaan,NI,NI_C,NONE,https://ojibwe.lib.umn.edu/main-entry/gigaatigwaan-ni
gidagagwadaashi,gidagagwadaashiw2,NA,NA_Vw,NONE,https://ojibwe.lib.umn.edu/main-entry/gidagagwadaashi-na
gashkigwaasone-zhaabonigan,gashkigwaasone-zhaabonigan,NI,NI_C,NONE,UnpublishedOPD
gichi-anama'e-giizhigani-giizis,gichi-anama'e-giizhigani-giizisw2,NA,NA_Cw,NONE,UnpublishedOPD
gashkigwaasoneyaab,gashkigwaasoneyaaby2,NI,NI_Cy,NONE,https://ojibwe.lib.umn.edu/main-entry/gashkigwaasoneyaab-ni
gichi-aniibiish,gichi-aniibiish,NI,NI_C,NONE,https://ojibwe.lib.umn.edu/main-entry/gichi-aniibiish-ni
gichi'aanikwe'on,gichi'aanikwe'on,NI,NI_C,NONE,UnpublishedOPD
gidagi-mashkiigimin,gidagi-mashkiigimin,NI,NI_C,NONE,UnpublishedOPD
gashkigwaasoowikwe,gashkigwaasoowikwew2,NA,NA_VV,NONE,UnpublishedOPD
gashkigwaasoowinini,gashkigwaasoowininiw2,NA,NA_Vw,NONE,UnpublishedOPD
gichi-aniibiishibag,gichi-aniibiishibagw2,NI,NI_Cw,NONE,UnpublishedOPD
giishkagooday,giishkagooday,NI,NI_C,NONE,UnpublishedOPD
gichi-anishinaabe,gichi-anishinaabew2,NA,NA_VV,NONE,https://ojibwe.lib.umn.edu/main-entry/gichi-anishinaabe-na
gekek,gekekw2,NA,NA_irrCw,NONE,https://ojibwe.lib.umn.edu/main-entry/gekek-na
gichigamiiwashk,gichigamiiwashkw2,NI,NI_Cw,NONE,https://ojibwe.lib.umn.edu/main-entry/gichigamiiwashk-ni
gichi-anishinaabewiwin,gichi-anishinaabewiwin,NI,NI_C,NONE,https://ojibwe.lib.umn.edu/main-entry/gichi-anishinaabewiwin-ni
gichi-apabiwin,gichi-apabiwin,NI,NI_C,NONE,UnpublishedOPD
giganaan,giganaan,NA,NA_C,NONE,UnpublishedOPD
gidagiigin,gidagiiginw2,NI,NI_Cw,NONE,https://ojibwe.lib.umn.edu/main-entry/gidagiigin-ni
gichi-asin,gichi-asiny2,NA,NA_Cy,NONE,UnpublishedOPD
giizhootawage'on,giizhootawage'on,NA,NA_C,NONE,https://ojibwe.lib.umn.edu/main-entry/giizhootawage-on-na
gichi-ataagewigamig,gichi-ataagewigamigw2,NI,NI_Cw,NONE,UnpublishedOPD
gidagimakakii,gidagimakakiiw2,NA,NA_VV,NONE,https://ojibwe.lib.umn.edu/main-entry/gidagimakakii-na
giiwitaayaakwa'igan,giiwitaayaakwa'igan,NI,NI_C,NONE,UnpublishedOPD
giishkanagek,giishkanagekw2,NA,NA_Cw,NONE,UnpublishedOPD
giizhootawage'on,giizhootawage'on,NI,NI_C,NONE,https://ojibwe.lib.umn.edu/main-entry/giizhootawage-on-ni
giishkijigodaas,giishkijigodaas,NI,NI_C,NONE,UnpublishedOPD
gichi-aya'aa,gichi-aya'aaw2,NA,NA_VV,NONE,https://ojibwe.lib.umn.edu/main-entry/gichi-aya-aa-na
giishkijii-magoodaas,giishkijii-magoodaas,NI,NI_C,NONE,https://ojibwe.lib.umn.edu/main-entry/giishkijii-magoodaas-ni
gigashkosiwe-manoomin,gigashkosiwe-manoomin,NI,NI_C,NONE,UnpublishedOPD
gibodoonebizon,gibodoonebizon,NI,NI_C,NONE,UnpublishedOPD
giishkanakad,giishkanakadw2,NI,NI_Cw,NONE,https://ojibwe.lib.umn.edu/main-entry/giishkanakad-ni
giigooyikewigamig,giigooyikewigamigw2,NI,NI_Cw,NONE,https://ojibwe.lib.umn.edu/main-entry/giingooyikewigamig-ni
gichi-baashkizigan,gichi-baashkizigan,NI,NI_C,NONE,UnpublishedOPD
giishkanakadosag,giishkanakadosagw2,NA,NA_Cw,NONE,https://ojibwe.lib.umn.edu/main-entry/giishkanakadosag-na
giizhoote'on=ag,giizhoote'on,NA,NA_C,NONE,UnpublishedOPD
giishkananjigan,giishkananjigan,NI,NI_C,NONE,UnpublishedOPD
giishkijiiwagooday,giishkijiiwagooday,NI,NI_C,NONE,https://ojibwe.lib.umn.edu/main-entry/giishkijiiwagooday-ni
giiwoon,giiwoon,NA,NA_C,NONE,https://ojibwe.lib.umn.edu/main-entry/giiwoon-na
giitigewidaabaan,giitigewidaabaan,NA,NA_C,NONE,UnpublishedOPD
giishkanikwepowesi,giishkanikwepowesiw2,NA,NA_Vw,NONE,UnpublishedOPD
giiwosewasim,giiwosewasimw2,NA,NA_Cw,NONE,https://ojibwe.lib.umn.edu/main-entry/giiwosewasim-na
giiniboojigan,giiniboojigan,NI,NI_C,NONE,https://ojibwe.lib.umn.edu/main-entry/giiniboojigan-ni
gidasigan,gidasigan,NI,NI_C,NONE,https://ojibwe.lib.umn.edu/main-entry/gidasigan-ni
gidasiganaatig,gidasiganaatigw2,NI,NI_Cw,NONE,UnpublishedOPD
giiwosewinini,giiwosewininiw2,NA,NA_Vw,NONE,https://ojibwe.lib.umn.edu/main-entry/giiwosewinini-na
giiminakiiwinini,giiminakiiwininiw2,NA,NA_Vw,NONE,UnpublishedOPD
giishkikojigan,giishkikojigan,NI,NI_C,NONE,https://ojibwe.lib.umn.edu/main-entry/giishkikojigan-ni
giiminiijaagan,giiminiijaagan,NA,NA_C,NONE,https://ojibwe.lib.umn.edu/main-entry/giiminiijaagan-na
giizhooyegin,giizhooyeginw2,NI,NI_Cw,NONE,UnpublishedOPD
giishkashkimod,giishkashkimod,NI,NI_aa,NONE,https://ojibwe.lib.umn.edu/main-entry/giishkashkimod-ni
giizhik,giizhik,NA,NA_C,NONE,https://ojibwe.lib.umn.edu/main-entry/giizhik-na
giizhooyiigin,giizhooyiiginw2,NI,NI_Cw,NONE,UnpublishedOPD
giiyoon,giiyoon,NA,NA_C,NONE,https://ojibwe.lib.umn.edu/main-entry/giiyoon-na
giigidoo-biiwaabikoons,giigidoo-biiwaabikoons,NI,NI_C,NONE,https://ojibwe.lib.umn.edu/main-entry/giigidoo-biiwaabikoons-ni
giizhoozhigan,giizhoozhigan,NI,NI_C,NONE,UnpublishedOPD
giishkashkizhigan,giishkashkizhigan,NI,NI_C,NONE,UnpublishedOPD
giigidoo-biiwaabikoonsi-gikinawaajibii'igan,giigidoo-biiwaabikoonsi-gikinawaajibii'igan,NI,NI_C,NONE,UnpublishedOPD
giizhikaandag,giizhikaandagw2,NA,NA_Cw,NONE,https://ojibwe.lib.umn.edu/main-entry/giizhikaandag-na
giigidoo-biiwaabikoonsi-mitig,giigidoo-biiwaabikoonsi-mitigw2,NI,NI_Cw,NONE,UnpublishedOPD
giigidoowinini,giigidoowininiw2,NA,NA_Vw,NONE,https://ojibwe.lib.umn.edu/main-entry/giigidoowinini-na
giinikooneshib,giinikooneshib,NA,NA_C,NONE,UnpublishedOPD
giizhikaandago-zhingob,giizhikaandago-zhingoby2,NA,NA_Cy,NONE,https://ojibwe.lib.umn.edu/main-entry/giizhikaandago-zhingob-na
giiyosekana,giiyosekan,NI,NI_Kana,NONE,UnpublishedOPD
giishkikozhiwewikwe,giishkikozhiwewikwew2,NA,NA_VV,NONE,https://ojibwe.lib.umn.edu/main-entry/giishkikozhiwewikwe-na
giiwanaadiziiwigamig,giiwanaadiziiwigamigw2,NI,NI_Cw,NONE,https://ojibwe.lib.umn.edu/main-entry/giiwanaadiziiwigamig-ni
giiyosewasim,giiyosewasimw2,NA,NA_Cw,NONE,https://ojibwe.lib.umn.edu/main-entry/giiyosewasim-na
giizhoozidaan,giizhoozidaan,NA,NA_C,NONE,UnpublishedOPD
giishkikozhiwewinini,giishkikozhiwewininiw2,NA,NA_Vw,NONE,https://ojibwe.lib.umn.edu/main-entry/giishkikozhiwewinini-na
giiwedin,giiwedinw2,NI,NI_Cw,NONE,https://ojibwe.lib.umn.edu/main-entry/giiwedin-ni
giiyosewinini,giiyosewininiw2,NA,NA_Vw,NONE,https://ojibwe.lib.umn.edu/main-entry/giiyosewinini-na
giizhikaatig,giizhikaatigw2,NI,NI_Cw,NONE,UnpublishedOPD
giigoonh,giigoonhy1,NA,NA_VVny,NONE,https://ojibwe.lib.umn.edu/main-entry/giigoonh-na
giiwanaajikwe,giiwanaajikwew2,NA,NA_VV,NONE,UnpublishedOPD
gigijigaaneshiinh,gigijigaaneshiinhy1,NA,NA_VVny,NONE,UnpublishedOPD
giizhikanagek,giizhikanagekw2,NA,NA_Cw,NONE,https://ojibwe.lib.umn.edu/main-entry/giizhikanagek-na
giishkimagooday,giishkimagooday,NI,NI_C,NONE,UnpublishedOPD
giigoonh-zhiigozigan,giigoonh-zhiigozigan,NI,NI_C,NONE,UnpublishedOPD
giizhikapishimon,giizhikapishimon,NI,NI_C,NONE,UnpublishedOPD
giigoonhwaaboo,giigoonhwaaboow2,NI,NI_VV,NONE,https://ojibwe.lib.umn.edu/main-entry/giigoonhwaaboo-ni
giizhikashkimod,giizhikashkimod,NI,NI_aa,NONE,https://ojibwe.lib.umn.edu/main-entry/giizhikashkimod-ni
giigoonhwasab,giigoonhwasaby1,NA,NA_VVny,NONE,UnpublishedOPD
giigoonhwigamig,giigoonhwigamigw2,NI,NI_Cw,NONE,UnpublishedOPD
giizhiki-mashkimod,giizhiki-mashkimod,NI,NI_C,NONE,UnpublishedOPD
giiwasewasim,giiwasewasimw2,NA,NA_Cw,NONE,UnpublishedOPD
giizhikigob,giizhikigoby2,NA,NA_Cy,NONE,UnpublishedOPD
giiwasewinini,giiwasewininiw2,NA,NA_Vw,NONE,UnpublishedOPD
giigoonyike-mookomaan,giigoonyike-mookomaan,NI,NI_C,NONE,https://ojibwe.lib.umn.edu/main-entry/giigoonyike-mookomaan-ni
giizhikigobii-mashkimod,giizhikigobii-mashkimod,NI,NI_C,NONE,UnpublishedOPD
giiwashiziiwigamig,giiwashiziiwigamigw2,NI,NI_Cw,NONE,https://ojibwe.lib.umn.edu/main-entry/giiwashiziiwigamig-ni
giishkikobii-apishimon,giishkikobii-apishimon,NI,NI_C,NONE,UnpublishedOPD
giigoonyigan,giigoonyigan,NI,NI_C,NONE,UnpublishedOPD
giizhikigobiiwapishimon,giizhikigobiiwapishimon,NI,NI_C,NONE,UnpublishedOPD
giigoonyikewinini,giigoonyikewininiw2,NA,NA_Vw,NONE,https://ojibwe.lib.umn.edu/main-entry/giigoonyikewinini-na
giizis,giizisw2,NA,NA_Cw,NONE,https://ojibwe.lib.umn.edu/main-entry/giizis-na
giigoonyogan,giigoonyogan,NI,NI_C,NONE,UnpublishedOPD
giishkiboojigan,giishkiboojigan,NI,NI_C,NONE,https://ojibwe.lib.umn.edu/main-entry/giishkiboojigan-ni
giizhishkigan,giizhishkigan,NI,NI_C,NONE,UnpublishedOPD
giishka'aakwaan,giishka'aakwaan,NI,NI_C,NONE,UnpublishedOPD
giiziso-mazina'igan,giiziso-mazina'igan,NI,NI_C,NONE,UnpublishedOPD
giizisoo-mazina'igan,giizisoo-mazina'igan,NI,NI_C,NONE,https://ojibwe.lib.umn.edu/main-entry/giizisoo-mazina-igan-ni
giishka'aakwe-mishi,giishka'aakwe-mis1,NI,NI_ShortC,NONE,UnpublishedOPD
giiziswaabik,giiziswaabikw2,NA,NA_Cw,NONE,UnpublishedOPD
giizisweyaab,giizisweyaaby2,NI,NI_Cy,NONE,UnpublishedOPD
giizizekwaanaabik,giizizekwaanaabikw2,NI,NI_Cw,NONE,UnpublishedOPD
giizhizekwe-gizhaabikizigan,giizhizekwe-gizhaabikizigan,NI,NI_C,NONE,UnpublishedOPD
giizizekwewi-gizhaabikizigan,giizizekwewi-gizhaabikizigan,NI,NI_C,NONE,UnpublishedOPD
giizhkiganzhii'igan,giizhkiganzhii'igan,NI,NI_C,NONE,UnpublishedOPD
giizhkizhigewidaabaan,giizhkizhigewidaabaan,NA,NA_C,NONE,UnpublishedOPD
giizhoo-babiinzikawaagan,giizhoo-babiinzikawaagan,NI,NI_C,NONE,UnpublishedOPD
giizhoo'on,giizhoo'on,NA,NA_C,NONE,UnpublishedOPD
giizhoobiitoo-babagiwayaan,giizhoobiitoo-babagiwayaan,NI,NI_C,NONE,UnpublishedOPD
gagwejikazhiwewin,gagwejikazhiwewin,NI,NI_C,NONE,https://ojibwe.lib.umn.edu/main-entry/gagwejikazhiwewin-ni
gichigamiiwaabo,gichigamiiwaabow2,NI,NI_Vw,NONE,https://ojibwe.lib.umn.edu/main-entry/gichigamiiwaabo-ni
gaagiigidowin,gaagiigidowin,NI,NI_C,NONE,https://ojibwe.lib.umn.edu/main-entry/gaagiigidowin-ni
gaandakii'onaak,gaandakii'onaakw2,NI,NI_Cw,NONE,https://ojibwe.lib.umn.edu/main-entry/gaandakii-onaak-ni
gete-anishinaabe,gete-anishinaabew2,NA,NA_VV,NONE,https://ojibwe.lib.umn.edu/main-entry/gete-anishinaabeban-na
gichi-noosooki-desabiwin,gichi-noosooki-desabiwin,NI,NI_C,NONE,https://ojibwe.lib.umn.edu/main-entry/gichi-noosooki-desabiwin-ni
gaapizigan,gaapizigan,NI,NI_C,NONE,https://ojibwe.lib.umn.edu/main-entry/gaapizigan-ni
giizhikaatig,giizhikaatigw2,NA,NA_Cw,NONE,https://ojibwe.lib.umn.edu/main-entry/giizhikaatig-na
gichi-gikendaasoowigamig,gichi-gikendaasoowigamigw2,NI,NI_Cw,NONE,UnpublishedOPD
gaakaawanjigan,gaakaawanjigan,NI,NI_C,NONE,UnpublishedOPD
gichi-dibaakonigewinini,gichi-dibaakonigewininiw2,NA,NA_Vw,NONE,https://ojibwe.lib.umn.edu/main-entry/gichi-dibaakonigewinini-na
gichi-mookomaan,gichi-mookomaan,NA,NA_C,NONE,https://ojibwe.lib.umn.edu/main-entry/gichi-mookomaan-na
gichi-ziibi,gichi-ziibiw2,NI,NI_Vw,NONE,https://ojibwe.lib.umn.edu/main-entry/gichi-ziibi-ni
gichigami,gichigamy2,NI,NI_ShortCy,NONE,https://ojibwe.lib.umn.edu/main-entry/gichigami-ni
giigidowin,giigidowin,NI,NI_C,NONE,https://ojibwe.lib.umn.edu/main-entry/giigidowin-ni
gijigijigaaneshiinh,gijigijigaaneshiinhy1,NA,NA_VVny,NONE,https://ojibwe.lib.umn.edu/main-entry/gijigijigaaneshiinh-na
gikinawaabanjigan,gikinawaabanjigan,NI,NI_C,NONE,UnpublishedOPD
gimoojishkiiwinini,gimoojishkiiwininiw2,NA,NA_Vw,NONE,UnpublishedOPD
gijigizhigewi-moozhwaagan,gijigizhigewi-moozhwaagan,NI,NI_C,NONE,UnpublishedOPD
ginwaako-apabiwin,ginwaako-apabiwin,NI,NI_C,NONE,https://ojibwe.lib.umn.edu/main-entry/ginwaako-apabiwin-ni
ginagashkitawagaansan,ginagashkitawagaans,NI,NI_C,NONE,UnpublishedOPD
gikinawaajichigan,gikinawaajichigan,NI,NI_C,NONE,UnpublishedOPD
gikinawaajichiganens,gikinawaajichiganens,NA,NA_C,NONE,UnpublishedOPD
gizhaadigewinini,gizhaadigewininiw2,NA,NA_Vw,NONE,https://ojibwe.lib.umn.edu/main-entry/gizhaadigewinini-na
gizhibaayaasichigan,gizhibaayaasichigan,NI,NI_C,NONE,UnpublishedOPD
giniginigan-aniibiishensan,giniginigan-aniibiishens,NI,NI_C,NONE,UnpublishedOPD
gizhibaayaasijigaans,gizhibaayaasijigaans,NI,NI_C,NONE,UnpublishedOPD
ginwaakozhigwan,ginwaakozhigwan,NI,NI_C,NONE,UnpublishedOPD
gijiipizi,gijiipiziw2,NA,NA_Vw,NONE,UnpublishedOPD
gizhibaayaasijigan,gizhibaayaasijigan,NI,NI_C,NONE,https://ojibwe.lib.umn.edu/main-entry/gizhibaayaasijigan-ni
gizhaagamide-nibi,gizhaagamide-niby2,NI,NI_ShortCy,NONE,https://ojibwe.lib.umn.edu/main-entry/gizhaagamide-nibi-ni
gijikonayezigan,gijikonayezigan,NA,NA_C,NONE,https://ojibwe.lib.umn.edu/main-entry/gijikonayezigan-na
gijikonayeziganaaboo,gijikonayeziganaaboow2,NI,NI_VV,NONE,https://ojibwe.lib.umn.edu/main-entry/gijikonayeziganaaboo-ni
ginishtinoo,ginishtinoow2,NA,NA_VV,NONE,UnpublishedOPD
gizhibaayaasinjigan,gizhibaayaasinjigan,NI,NI_C,NONE,UnpublishedOPD
gijikwanayezigan,gijikwanayezigan,NA,NA_C,NONE,UnpublishedOPD
giniw,giniw,NA,NA_C,NONE,https://ojibwe.lib.umn.edu/main-entry/giniw-na
giziibiiginaagane-makak,giziibiiginaagane-makakw2,NI,NI_Cw,NONE,UnpublishedOPD
giniwigwan,giniwigwan,NA,NA_C,NONE,https://ojibwe.lib.umn.edu/main-entry/giniwigwan-na
gizhaagamizigan-akikoons,gizhaagamizigan-akikoons,NA,NA_C,NONE,UnpublishedOPD
gijiminagiboojigan,gijiminagiboojigan,NA,NA_C,NONE,UnpublishedOPD
giziibiiginakokwaan,giziibiiginakokwaan,NI,NI_C,NONE,UnpublishedOPD
giziibiiginakokwaanaaboo,giziibiiginakokwaanaaboow2,NI,NI_VV,NONE,UnpublishedOPD
gizhaagamizigewakik,gizhaagamizigewakikw2,NA,NA_Cw,NONE,https://ojibwe.lib.umn.edu/main-entry/gizhaagamizigewakik-na
gikinjinikebizon,gikinjinikebizon,NI,NI_C,NONE,UnpublishedOPD
gikinoo'amaadii-mazina'igan,gikinoo'amaadii-mazina'igan,NI,NI_C,NONE,https://ojibwe.lib.umn.edu/main-entry/gikinoo-amaadii-mazina-igan-ni
giziiyaajiwanzigewakik,giziiyaajiwanzigewakik,NI,NI_C,NONE,UnpublishedOPD
gikinoo'amaadiiwidaabaan,gikinoo'amaadiiwidaabaan,NA,NA_C,NONE,https://ojibwe.lib.umn.edu/main-entry/gikinoo-amaadiiwidaabaan-na
gijipizon,gijipizon,NI,NI_C,NONE,https://ojibwe.lib.umn.edu/main-entry/gijipizon-ni
gikinoo'amaadiiwigamig,gikinoo'amaadiiwigamigw2,NI,NI_Cw,NONE,https://ojibwe.lib.umn.edu/main-entry/gikinoo-amaadiiwigamig-ni
ginjida'igan,ginjida'igan,NI,NI_C,NONE,UnpublishedOPD
gijipizonaabik,gijipizonaabikw2,NI,NI_Cw,NONE,https://ojibwe.lib.umn.edu/main-entry/gijipizonaabik-ni
giziibiigindibe-giziibiiga'iganaaboo,giziibiigindibe-giziibiiga'iganooboow2,NI,NI_VV,NONE,UnpublishedOPD
gikinoo'amaadiwin,gikinoo'amaadiwin,NI,NI_C,NONE,https://ojibwe.lib.umn.edu/main-entry/gikinoo-amaadiwin-ni
gijipizonens,gijipizonens,NI,NI_C,NONE,https://ojibwe.lib.umn.edu/main-entry/gijipizonens-ni
gijipizonigwaajigan,gijipizonigwaajigan,NI,NI_C,NONE,UnpublishedOPD
gikinoo'amaagan,gikinoo'amaagan,NA,NA_C,NONE,https://ojibwe.lib.umn.edu/main-entry/gikinoo-amaagan-na
gizhaatewin,gizhaatewin,NI,NI_C,NONE,https://ojibwe.lib.umn.edu/main-entry/gizhaatewin-ni
ginogwayaweshib,ginogwayaweshib,NA,NA_C,NONE,UnpublishedOPD
gikinoo'amaagewigamig,gikinoo'amaagewigamigw2,NI,NI_Cw,NONE,UnpublishedOPD
gikinoo'amaagewikwe,gikinoo'amaagewikwew2,NA,NA_VV,NONE,https://ojibwe.lib.umn.edu/main-entry/gikinoo-amaagewikwe-na
ginoo-minis,ginoo-minis,NI,NI_C,NONE,UnpublishedOPD
giziziininjaani-giziibiiga'igan,giziziininjaani-giziibiiga'igan,NI,NI_C,NONE,UnpublishedOPD
gikinoo'amaagewinini,gikinoo'amaagewininiw2,NA,NA_Vw,NONE,https://ojibwe.lib.umn.edu/main-entry/gikinoo-amaagewinini-na
giziibiigininjiiwinaagan,giziibiigininjiiwinaagan,NI,NI_C,NONE,UnpublishedOPD
goda'aakwaan,goda'aakwaan,NI,NI_C,NONE,UnpublishedOPD
gishkishenh,gishkishenhy1,NA,NA_VVny,NONE,https://ojibwe.lib.umn.edu/main-entry/gishkishenh-na
gindakamigiga'igan,gindakamigiga'igan,NI,NI_C,NONE,UnpublishedOPD
gisiitaga'igan,gisiitaga'igan,NI,NI_C,NONE,UnpublishedOPD
ginebig,ginebigw2,NA,NA_Cw,NONE,https://ojibwe.lib.umn.edu/main-entry/ginebig-na
gikaawigamig,gikaawigamigw2,NI,NI_Cw,NONE,https://ojibwe.lib.umn.edu/main-entry/gikaawigamig-ni
ginebigomin,ginebigomin,NI,NI_C,NONE,UnpublishedOPD
gizhe-manidoo,gizhe-manidoow2,NA,NA_VV,NONE,https://ojibwe.lib.umn.edu/main-entry/gizhe-manidoo-na
ginoondawaan,ginoondawaan,NI,NI_C,NONE,https://ojibwe.lib.umn.edu/main-entry/ginoondawaan-ni
gizhenaab,gizhenaab,NA,NA_C,NONE,UnpublishedOPD
gizhenaabe,gizhenaabew2,NA,NA_VV,NONE,https://ojibwe.lib.umn.edu/main-entry/gizhenaabe-na
gizhenaabens,gizhenaabens,NA,NA_C,NONE,UnpublishedOPD
gikinowizhiwe-mazina'igan,gikinowizhiwe-mazina'igan,NI,NI_C,NONE,UnpublishedOPD
ginebigwayaan,ginebigwayaan,NA,NA_C,NONE,https://ojibwe.lib.umn.edu/main-entry/ginebigwayaan-na
gikinwaamaadiiwigamig,gikinwaamaadiiwigamigw2,NI,NI_Cw,NONE,UnpublishedOPD
gikiwe'on,gikiwe'on,NI,NI_C,NONE,https://ojibwe.lib.umn.edu/main-entry/gikiwe-on-ni
gondashkway,gondashkway,NID,NID_C,NONE,https://ojibwe.lib.umn.edu/main-entry/gondashkway-nid
gizhi-waasigani-bimide-biiwaabik,gizhi-waasigani-bimide-biiwaabikw2,NI,NI_Cw,NONE,UnpublishedOPD
gikiwe'onaatig,gikiwe'onaatigw2,NA,NA_Cw,NONE,https://ojibwe.lib.umn.edu/main-entry/gikiwe-onaatig-ni
gitaakwa'igan,gitaakwa'igan,NI,NI_C,NONE,UnpublishedOPD
gikiwe'oni-nagamon,gikiwe'oni-nagamon,NI,NI_C,NONE,https://ojibwe.lib.umn.edu/main-entry/gikiwe-oni-nagamon-ni
gitaakwa'iganeyaab,gitaakwa'iganeyaaby2,NI,NI_Cy,NONE,UnpublishedOPD
giminwani-agwaa'on,giminwani-agwaa'on,NI,NI_C,NONE,UnpublishedOPD
gimishoomisinaan,gimishoomisinaan,NAD,NAD_C,NONE,UnpublishedOPD
gitaakwapizon,gitaakwapizon,NI,NI_C,NONE,https://ojibwe.lib.umn.edu/main-entry/gitaakwapizon-ni
gitaamashkokoojigan,gitaamashkokoojigan,NI,NI_C,NONE,UnpublishedOPD
gwekaakoweba'iganaak,gwekaakoweba'iganaakw2,NI,NI_Cw,NONE,UnpublishedOPD
ginoozensiwi-naboobiiwaabo,ginoozensiwi-naboobiiwaabow2,NI,NI_Vw,NONE,UnpublishedOPD
gimiwanaaboo,gimiwanaaboow2,NI,NI_VV,NONE,https://ojibwe.lib.umn.edu/main-entry/gimiwanaaboo-ni
gwaashkwaashkwandaabiganoojiinh,gwaashkwaashkwandaabiganoojiiny1,NA,NA_VVny,NONE,https://ojibwe.lib.umn.edu/main-entry/gwaashkwaashkwandaabiganoojiinh-na
gitaamika'igan,gitaamika'igan,NI,NI_C,NONE,https://ojibwe.lib.umn.edu/main-entry/gitaamika-igan-ni
gonzaabii-wanii'igan,gonzaabii-wanii'igan,NI,NI_C,NONE,UnpublishedOPD
ginoozhe,ginoozhew2,NA,NA_VV,NONE,https://ojibwe.lib.umn.edu/main-entry/ginoozhe-na
gimiwani-biinzikawaagan,gimiwani-biinzikawaagan,NI,NI_C,NONE,https://ojibwe.lib.umn.edu/main-entry/gimiwani-biinzikawaagan-ni
gwaashkwandaabiganoojiin',gwaashkwandaabiganoojiin',NA,NA_C,NONE,UnpublishedOPD
gimiwani-midaas,gimiwani-midaas,NA,NA_C,NONE,https://ojibwe.lib.umn.edu/main-entry/gimiwani-midaas-na
gimiwanoo-babiinzikawaagan,gimiwanoo-babiinzikawaagan,NI,NI_C,NONE,UnpublishedOPD
gitaamikishkoojigan,gitaamikishkoojigan,NI,NI_C,NONE,UnpublishedOPD
gizhibaaboojigan,gizhibaaboojigan,NA,NA_C,NONE,UnpublishedOPD
gimiwanoowayaan,gimiwanoowayaan,NI,NI_C,NONE,https://ojibwe.lib.umn.edu/main-entry/gimiwanoowayaan-ni
gwaashkwani-waawaabiganoojiinh,gwaashkwani-waawaabiganoojiinhy1,NA,NA_VVny,NONE,UnpublishedOPD
godawaan,godawaan,NI,NI_C,NONE,UnpublishedOPD
gitigaan,gitigaan,NI,NI_C,NONE,https://ojibwe.lib.umn.edu/main-entry/gitigaan-ni
giziibaatigoog,giziibaatigw2,NA,NA_Cw,NONE,UnpublishedOPD
gonzaabiishkoojigan,gonzaabiishkoojigan,NI,NI_C,NONE,https://ojibwe.lib.umn.edu/main-entry/gonzaabiishkoojigan-ni
gitigaanens,gitigaanens,NI,NI_C,NONE,https://ojibwe.lib.umn.edu/main-entry/gitigaanens-ni
giziidoone'igan,giziidoone'igan,NI,NI_C,NONE,https://ojibwe.lib.umn.edu/main-entry/giziidoone-igan-ni
gwiishkoshibens,gwiishkoshibens,NA,NA_C,NONE,UnpublishedOPD
gitigaanensi-naboob,gitigaanensi-nabooby2,NI,NI_Cy,NONE,https://ojibwe.lib.umn.edu/main-entry/gitigaanensi-naboob-ni
gitigaani-mandaaminag,gitigaani-mandaamin,NA,NA_C,NONE,UnpublishedOPD
giziidoone'on,giziidoone'on,NI,NI_C,NONE,https://ojibwe.lib.umn.edu/main-entry/giziidoone-on-ni
ginwaabiigigwayawe-mishtadim,ginwaabiigigwayawe-mishtadimw2,NA,NA_Cw,NONE,UnpublishedOPD
gitigewigamig,gitigewigamigw2,NI,NI_Cw,NONE,https://ojibwe.lib.umn.edu/main-entry/gitigewigamig-ni
gitigewinini,gitigewininiw2,NA,NA_Vw,NONE,https://ojibwe.lib.umn.edu/main-entry/gitigewinini-na
goodaas,goodaas,NID,NID_C,NONE,https://ojibwe.lib.umn.edu/main-entry/goodaas-nid
gokeyaw,gokeyaw,NI,NI_C,NONE,https://ojibwe.lib.umn.edu/main-entry/gokeyaaw-ni
giziijaane'on,giziijaane'on,NI,NI_C,NONE,https://ojibwe.lib.umn.edu/main-entry/giziijaane-on-ni
gwiiwizens,gwiiwizens,NA,NA_C,NONE,https://ojibwe.lib.umn.edu/main-entry/gwiiwizens-na
gimoodishk,gimoodishk,NA,NA_C,NONE,https://ojibwe.lib.umn.edu/main-entry/gimoodishk-na
giziibiiga'igani-biiwaabik,giziibiiga'igani-biiwaabikw2,NI,NI_Cw,NONE,https://ojibwe.lib.umn.edu/main-entry/giziibiiga-igani-biiwaabik-ni
giziibiiga'igani-makak,giziibiiga'igani-makakw2,NI,NI_Cw,NONE,https://ojibwe.lib.umn.edu/main-entry/giziibiiga-igani-makak-ni
inanokiiwin,inanokiiwin,NI,NI_C,NONE,https://ojibwe.lib.umn.edu/main-entry/inanokiiwin-ni
gizhibaawebinigan,gizhibaawebinigan,NI,NI_C,NONE,https://ojibwe.lib.umn.edu/main-entry/gizhibaawebinigan-ni
giziibiiga'igani-makakosag,giziibiiga'igani-makakosagw2,NI,NI_Cw,NONE,https://ojibwe.lib.umn.edu/main-entry/giziibiiga-igani-makakosag-ni
giziinaaganaan,giziinaaganaan,NI,NI_C,NONE,UnpublishedOPD
gimoodishkiiwinini,gimoodishkiiwininiw2,NA,NA_Vw,NONE,https://ojibwe.lib.umn.edu/main-entry/gimoodishkiiwinini-na
giziibiiga'ige-biiwaabik,giziibiiga'ige-biiwaabikw2,NI,NI_Cw,NONE,UnpublishedOPD
gwiiwizhenzhish,gwiiwizhenzhish,NA,NA_C,NONE,UnpublishedOPD
gitiziim,gitiziim,NAD,NAD_C,NONE,https://ojibwe.lib.umn.edu/main-entry/gitiziim-nad
giziibiiga'ige-makak,giziibiiga'ige-makakw2,NI,NI_Cw,NONE,https://ojibwe.lib.umn.edu/main-entry/giziibiiga-ige-makak-ni
gizhibaayaabiigiwebinigani-gashkigwaasonaabik,gizhibaayaabiigiwebinigani-gashkigwaasonaabikw2,NI,NI_Cw,NONE,UnpublishedOPD
giziibiiga'ige-makakosag,giziibiiga'ige-makakosagw2,NA,NA_Cw,NONE,UnpublishedOPD
gipagi-apishimon,gipagi-apishimon,NI,NI_C,NONE,UnpublishedOPD
gizhibaayaabiigiwebishkiganaabik,gizhibaayaabiigiwebishkiganaabikw2,NI,NI_Cw,NONE,UnpublishedOPD
giziibiiga'igewigamig,giziibiiga'igewigamigw2,NI,NI_Cw,NONE,https://ojibwe.lib.umn.edu/main-entry/giziibiiga-igewigamig-ni
giziindime'on,giziindime'on,NI,NI_C,NONE,https://ojibwe.lib.umn.edu/main-entry/giziindime-on-ni
gizhibaayaabiigiwebishkigani-gashkigwaasonaabik,gizhibaayaabiigiwebishkigani-gashkigwaasonaabikw2,NI,NI_Cw,NONE,https://ojibwe.lib.umn.edu/main-entry/gizhibaayaabiigiwebishkigani-gashkigwaasonaabik-ni
goojijiiwi-zaaga'igan,goojijiiwi-zaaga'igan,NI,NI_C,NONE,UnpublishedOPD
gookomisinaan,gookomisinaan,NAD,NAD_C,NONE,UnpublishedOPD
giziibiiga'igewikwe,giziibiiga'igewikwew2,NA,NA_VV,NONE,UnpublishedOPD
gookooko'oo,gookooko'oow2,NA,NA_VV,NONE,https://ojibwe.lib.umn.edu/main-entry/gookooko-oo-na
giziibiiga'igewin,giziibiiga'igewin,NI,NI_C,NONE,https://ojibwe.lib.umn.edu/main-entry/giziibiiga-igewin-ni
gizhibaayaaboojigan,gizhibaayaaboojigan,NA,NA_C,NONE,https://ojibwe.lib.umn.edu/main-entry/gizhibaayaaboojigan-na
gozigwaakomin,gozigwaakomin,NA,NA_C,NONE,https://ojibwe.lib.umn.edu/main-entry/gozigwaakomin-na
giziibiiga'igewinaagan,giziibiiga'igewinaagan,NI,NI_C,NONE,https://ojibwe.lib.umn.edu/main-entry/giziibiiga-igewinaagan-ni
ikwa,ikw2,NA,NA_ShortCw,NONE,https://ojibwe.lib.umn.edu/main-entry/ikwa-na
gizhibaayaaboojiganens,gizhibaayaaboojiganens,NI,NI_C,NONE,UnpublishedOPD
gozigwaakominagaawanzh,gozigwaakominagaawanzhy2,NA,NA_Cy,NONE,https://ojibwe.lib.umn.edu/main-entry/gozigwaakominagaawanzh-na
giziibiiga'igewinini,giziibiiga'igewininiw2,NA,NA_Vw,NONE,UnpublishedOPD
ininaatigo-ziizibaakwadoons,ininaatigo-ziizibaakwadoons,NI,NI_C,NONE,UnpublishedOPD
gookooko'oowayaan,gookooko'oowayaan,NA,NA_C,NONE,UnpublishedOPD
ikwa'ibaan,ikwa'ibaan,NI,NI_C,NONE,https://ojibwe.lib.umn.edu/main-entry/ikwa-ibaan-ni
gookoosh,gookoosh,NA,NA_C,NONE,https://ojibwe.lib.umn.edu/main-entry/gookoosh-na
ininaatigobag,ininaatigobagw2,NI,NI_Cw,NONE,https://ojibwe.lib.umn.edu/main-entry/ininaatigobag-ni
giziingwe'on,giziingwe'on,NI,NI_C,NONE,https://ojibwe.lib.umn.edu/main-entry/giziingwe-on-ni
gizhaabateyaabikizigan,gizhaabateyaabikizigan,NI,NI_C,NONE,https://ojibwe.lib.umn.edu/main-entry/gizhaabateyaabikizigan-ni
giziibiigaabide'on,giziibiigaabide'on,NI,NI_C,NONE,UnpublishedOPD
giziibiigazhe-makak,giziibiigazhe-makakw2,NI,NI_Cw,NONE,https://ojibwe.lib.umn.edu/main-entry/giziibiigazhe-makak-ni
giziingwe'onens,giziingwe'onens,NA,NA_C,NONE,https://ojibwe.lib.umn.edu/main-entry/giziingwe-onens-na
gookooshi-makak,gookooshi-makakw2,NI,NI_Cw,NONE,UnpublishedOPD
inapizowin,inapizowin,NI,NI_C,NONE,https://ojibwe.lib.umn.edu/main-entry/inapizowin-ni
gookooshi-waabooyaan,gookooshi-waabooyaan,NI,NI_C,NONE,UnpublishedOPD
gookooshi-wiiyaas,gookooshi-wiiyaas,NI,NI_C,NONE,https://ojibwe.lib.umn.edu/main-entry/gookooshi-wiiyaas-ni
giziibiigazhewaaboo,giziibiigazhewaaboow2,NI,NI_VV,NONE,https://ojibwe.lib.umn.edu/main-entry/giziibiigazhewaaboo-ni
inaakonigewin,inaakonigewin,NI,NI_C,NONE,https://ojibwe.lib.umn.edu/main-entry/inaakonigewin-ni
gos,gos,NAD,NAD_C,NONE,https://ojibwe.lib.umn.edu/main-entry/gos-nad
giziibiigazhewayaan,giziibiigazhewayaan,NI,NI_C,NONE,UnpublishedOPD
godikwa'iganaak,godikwa'iganaakw2,NI,NI_Cw,NONE,UnpublishedOPD
giziininaaganaabo,giziininaaganaabow2,NI,NI_Vw,NONE,UnpublishedOPD
giziibiigazhewin,giziibiigazhewin,NI,NI_C,NONE,UnpublishedOPD
gookooshiwanazid,gookooshiwanazid,NI,NI_C,NONE,UnpublishedOPD
gwayakwaagamisijigan,gwayakwaagamisijigan,NI,NI_C,NONE,https://ojibwe.lib.umn.edu/main-entry/gwayakwaagamisijigan-ni
gondaabiishkoojigan,gondaabiishkoojigan,NI,NI_C,NONE,UnpublishedOPD
gookooshiwi-wiiyaas,gookooshiwi-wiiyaas,NI,NI_C,NONE,https://ojibwe.lib.umn.edu/main-entry/gookooshiwi-wiiyaas-ni
giziininaagane-giziibiiga'igan,giziininaagane-giziibiiga'igan,NI,NI_C,NONE,https://ojibwe.lib.umn.edu/main-entry/giziininaagane-giziibiiga-igan-nq
inini,ininiw2,NA,NA_Vw,NONE,https://ojibwe.lib.umn.edu/main-entry/inini-na
gookooshiwigamig,gookooshiwigamigw2,NI,NI_Cw,NONE,https://ojibwe.lib.umn.edu/main-entry/gookooshiwigamig-ni
giziininjaagan,giziininjaagan,NI,NI_C,NONE,https://ojibwe.lib.umn.edu/main-entry/giziininjaagan-ni
gookooshiwinagizh,gookooshiwinagizhy2,NI,NI_Cy,NONE,UnpublishedOPD
gayaashkwaawan,gayaashkwaawanw2,NI,NI_Cw,NONE,https://ojibwe.lib.umn.edu/main-entry/gayaashkwaawan-ni
gizhibaayaakowebishkigewin,gizhibaayaakowebishkigewin,NI,NI_C,NONE,https://ojibwe.lib.umn.edu/main-entry/gizhibaayaakowebishkigewin-ni
gookooshiwinagizhiins,gookooshiwinagizhiins,NI,NI_C,NONE,UnpublishedOPD
giziininjii'on,giziininjii'on,NI,NI_C,NONE,UnpublishedOPD
goon,goon,NA,NA_C,NONE,https://ojibwe.lib.umn.edu/main-entry/goon-na
ii'awen'enhw,ii'awen'enhw2,NAD,NAD_Cw,NONE,UnpublishedOPD
giziibiigigondashkwaan,giziibiigigondashkwaan,NI,NI_C,NONE,UnpublishedOPD
gizhaabikizigan,gizhaabikizigan,NI,NI_C,NONE,https://ojibwe.lib.umn.edu/main-entry/gizhaabikizigan-ni
ininii-biizikigan,ininii-biizikigan,NI,NI_C,NONE,https://ojibwe.lib.umn.edu/main-entry/ininii-biizikigan-ni
ishkwejaagan,ishkwejaagan,NA,NA_C,NONE,https://ojibwe.lib.umn.edu/main-entry/ishkwejaagan-na
gozis,gozis,NAD,NAD_C,NONE,https://ojibwe.lib.umn.edu/main-entry/gozis-nad
godotaagaans,godotaagaans,NI,NI_C,NONE,UnpublishedOPD
ininii-gigishkigan,ininii-gigishkigan,NI,NI_C,NONE,UnpublishedOPD
godotaagan,godotaagan,NI,NI_C,NONE,https://ojibwe.lib.umn.edu/main-entry/godotaagan-ni
goonaaboo,goonaaboow2,NI,NI_VV,NONE,UnpublishedOPD
ininii-makizin,ininii-makizin,NI,NI_C,NONE,https://ojibwe.lib.umn.edu/main-entry/ininii-makizin-ni
goonens,goonens,NA,NA_C,NONE,UnpublishedOPD
iij'aya'aa,iij'aya'aaw2,NAD,NAD_VV,NONE,UnpublishedOPD
giziinjaagewinaagan,giziinjaagewinaagan,NI,NI_C,NONE,UnpublishedOPD
inaabibii'igeyaabikizigewin,inaabibii'igeyaabikizigewin,NI,NI_C,NONE,UnpublishedOPD
gwayako-zhooniyaa,gwayako-zhooniyaaw2,NA,NA_VV,NONE,https://ojibwe.lib.umn.edu/main-entry/gwayako-zhooniyaa-na
iijiininiw,iijiininiw2,NAD,NAD_Vw,NONE,https://ojibwe.lib.umn.edu/main-entry/iijiinini-nad
ininiiwayi'ii,ininiiwayi'iiw2,NI,NI_VV,NONE,UnpublishedOPD
giziisaga'igan,giziisaga'igan,NI,NI_C,NONE,https://ojibwe.lib.umn.edu/main-entry/giziisaga-igan-ni
ininiiweyi'ii,ininiiweyi'iiw2,NI,NI_VV,NONE,UnpublishedOPD
iijikiwenhy,iijikiwenhy1,NAD,NAD_VVny,NONE,https://ojibwe.lib.umn.edu/main-entry/iijikiwenh-nad
giziisaginigan,giziisaginigan,NI,NI_C,NONE,UnpublishedOPD
gwaaba'adaawangwaan,gwaaba'adaawangwaan,NI,NI_C,NONE,https://ojibwe.lib.umn.edu/main-entry/gwaaba-adaawangwaan-ni
ishkwenikaazowin,ishkwenikaazowin,NI,NI_C,NONE,https://ojibwe.lib.umn.edu/main-entry/ishkwenikaazowin-ni
iijikwew,iijikwew2,NAD,NAD_VV,NONE,https://ojibwe.lib.umn.edu/main-entry/iijikwe-nad
goonib,gooniby,NI,NI_C,NONE,UnpublishedOPD
ishkweninj,ishkweninjy2,NI,NI_Cy,NONE,https://ojibwe.lib.umn.edu/main-entry/ishkweninj-ni
inawemaagan,inawemaagan,NA,NA_C,NONE,https://ojibwe.lib.umn.edu/main-entry/inawemaagan-na
iikaan,iikaan,NAD,NAD_C,NONE,https://ojibwe.lib.umn.edu/main-entry/iikaan-nad
giziibiigiingwewinaagan,giziibiigiingwewinaagan,NI,NI_C,NONE,https://ojibwe.lib.umn.edu/main-entry/giziibiigiingwewinaagan-ni
ishkweninjaan,ishkweninjaan,NI,NI_C,NONE,UnpublishedOPD
iikaanis,iikaanis,NAD,NAD_C,NONE,https://ojibwe.lib.umn.edu/main-entry/iikaanis-nad
ishkwesa'igan,ishkwesa'igan,NA,NA_C,NONE,https://ojibwe.lib.umn.edu/main-entry/ishkwesa-igan-na
ininiiwichigan,ininiiwichigan,NA,NA_C,NONE,UnpublishedOPD
inwewin,inwewin,NI,NI_C,NONE,https://ojibwe.lib.umn.edu/main-entry/inwewin-ni
goshkongesi,goshkongesiw2,NA,NA_Vw,NONE,https://ojibwe.lib.umn.edu/main-entry/goshkongesi-na
gwaaba'adaawangwaawidaabaan,gwaaba'adaawangwaawidaabaan,NA,NA_C,NONE,UnpublishedOPD
iinag,iinag,NID,NID_C,NONE,https://ojibwe.lib.umn.edu/main-entry/iinag-nid
ishkwesaga'igan,ishkwesaga'igan,NA,NA_C,NONE,UnpublishedOPD
ininishib,ininishib,NA,NA_C,NONE,https://ojibwe.lib.umn.edu/main-entry/ininishib-na
ishkonigan,ishkonigan,NI,NI_C,NONE,https://ojibwe.lib.umn.edu/main-entry/ishkonigan-ni
iinimw,iinimw2,NAD,NAD_Cw,NONE,https://ojibwe.lib.umn.edu/main-entry/iinimw-nad
inzibiingway,inzibiingway,NID,NID_C,NONE,UnpublishedOPD
gooniwaaboo,gooniwaaboow2,NI,NI_VV,NONE,UnpublishedOPD
iinimosheny,iinimosheny1,NAD,NAD_VVny,NONE,https://ojibwe.lib.umn.edu/main-entry/iinimosheny-nad
ishkonigani-inaakonigewin,ishkonigani-inaakonigewin,NI,NI_C,NONE,https://ojibwe.lib.umn.edu/main-entry/ishkonigani-inaakonigewin-ni
zid,zid,NID,NID_C,NONE,https://ojibwe.lib.umn.edu/main-entry/inzid-nid
iinindib,iinindib,NID,NID_C,NONE,https://ojibwe.lib.umn.edu/main-entry/iinindib-nid
daangosh,daangosh,NAD,NAD_C,NONE,UnpublishedOPD
iinizis,iinizis,NID,NID_C,NONE,https://ojibwe.lib.umn.edu/main-entry/iinizis-nid
indaas,indaas,NID,NID_C,NONE,UnpublishedOPD
ishpidoondane-makizin,ishpidoondane-makizin,NI,NI_C,NONE,UnpublishedOPD
giziiyaabide'igan,giziiyaabide'igan,NI,NI_C,NONE,UnpublishedOPD
iinzoby,iinzoby2,NID,NID_Cy,NONE,https://ojibwe.lib.umn.edu/main-entry/iinzob-nid
gwaaba'ashkiiwaan,gwaaba'ashkiiwaan,NI,NI_C,NONE,UnpublishedOPD
iitaawis,iitaawis,NAD,NAD_C,NONE,https://ojibwe.lib.umn.edu/main-entry/iitaawis-nad
gwaaba'igan,gwaaba'igan,NI,NI_C,NONE,https://ojibwe.lib.umn.edu/main-entry/gwaaba-igan-ni
iiyaas,iiyaas,NID,NID_C,NONE,https://ojibwe.lib.umn.edu/main-entry/iiyaas-nid
gwekiweba'igan,gwekiweba'igan,NI,NI_C,NONE,https://ojibwe.lib.umn.edu/main-entry/gwekiweba-igan-ni
iiyaw,iiyaw,NID,NID_C,NONE,https://ojibwe.lib.umn.edu/main-entry/iiyaw-nid
ishkozhigan,ishkozhigan,NI,NI_C,NONE,https://ojibwe.lib.umn.edu/main-entry/ishkozhigan-ni
ishpigwaade-makizin,ishpigwaade-makizin,NI,NI_C,NONE,UnpublishedOPD
gwaaba'waagan,gwaaba'waagan,NA,NA_C,NONE,https://ojibwe.lib.umn.edu/main-entry/gwaaba-waagan-na
ishkwewinikaazowin,ishkwewinikaazowin,NI,NI_C,NONE,UnpublishedOPD
inded,inded,NAD,NAD_C,NONE,UnpublishedOPD
ishkweyaab,ishkweyaaby2,NI,NI_Cy,NONE,UnpublishedOPD
iiyawen'enhy,iiyawen'enhy1,NAD,NAD_VVny,NONE,https://ojibwe.lib.umn.edu/main-entry/iiyawen-eny-nad
gwaaba'aawangwaan,gwaaba'aawangwaan,NI,NI_C,NONE,https://ojibwe.lib.umn.edu/main-entry/gwaaba-aawangwaan-ni
ishkweyaabid,ishkweyaabid,NI,NI_C,NONE,UnpublishedOPD
giziiyaabide'on,giziiyaabide'on,NI,NI_C,NONE,https://ojibwe.lib.umn.edu/main-entry/giziiyaabide-on-ni
giziiyaabika'igan,giziiyaabika'igan,NI,NI_C,NONE,https://ojibwe.lib.umn.edu/main-entry/giziiyaabika-igan-ni
indishkweninjy,indishkweninjy2,NID,NID_Cy,NONE,UnpublishedOPD
gwekiwebinigan,gwekiwebinigan,NA,NA_C,NONE,https://ojibwe.lib.umn.edu/main-entry/gwekiwebinigan-na
indiskweyaab,indiskweyaaby2,NI,NI_Cy,NONE,UnpublishedOPD
indoondaneyaaby,indoondaneyaaby2,NID,NID_Cy,NONE,UnpublishedOPD
ishpimisag,ishpimisagw2,NI,NI_Cw,NONE,https://ojibwe.lib.umn.edu/main-entry/ishpimisag-ni
izhichigewin,izhichigewin,NI,NI_C,NONE,https://ojibwe.lib.umn.edu/main-entry/izhichigewin-ni
ishkwezid,ishkwezid,NID,NID_C,NONE,UnpublishedOPD
ikwe-aya'aa,ikwe-aya'aaw2,NA,NA_VV,NONE,UnpublishedOPD
ikwe-babagiwayaan,ikwe-babagiwayaan,NI,NI_C,NONE,UnpublishedOPD
ikwe-bagiwayaan,ikwe-bagiwayaan,NI,NI_C,NONE,UnpublishedOPD
ikwe-biinzikawaagan,ikwe-biinzikawaagan,NI,NI_C,NONE,UnpublishedOPD
iska'ibaan,iska'ibaan,NI,NI_C,NONE,https://ojibwe.lib.umn.edu/main-entry/iska-ibaan-ni
ikwe-biitooshkigan,ikwe-biitooshkigan,NI,NI_C,NONE,https://ojibwe.lib.umn.edu/main-entry/ikwe-biitooshkigan-ni
ikobijigan,ikobijigan,NI,NI_C,NONE,UnpublishedOPD
iska'ibaani-zhaabobiiginigan,iska'ibaani-zhaabobiiginigan,NI,NI_C,NONE,UnpublishedOPD
ikwe-biizikigan,ikwe-biizikigan,NI,NI_C,NONE,https://ojibwe.lib.umn.edu/main-entry/ikwe-biizikigan-ni
ingodwaasoobii'igan,ingodwaasoobii'igan,NA,NA_C,NONE,https://ojibwe.lib.umn.edu/main-entry/ingodwaasoobii-igan-na
ikwe-dewe'igan,ikwe-dewe'igan,NA,NA_C,NONE,UnpublishedOPD
ikwe-giboodiyegwaazon,ikwe-giboodiyegwaazon,NA,NA_C,NONE,UnpublishedOPD
ikwe-gigishkigan,ikwe-gigishkigan,NI,NI_C,NONE,UnpublishedOPD
ikwe-ininishib,ikwe-ininishib,NA,NA_C,NONE,UnpublishedOPD
gwengwa'aage,gwengwa'aagew2,NA,NA_VV,NONE,UnpublishedOPD
inaabiwin,inaabiwin,NI,NI_C,NONE,https://ojibwe.lib.umn.edu/main-entry/inaabiwin-ni
ikwe-makizin,ikwe-makizin,NI,NI_C,NONE,https://ojibwe.lib.umn.edu/main-entry/ikwe-makizin-ni
ishpisag,ishpisagw2,NI,NI_Cw,NONE,UnpublishedOPD
ikwe-mashkikiiwinini,ikwe-mashkikiiwininiw2,NA,NA_Vw,NONE,UnpublishedOPD
ikwe-midaas,ikwe-midaas,NA,NA_C,NONE,UnpublishedOPD
ikwe-nagamon,ikwe-nagamon,NI,NI_C,NONE,UnpublishedOPD
ingichinik,ingichinik,NID,NID_C,NONE,UnpublishedOPD
ingichinikaang,ingichinikaang,NID,NID_C,NONE,UnpublishedOPD
ikwe-niimi'idiwin,ikwe-niimi'idiwin,NI,NI_C,NONE,https://ojibwe.lib.umn.edu/main-entry/ikwe-niimi-idiwin-ni
inaapinewin,inaapinewin,NI,NI_C,NONE,https://ojibwe.lib.umn.edu/main-entry/inaapinewin-ni
gwegawiyaanh,gwegawiyaanhy1,NA,NA_VVny,NONE,UnpublishedOPD
ingondashkway,ingondashkway,NID,NID_C,NONE,https://ojibwe.lib.umn.edu/main-entry/ingondashkway-nid
ishkodewidaabaan,ishkodewidaabaan,NI,NI_C,NONE,https://ojibwe.lib.umn.edu/main-entry/ishkodewidaabaan-ni
jiingwaan,jiingwaan,NID,NID_C,NONE,UnpublishedOPD
injiingwanigan,injiingwanigan,NID,NID_C,NONE,UnpublishedOPD
ishkodewi-makizin,ishkodewi-makizin,NI,NI_C,NONE,UnpublishedOPD
ikwewayi'ii,ikwewayi'iiw2,NI,NI_VV,NONE,UnpublishedOPD
injiitad,injiitad,NID,NID_C,NONE,UnpublishedOPD
ikwewazhigan,ikwewazhigan,NA,NA_C,NONE,UnpublishedOPD
injijaakaang,injijaakaang,NID,NID_C,NONE,UnpublishedOPD
ikwewe'ii,ikwewe'iiw2,NI,NI_VV,NONE,UnpublishedOPD
ishkwaakide,ishkwaakidew2,NI,NI_VV,NONE,UnpublishedOPD
ishkwaakindesag,ishkwaakindesagw2,NI,NI_Cw,NONE,UnpublishedOPD
ishkwaakinzheg,ishkwaakinzheg,NI,NI_C,NONE,UnpublishedOPD
izhigan,izhigan,NI,NI_C,NONE,UnpublishedOPD
ikwewichigan,ikwewichigan,NA,NA_C,NONE,UnpublishedOPD
inoo'iganinj,inoo'iganinjy2,NI,NI_Cy,NONE,UnpublishedOPD
ikwezens,ikwezens,NA,NA_C,NONE,https://ojibwe.lib.umn.edu/main-entry/ikwezens-na
inaadiziwin,inaadiziwin,NI,NI_C,NONE,https://ojibwe.lib.umn.edu/main-entry/inaadiziwin-ni
ishpaashiiwinini,ishpaashiiwininiw2,NA,NA_Vw,NONE,UnpublishedOPD
iskigamizigan,iskigamizigan,NI,NI_C,NONE,https://ojibwe.lib.umn.edu/main-entry/iskigamizigan-ni
gwiingwa'aage,gwiingwa'aagew2,NA,NA_VV,NONE,https://ojibwe.lib.umn.edu/main-entry/gwiingwa-aage-na
ishkwaandem,ishkwaandem,NI,NI_C,NONE,https://ojibwe.lib.umn.edu/main-entry/ishkwaandem-ni
gwiingwan,gwiingwan,NA,NA_C,NONE,UnpublishedOPD
iskigamiziganaak,iskigamiziganaakw2,NI,NI_Cw,NONE,https://ojibwe.lib.umn.edu/main-entry/iskigamiziganaak-ni
ishkwaandem-abanzh,ishkwaandem-abanzhy2,NI,NI_Cy,NONE,UnpublishedOPD
iskigamiziganaatig,iskigamiziganaatigw2,NI,NI_Cw,NONE,https://ojibwe.lib.umn.edu/main-entry/iskigamiziganaatig-ni
ishkwaandemaabik,ishkwaandemaabikw2,NI,NI_Cw,NONE,https://ojibwe.lib.umn.edu/main-entry/ishkwaandemaabik-ni
imbikoganaan,imbikoganaan,NID,NID_C,NONE,UnpublishedOPD
gwiingwiishiishib,gwiingwiishiishib,NA,NA_C,NONE,UnpublishedOPD
iskigamizige-giizis,iskigamizige-giizisw2,NA,NA_Cw,NONE,https://ojibwe.lib.umn.edu/main-entry/iskigamizige-giizis-na
iskigamizige-miikana,iskigamizige-miikan,NI,NI_Kana,NONE,UnpublishedOPD
inootaagewinini,inootaagewininiw2,NA,NA_Vw,NONE,UnpublishedOPD
iskigamizige-wiigiwaam,iskigamizige-wiigiwaam,NI,NI_C,NONE,UnpublishedOPD
ishkode,ishkodew2,NI,NI_VV,NONE,https://ojibwe.lib.umn.edu/main-entry/ishkode-ni
iskinaak,iskinaak,NA,NA_C,NONE,UnpublishedOPD
ishkode-bingwi,ishkode-bingwy2,NI,NI_ShortCy,NONE,https://ojibwe.lib.umn.edu/main-entry/ishkode-bingwi-ni
ishkode-bingwiiwaaboo,ishkode-bingwiiwaaboow2,NI,NI_VV,NONE,https://ojibwe.lib.umn.edu/main-entry/ishkode-bingwiiwaaboo-ni
iskweyaab,iskweyaaby2,NI,NI_Cy,NONE,UnpublishedOPD
ishkode-jiimaan,ishkode-jiimaan,NI,NI_C,NONE,https://ojibwe.lib.umn.edu/main-entry/ishkode-jiimaan-ni
ishkode-jiimaanens,ishkode-jiimaanens,NI,NI_C,NONE,UnpublishedOPD
ishkode-makakoons,ishkode-makakoons,NI,NI_C,NONE,https://ojibwe.lib.umn.edu/main-entry/ishkode-makakoons-ni
ishkodekaan,ishkodekaan,NI,NI_C,NONE,https://ojibwe.lib.umn.edu/main-entry/ishkodekaan-ni
iyekwe,iyekwew2,NA,NA_VV,NONE,UnpublishedOPD
ishkodens,ishkodens,NI,NI_C,NONE,https://ojibwe.lib.umn.edu/main-entry/ishkodens-ni
ishkwanjigan,ishkwanjigan,NI,NI_C,NONE,https://ojibwe.lib.umn.edu/main-entry/ishkwanjigan-ni
ininaandag,ininaandagw2,NA,NA_Cw,NONE,https://ojibwe.lib.umn.edu/main-entry/ininaandag-na
ininaatig,ininaatigw2,NA,NA_Cw,NONE,https://ojibwe.lib.umn.edu/main-entry/ininaatig-na
ishkodewaaboo,ishkodewaaboow2,NI,NI_VV,NONE,https://ojibwe.lib.umn.edu/main-entry/ishkodewaaboo-ni
ininaatigo-ziinzibaakwad,ininaatigo-ziinzibaakwadw2,NI,NI_Cw,NONE,https://ojibwe.lib.umn.edu/main-entry/ininaatigo-ziinzibaakwad-ni
ishkodewaaboo-adaawewigamig,ishkodewaaboo-adaawewigamigw2,NI,NI_Cw,NONE,UnpublishedOPD
ishkodewi-biinzikawaagan,ishkodewi-biinzikawaagan,NI,NI_C,NONE,UnpublishedOPD
ishkodewi-wiiwakwaan,ishkodewi-wiiwakwaan,NI,NI_C,NONE,UnpublishedOPD
ishkodewidaabaan,ishkodewidaabaan,NA,NA_C,NONE,https://ojibwe.lib.umn.edu/main-entry/ishkodewidaabaan-na
ishkodewidaabaanikana,ishkodewidaabaanikan,NI,NI_Kana,NONE,https://ojibwe.lib.umn.edu/main-entry/ishkodewidaabaanikana-ni
ishwaasoobii'igan,ishwaasoobii'igan,NA,NA_C,NONE,https://ojibwe.lib.umn.edu/main-entry/ishwaasoobii-igan-na
izhi'on,izhi'on,NI,NI_C,NONE,https://ojibwe.lib.umn.edu/main-entry/izhi-on-ni
gikinoo'amaagoowin,gikinoo'amaagoowin,NI,NI_C,NONE,https://ojibwe.lib.umn.edu/main-entry/gikinoo-amaagoowin-ni
gookooshi-bimide,gookooshi-bimidew2,NI,NI_VV,NONE,https://ojibwe.lib.umn.edu/main-entry/gookooshi-bimide-ni
gikinawaajibii'igan,gikinawaajibii'igan,NI,NI_C,NONE,https://ojibwe.lib.umn.edu/main-entry/gikinawaajibii-igan-ni
giziininaaganewinaagan,giziininaaganewinaagan,NI,NI_C,NONE,https://ojibwe.lib.umn.edu/main-entry/giziininaaganewinaagan-ni
ishkodewaabo,ishkodewaabow2,NI,NI_Vw,NONE,https://ojibwe.lib.umn.edu/main-entry/ishkodewaabo-ni
giziibiiga'iganaabo,giziibiiga'iganaabow2,NI,NI_Vw,NONE,https://ojibwe.lib.umn.edu/main-entry/giziibiiga-iganaabo-ni
giziibiiga'iganaaboo,giziibiiga'iganaaboow2,NI,NI_VV,NONE,https://ojibwe.lib.umn.edu/main-entry/giziibiiga-iganaaboo-ni
gitaakopizowin,gitaakopizowin,NI,NI_C,NONE,https://ojibwe.lib.umn.edu/main-entry/gitaakopizowin-ni
gikinoo'amawaagan,gikinoo'amawaagan,NA,NA_C,NONE,https://ojibwe.lib.umn.edu/main-entry/gikinoo-amawaagan-na
inaajimowin,inaajimowin,NI,NI_C,NONE,UnpublishedOPD
gwiingwiishi,gwiingwiishiw2,NA,NA_Vw,NONE,https://ojibwe.lib.umn.edu/main-entry/gwiingwiishi-na
gikinjinikepizon,gikinjinikepizon,NI,NI_C,NONE,https://ojibwe.lib.umn.edu/main-entry/gikinjinikepizon-ni
ikidowin,ikidowin,NI,NI_C,NONE,https://ojibwe.lib.umn.edu/main-entry/ikidowin-ni
gimiwanaabo,gimiwanaabow2,NI,NI_Vw,NONE,https://ojibwe.lib.umn.edu/main-entry/gimiwanaabo-ni
giziibiiga'igan,giziibiiga'igan,NI,NI_C,NONE,https://ojibwe.lib.umn.edu/main-entry/giziibiiga-igan-ni
ikwe,ikwew2,NA,NA_VVw,NONE,https://ojibwe.lib.umn.edu/main-entry/ikwe-na
indemigom,indemigom,NID,NID_C,NONE,UnpublishedOPD
ishpwaakwa'igan,ishpwaakwa'igan,NI,NI_C,NONE,UnpublishedOPD
jaangaakosachigan,jaangaakosachigan,NI,NI_C,NONE,UnpublishedOPD
jiibaakwewinini,jiibaakwewininiw2,NA,NA_Vw,NONE,https://ojibwe.lib.umn.edu/main-entry/jiibaakwewinini-na
jaangaakosachigani-nagwaagan,jaangaakosachigani-nagwaagan,NI,NI_C,NONE,UnpublishedOPD
jiichiibiskandamoo,jiichiibiskandamoow2,NA,NA_VV,NONE,UnpublishedOPD
izhinikaazowin,izhinikaazowin,NI,NI_C,NONE,https://ojibwe.lib.umn.edu/main-entry/izhinikaazowin-ni
jaangashkochigan,jaangashkochigan,NI,NI_C,NONE,UnpublishedOPD
jiichiigaamikisidoons,jiichiigaamikisidoons,NA,NA_C,NONE,UnpublishedOPD
jiichiigaanaandaweshiinh,jiichiigaanaandaweshiinhy1,NA,NA_VVny,NONE,UnpublishedOPD
jiingwaan,jiingwaan,NI,NI_C,NONE,UnpublishedOPD
jiichiigaandaweshiinh,jiichiigaandaweshiinhy1,NA,NA_VVny,NONE,UnpublishedOPD
jiingwan,jiingwan,NAD,NAD_C,NONE,https://ojibwe.lib.umn.edu/main-entry/jiingwan-nad
jaangiingwe-aagim,jaangiingwe-aagim,NA,NA_C,NONE,UnpublishedOPD
maada'ookiiwin,maada'ookiiwin,NI,NI_C,NONE,https://ojibwe.lib.umn.edu/main-entry/maada-ookiiwin-ni
jiis,jiis,NI,NI_C,NONE,https://ojibwe.lib.umn.edu/main-entry/jiis-ni
jaanzh,jaanzh,NID,NID_C,NONE,https://ojibwe.lib.umn.edu/main-entry/jaanzh-nid
jiibayi-makak,jiibayi-makak,NI,NI_C,NONE,https://ojibwe.lib.umn.edu/main-entry/jiibawi-makak-ni
maada'ookiiwininiikwe,maada'ookiiwininiikwew2,NA,NA_VV,NONE,UnpublishedOPD
jiibay,jiibay,NA,NA_C,NONE,https://ojibwe.lib.umn.edu/main-entry/jiibay-na
jiichiigidikomeshiinh,jiichiigidikomeshiinhy2,NA,NA_Cy,NONE,UnpublishedOPD
jiibayaatig,jiibayaatigw2,NA,NA_Cw,NONE,https://ojibwe.lib.umn.edu/main-entry/jiibayaatig-na
jiisakaan,jiisakaan,NI,NI_C,NONE,https://ojibwe.lib.umn.edu/main-entry/jiisakaan-ni
jiibayasin,jiibayasin,NA,NA_C,NONE,UnpublishedOPD
jiisakiiwinini,jiisakiiwininiw2,NA,NA_Vw,NONE,https://ojibwe.lib.umn.edu/main-entry/jiisakiiwinini-na
jakanaamowin,jakanaamowin,NI,NI_C,NONE,UnpublishedOPD
jiibayigan,jiibayigan,NI,NI_C,NONE,UnpublishedOPD
jiibayishtigwaan,jiibayishtigwaan,NI,NI_C,NONE,UnpublishedOPD
jiibegamig,jiibegamigw2,NI,NI_Cw,NONE,https://ojibwe.lib.umn.edu/main-entry/jiibegamig-ni
jiibegamigoons,jiibegamigoons,NI,NI_C,NONE,UnpublishedOPD
maagwapizon,maagwapizon,NI,NI_C,NONE,https://ojibwe.lib.umn.edu/main-entry/maagwapizon-ni
jiibegob,jiibegoby,NI,NI_C,NONE,UnpublishedOPD
jiichiigom,jiichiigom,NA,NA_C,NONE,https://ojibwe.lib.umn.edu/main-entry/jiichiigom-na
jiishaakwa'igan,jiishaakwa'igan,NI,NI_C,NONE,https://ojibwe.lib.umn.edu/main-entry/jiishaakwa-igan-ni
jiichiigom,jiichiigom,NAD,NAD_C,NONE,UnpublishedOPD
jiishaakwa'iganaatig,jiishaakwa'iganaatigw2,NI,NI_Cw,NONE,UnpublishedOPD
jiibenaakewin,jiibenaakewin,NI,NI_C,NONE,UnpublishedOPD
jiishaakwa'iganigan,jiishaakwa'iganigan,NI,NI_C,NONE,https://ojibwe.lib.umn.edu/main-entry/jiishaakwa-iganigan-ni
maajaa'iwewinini,maajaa'iwewininiw2,NA,NA_Vw,NONE,https://ojibwe.lib.umn.edu/main-entry/maajaa-iwewinini-na
jiibesag,jiibesagw2,NI,NI_Cw,NONE,UnpublishedOPD
jejibizhiki,jejibizhikiw2,NA,NA_Vw,NONE,UnpublishedOPD
jejiibadakii,jejiibadakiiw2,NA,NA_VV,NONE,UnpublishedOPD
jiishaakwa'ige-mookomaan,jiishaakwa'ige-mookomaan,NI,NI_C,NONE,UnpublishedOPD
izhinoo'igan,izhinoo'igan,NI,NI_C,NONE,https://ojibwe.lib.umn.edu/main-entry/izhinoo-igan-ni
jejiibajikii,jejiibajikiiw2,NA,NA_VV,NONE,https://ojibwe.lib.umn.edu/main-entry/jejiibajikii-na
izhinoo'iganininj,izhinoo'iganininjy2,NI,NI_Cy,NONE,https://ojibwe.lib.umn.edu/main-entry/izhinoo-iganininj-ni
izhinoo'iganinj,izhinoo'iganinjy2,NI,NI_Cy,NONE,UnpublishedOPD
jiigiga'igan,jiigiga'igan,NA,NA_C,NONE,UnpublishedOPD
jiibikomaan,jiibikomaan,NI,NI_C,NONE,UnpublishedOPD
jiigiga'igan,jiigiga'igan,NI,NI_C,NONE,UnpublishedOPD
jiishada'igan,jiishada'igan,NI,NI_C,NONE,https://ojibwe.lib.umn.edu/main-entry/jiishada-igan-ni
maakwemod,maakwemod,NA,NA_C,NONE,UnpublishedOPD
maam,maam,NAD,NAD_C,NONE,UnpublishedOPD
maajiishkaachigan,maajiishkaachigan,NI,NI_C,NONE,https://ojibwe.lib.umn.edu/main-entry/maajiishkaachigan-ni
jiibisenh,jiibisenhy1,NA,NA_VVny,NONE,UnpublishedOPD
maamaay,maamaay1,NAD,NAD_VVy,NONE,https://ojibwe.lib.umn.edu/main-entry/maamaay-nad
maamaa,maamaaw2,NAD,NAD_VV,NONE,UnpublishedOPD
jiichiishkinzhe'igan,jiichiishkinzhe'igan,NI,NI_C,NONE,https://ojibwe.lib.umn.edu/main-entry/jiichiishkinzhe-igan-ni
jiichiishkinzhe'iganaak,jiichiishkinzhe'iganaakw2,NI,NI_Cw,NONE,UnpublishedOPD
jiichiishkinzhe'iganaatig,jiichiishkinzhe'iganaatigw2,NI,NI_Cw,NONE,UnpublishedOPD
maamaagonigan,maamaagonigan,NA,NA_C,NONE,https://ojibwe.lib.umn.edu/main-entry/maamaagonigan-na
jiichiishkiwenh,jiichiishkiwenhy1,NA,NA_VVny,NONE,UnpublishedOPD
jiigikojigan,jiigikojigan,NI,NI_C,NONE,UnpublishedOPD
jiidy,jiidy2,NID,NID_Cy,NONE,https://ojibwe.lib.umn.edu/main-entry/jiid-nid
maamaagwegin,maamaagweginw2,NI,NI_Cw,NONE,https://ojibwe.lib.umn.edu/main-entry/maamaagwegin-ni
maanadikosh,maanadikosh,NA,NA_C,NONE,https://ojibwe.lib.umn.edu/main-entry/maanadikosh-na
maamaagweginwe-midaas,maamaagweginwe-midaas,NA,NA_C,NONE,https://ojibwe.lib.umn.edu/main-entry/maamaagweginwe-midaas-na
maanadikoshens,maanadikoshens,NA,NA_C,NONE,https://ojibwe.lib.umn.edu/main-entry/maanadikoshens-na
jiishakamiga'igan,jiishakamiga'igan,NI,NI_C,NONE,https://ojibwe.lib.umn.edu/main-entry/jiishakamiga-igan-ni
jekibii'igan,jekibii'igan,NI,NI_C,NONE,UnpublishedOPD
jiiga'igan,jiiga'igan,NI,NI_C,NONE,UnpublishedOPD
maamaanaan,maamaanaan,NAD,NAD_C,NONE,UnpublishedOPD
maashkinoozhe,maashkinoozhew2,NA,NA_VV,NONE,https://ojibwe.lib.umn.edu/main-entry/maashkinoozhe-na
jeko-mazina'igan,jeko-mazina'igan,NI,NI_C,NONE,https://ojibwe.lib.umn.edu/main-entry/jeko-mazina-igan-ni
jiishkakamiga'igan,jiishkakamiga'igan,NI,NI_C,NONE,UnpublishedOPD
maanameg,maanamegw2,NA,NA_irrCw,NONE,https://ojibwe.lib.umn.edu/main-entry/maanameg-na
jichaagw,jichaagw2,NAD,NAD_Cw,NONE,https://ojibwe.lib.umn.edu/main-entry/jichaag-nad
maanamegosens,maanamegosens,NA,NA_C,NONE,UnpublishedOPD
maanan,maanan,NA,NA_C,NONE,UnpublishedOPD
jiigada'igan,jiigada'igan,NI,NI_C,NONE,https://ojibwe.lib.umn.edu/main-entry/jiigada-igan-ni
madoodason,madoodason,NI,NI_C,NONE,UnpublishedOPD
maananoons,maananoons,NA,NA_C,NONE,https://ojibwe.lib.umn.edu/main-entry/maananoons-na
madoodiswaanaatig,madoodiswaanaatigw2,NI,NI_Cw,NONE,UnpublishedOPD
jiiskinikebizon,jiiskinikebizon,NI,NI_C,NONE,https://ojibwe.lib.umn.edu/main-entry/jiiskinikebizon-ni
jiibegamigoowidaabaan,jiibegamigoowidaabaan,NA,NA_C,NONE,UnpublishedOPD
madoodiswan,madoodiswan,NI,NI_C,NONE,https://ojibwe.lib.umn.edu/main-entry/madoodiswan-ni
madoodiswanaabik,madoodiswanaabikw2,NA,NA_Cw,NONE,UnpublishedOPD
madoodiswanaatig,madoodiswanaatigw2,NI,NI_Cw,NONE,UnpublishedOPD
maanashigan,maanashigan,NA,NA_C,NONE,https://ojibwe.lib.umn.edu/main-entry/maanashigan-na
izhitwaabii'igan,izhitwaabii'igan,NI,NI_C,NONE,UnpublishedOPD
maawandoogwaajigan,maawandoogwaajigan,NI,NI_C,NONE,UnpublishedOPD
izhitwaawin,izhitwaawin,NI,NI_C,NONE,https://ojibwe.lib.umn.edu/main-entry/izhitwaawin-ni
jiibaakwaaganaak,jiibaakwaaganaakw2,NI,NI_Cw,NONE,UnpublishedOPD
jiitad,jiitad,NID,NID_C,NONE,https://ojibwe.lib.umn.edu/main-entry/jiitad-nid
madoodoowasin,madoodoowasiny2,NA,NA_Cy,NONE,https://ojibwe.lib.umn.edu/main-entry/madoodoowasin-na
maawandoogwaason,maawandoogwaason,NI,NI_C,NONE,https://ojibwe.lib.umn.edu/main-entry/maawandoogwaason-ni
madoodoowigamig,madoodoowigamigw2,NI,NI_Cw,NONE,UnpublishedOPD
jiwaam,jiwaam,NAD,NAD_C,NONE,UnpublishedOPD
madoodoowinini,madoodoowininiw2,NA,NA_Vw,NONE,https://ojibwe.lib.umn.edu/main-entry/madoodoowinini-na
jiibaakwaanaak,jiibaakwaanaakw2,NI,NI_Cw,NONE,UnpublishedOPD
jiibaakwaanaatig,jiibaakwaanaatigw2,NI,NI_Cw,NONE,UnpublishedOPD
maawandoogwaasonikaan,maawandoogwaasonikaan,NI,NI_C,NONE,https://ojibwe.lib.umn.edu/main-entry/maawandoogwaasonikaan-ni
makadewigwan,makadewigwan,NA,NA_C,NONE,https://ojibwe.lib.umn.edu/main-entry/makadewigwan-na
jiigawezhigan,jiigawezhigan,NI,NI_C,NONE,UnpublishedOPD
kaad,kaad,NID,NID_C,NONE,https://ojibwe.lib.umn.edu/main-entry/kaad-nid
maanataan,maanataan,NA,NA_C,NONE,https://ojibwe.lib.umn.edu/main-entry/maanataan-na
jiikendamowin,jiikendamowin,NI,NI_C,NONE,UnpublishedOPD
kaakigan,kaakigan,NID,NID_C,NONE,https://ojibwe.lib.umn.edu/main-entry/kaakigan-nid
maanataanish,maanataanish,NA,NA_C,NONE,https://ojibwe.lib.umn.edu/main-entry/maanataanish-na
makade,makadew2,NI,NI_VV,NONE,https://ojibwe.lib.umn.edu/main-entry/makade-ni
kakwan,kakwan,NID,NID_C,NONE,https://ojibwe.lib.umn.edu/main-entry/kakwan-nid
jiibwiingwekizan,jiibwiingwekizan,NI,NI_C,NONE,UnpublishedOPD
kan,kan,NID,NID_C,NONE,https://ojibwe.lib.umn.edu/main-entry/kan-nid
maanazaadi,maanazaadiw2,NA,NA_Vw,NONE,https://ojibwe.lib.umn.edu/main-entry/maanazaadi-na
makade-aniibiish,makade-aniibiish,NI,NI_C,NONE,https://ojibwe.lib.umn.edu/main-entry/makade-aniibiish-ni
katigw,katigw2,NID,NID_Cw,NONE,https://ojibwe.lib.umn.edu/main-entry/katigw-nid
kidin,kidin,NAD,NAD_C,NONE,https://ojibwe.lib.umn.edu/main-entry/kidin-nad
makade-bakwezhigan,makade-bakwezhigan,NA,NA_C,NONE,https://ojibwe.lib.umn.edu/main-entry/makade-bakwezhigan-na
makadewikonayekwe,makadewikonayekwew2,NA,NA_VV,NONE,https://ojibwe.lib.umn.edu/main-entry/makadewikonayekwe-na
maanazaadii,maanazaadiiw2,NA,NA_VV,NONE,UnpublishedOPD
makade-bigiw,makade-bigiw,NA,NA_C,NONE,https://ojibwe.lib.umn.edu/main-entry/makade-bigiw-na
makadewikonayewinini,makadewikonayewininiw2,NA,NA_Vw,NONE,UnpublishedOPD
jiibaakwe-gizhaabikizigan,jiibaakwe-gizhaabikizigan,NI,NI_C,NONE,https://ojibwe.lib.umn.edu/main-entry/jiibaakwe-gizhaabikizigan-ni
makade-bizhiw,makade-bizhiw,NA,NA_C,NONE,UnpublishedOPD
kon,kon,NID,NID_C,NONE,https://ojibwe.lib.umn.edu/main-entry/kon-nid
makade-ininishib,makade-ininishib,NA,NA_C,NONE,UnpublishedOPD
jiibaakwewakik,jiibaakwewakikw2,NA,NA_Cw,NONE,https://ojibwe.lib.umn.edu/main-entry/jiibaakwewakik-na
konaas,konaas,NID,NID_C,NONE,https://ojibwe.lib.umn.edu/main-entry/konaas-nid
makadewikwonayewinini,makadewikwonayewininiw2,NA,NA_Vw,NONE,UnpublishedOPD
makade-makwa,makade-makw2,NA,NA_ShortCw,NONE,UnpublishedOPD
makade-manidoominens,makade-manidoominens,NA,NA_C,NONE,https://ojibwe.lib.umn.edu/main-entry/makade-manidoominens-na
maazhimaagwegin,maazhimaagweginw2,NI,NI_Cw,NONE,UnpublishedOPD
kwegan,kwegan,NID,NID_aa,NONE,https://ojibwe.lib.umn.edu/main-entry/kwegan-nid
jiibaakwewigamig,jiibaakwewigamigw2,NI,NI_Cw,NONE,https://ojibwe.lib.umn.edu/main-entry/jiibaakwewigamig-ni
makade-manoomin,makade-manoomin,NI,NI_C,NONE,https://ojibwe.lib.umn.edu/main-entry/makade-manoomin-ni
maazhimaagwegino-giboodiyegwaazon,maazhimaagwegino-giboodiyegwaazon,NA,NA_C,NONE,UnpublishedOPD
makade-mashkikiwaabo,makade-mashkikiwaabow2,NI,NI_Vw,NONE,https://ojibwe.lib.umn.edu/main-entry/makade-mashkikiwaabo-ni
ma'iingan,ma'iingan,NA,NA_C,NONE,https://ojibwe.lib.umn.edu/main-entry/ma-iingan-na
jiibaakwewikwe,jiibaakwewikwew2,NA,NA_VV,NONE,https://ojibwe.lib.umn.edu/main-entry/jiibaakwewikwe-na
makade-mashkikiwaaboo,makade-mashkikiwaaboow2,NI,NI_VV,NONE,https://ojibwe.lib.umn.edu/main-entry/makade-mashkikiwaaboo-ni
ma'iinganasim,ma'iinganasimw2,NA,NA_Cw,NONE,https://ojibwe.lib.umn.edu/main-entry/ma-iinganasim-na
makade-mazina'igan,makade-mazina'igan,NI,NI_C,NONE,UnpublishedOPD
makade-miigwan,makade-miigwan,NA,NA_C,NONE,https://ojibwe.lib.umn.edu/main-entry/makade-miigwan-na
ma'iinganasimoons,ma'iinganasimoons,NA,NA_C,NONE,UnpublishedOPD
makade-miskominagaawanzh,makade-miskominagaawanzhy2,NI,NI_Cy,NONE,UnpublishedOPD
ma'iinganens,ma'iinganens,NA,NA_C,NONE,UnpublishedOPD
makadewininishib,makadewininishib,NA,NA_C,NONE,UnpublishedOPD
ma'iingani-nagwaagan,ma'iingani-nagwaagan,NI,NI_C,NONE,https://ojibwe.lib.umn.edu/main-entry/ma-iingani-nagwaagan-ni
maang,maangw2,NA,NA_Cw,NONE,https://ojibwe.lib.umn.edu/main-entry/maang-na
maang,maangw2,NA,NA_irrCw,NONE,https://ojibwe.lib.umn.edu/main-entry/maang-na
maanaadiz,maanaadiz,NA,NA_C,NONE,UnpublishedOPD
jiima'aaganasab,jiima'aaganasaby2,NA,NA_Cy,NONE,UnpublishedOPD
maajiibii'igan,maajiibii'igan,NI,NI_C,NONE,https://ojibwe.lib.umn.edu/main-entry/maajiibii-igan-ni
ma'iingani-nagwaaganeyaab,ma'iingani-nagwaaganeyaaby2,NI,NI_Cy,NONE,https://ojibwe.lib.umn.edu/main-entry/ma-iingani-nagwaaganeyaab-ni
ma'iinganiwayaan,ma'iinganiwayaan,NA,NA_C,NONE,https://ojibwe.lib.umn.edu/main-entry/ma-iinganiwayaan-na
makade-waagosh,makade-waagosh,NA,NA_C,NONE,https://ojibwe.lib.umn.edu/main-entry/makade-waagosh-na
maango-giizis,maango-giizisw2,NA,NA_Cw,NONE,https://ojibwe.lib.umn.edu/main-entry/maango-giizis-na
jiimaan,jiimaan,NI,NI_C,NONE,https://ojibwe.lib.umn.edu/main-entry/jiimaan-ni
maajiibii'ige-mashkimodens,maajiibii'ige-mashkimodens,NI,NI_C,NONE,https://ojibwe.lib.umn.edu/main-entry/maajiibii-ige-mashkimodens-ni
maangogwan,maangogwan,NA,NA_C,NONE,https://ojibwe.lib.umn.edu/main-entry/maangogwan-na
makadewiiyaas,makadewiiyaas,NA,NA_C,NONE,https://ojibwe.lib.umn.edu/main-entry/makadewiiyaas-na
makadewiiyaasikwe,makadewiiyaasikwew2,NA,NA_VV,NONE,https://ojibwe.lib.umn.edu/main-entry/makadewiiyaasikwe-na
maa'ishkamowin,maa'ishkamowin,NI,NI_C,NONE,UnpublishedOPD
makadekaan,makadekaan,NI,NI_C,NONE,UnpublishedOPD
jiimaaniigin,jiimaaniiginw2,NI,NI_Cw,NONE,https://ojibwe.lib.umn.edu/main-entry/jiimaaniigin-ni
maajiibizonikewinini,maajiibizonikewininiw2,NA,NA_Vw,NONE,UnpublishedOPD
jiimaanishig,jiimaanishig,NI,NI_C,NONE,UnpublishedOPD
magoodaas,magoodaas,NI,NI_C,NONE,https://ojibwe.lib.umn.edu/main-entry/magoodaas-ni
jiimaanizhig,jiimaanizhig,NI,NI_C,NONE,UnpublishedOPD
jiindiisi,jiindiisiw2,NA,NA_Vw,NONE,UnpublishedOPD
magooday,magooday,NI,NI_C,NONE,UnpublishedOPD
manidoo-biiwaabik,manidoo-biiwaabikw2,NI,NI_Cw,NONE,https://ojibwe.lib.umn.edu/main-entry/manidoo-biiwaabik-ni
makademashkikiwaaboo,makademashkikiwaaboow2,NI,NI_VV,NONE,https://ojibwe.lib.umn.edu/main-entry/makademashkikiwaaboo-ni
manidoo-bineshiinh,manidoo-bineshiinhy1,NA,NA_VVny,NONE,UnpublishedOPD
manidoo-dewe'igan,manidoo-dewe'igan,NA,NA_C,NONE,https://ojibwe.lib.umn.edu/main-entry/manidoo-dewe-igan-na
makademinens,makademinens,NA,NA_C,NONE,UnpublishedOPD
makadeshib,makadeshib,NA,NA_C,NONE,UnpublishedOPD
manidoo-giizis,manidoo-giizisw2,NA,NA_Cw,NONE,https://ojibwe.lib.umn.edu/main-entry/manidoo-giizis-na
magoshe-giizhigadowi-giizis,magoshe-giizhigadowi-giizisw2,NA,NA_Cw,NONE,UnpublishedOPD
manidoo-giizisoons,manidoo-giizisoons,NA,NA_C,NONE,https://ojibwe.lib.umn.edu/main-entry/manidoo-giizisoons-na
makak,makakw2,NI,NI_Cw,NONE,https://ojibwe.lib.umn.edu/main-entry/makak-ni
manidoo-makwa,manidoo-makw2,NA,NA_ShortCw,NONE,UnpublishedOPD
magoshewi-giizis,magoshewi-giizisw2,NA,NA_Cw,NONE,UnpublishedOPD
manidoo-nagamon,manidoo-nagamon,NI,NI_C,NONE,https://ojibwe.lib.umn.edu/main-entry/manidoo-nagamon-ni
magozhe-giizhigani-giizis,magozhe-giizhigani-giizisw2,NA,NA_Cw,NONE,UnpublishedOPD
maada'igan,maada'igan,NI,NI_C,NONE,https://ojibwe.lib.umn.edu/main-entry/maada-igan-ni
makakoons,makakoons,NI,NI_C,NONE,https://ojibwe.lib.umn.edu/main-entry/makakoons-ni
manidoo-okaadaakoons,manidoo-okaadaakoons,NA,NA_C,NONE,UnpublishedOPD
makakosag,makakosagw2,NI,NI_Cw,NONE,https://ojibwe.lib.umn.edu/main-entry/makakosag-ni
manidoo-waabooz,manidoo-waaboozw2,NA,NA_Cw,NONE,https://ojibwe.lib.umn.edu/main-entry/manidoo-waabooz-na
mamakiziwin,mamakiziwin,NI,NI_C,NONE,https://ojibwe.lib.umn.edu/main-entry/mamakiziwin-ni
makakosagodaabaan,makakosagodaabaan,NI,NI_C,NONE,https://ojibwe.lib.umn.edu/main-entry/makakosagodaabaan-ni
maazhamegosens,maazhamegosens,NA,NA_C,NONE,UnpublishedOPD
ja'iins,ja'iins,NA,NA_C,NONE,UnpublishedOPD
makakosagoons,makakosagoons,NI,NI_C,NONE,UnpublishedOPD
mamaanitigoshi,mamaanitigoshiw2,NA,NA_Vw,NONE,UnpublishedOPD
makakoshkwemag,makakoshkwemagw2,NI,NI_Cw,NONE,https://ojibwe.lib.umn.edu/main-entry/makakoshkwemag-ni
manidoomin,manidoomin,NI,NI_C,NONE,UnpublishedOPD
manidoominens,manidoominens,NA,NA_C,NONE,https://ojibwe.lib.umn.edu/main-entry/manidoominens-na
mashkode-bizhiki,mashkode-bizhikiw2,NA,NA_Vw,NONE,https://ojibwe.lib.umn.edu/main-entry/mashkode-bizhiki-na
manidoominensi-basikwebizon,manidoominensi-basikwebizon,NI,NI_C,NONE,UnpublishedOPD
maanishtaanish,maanishtaanish,NA,NA_C,NONE,https://ojibwe.lib.umn.edu/main-entry/maanishtaanish-na
makadewaabik,makadewaabikw2,NI,NI_Cw,NONE,UnpublishedOPD
manidoominensi-biinsikawaagan,manidoominensi-biinsikawaagan,NI,NI_C,NONE,UnpublishedOPD
mashkode-bizhiki-wiiyaas,mashkode-bizhiki-wiiyaas,NI,NI_C,NONE,https://ojibwe.lib.umn.edu/main-entry/mashkode-bizhiki-wiiyaas-ni
jaachaamozigan,jaachaamozigan,NI,NI_C,NONE,UnpublishedOPD
maanishtaanishi-animosh,maanishtaanishi-animosh,NA,NA_C,NONE,UnpublishedOPD
manidoominensi-makizin,manidoominensi-makizin,NI,NI_C,NONE,UnpublishedOPD
maanishtaanishi-wiiyaas,maanishtaanishi-wiiyaas,NI,NI_C,NONE,https://ojibwe.lib.umn.edu/main-entry/maanishtaanishi-wiiyaas-ni
makandwewikwe,makandwewikwew2,NA,NA_VV,NONE,UnpublishedOPD
mashkodese,mashkodesew2,NA,NA_VV,NONE,https://ojibwe.lib.umn.edu/main-entry/mashkodese-na
manidoominensi-minjikaawan,manidoominensi-minjikaawan,NA,NA_C,NONE,https://ojibwe.lib.umn.edu/main-entry/manidoominensi-minjikaawan-na
makandwewinini,makandwewininiw2,NA,NA_Vw,NONE,UnpublishedOPD
mashkawaakwaji-gashkiiginige-mazina'igan,mashkawaakwaji-gashkiiginige-mazina'igan,NI,NI_C,NONE,https://ojibwe.lib.umn.edu/main-entry/mashkawaakwaji-gashkiiginige-mazina-igan-ni
mayaganishinaabe,mayaganishinaabew2,NA,NA_VV,NONE,https://ojibwe.lib.umn.edu/main-entry/mayaganishinaabe-na
maanishtaanishibiiway,maanishtaanishibiiway,NA,NA_C,NONE,UnpublishedOPD
manidoominensi-naabikawaagan,manidoominensi-naabikawaagan,NI,NI_C,NONE,UnpublishedOPD
maanishtaanishibiiwayaan,maanishtaanishibiiwayaan,NI,NI_C,NONE,UnpublishedOPD
mashkodese-nagwaagan,mashkodese-nagwaagan,NI,NI_C,NONE,https://ojibwe.lib.umn.edu/main-entry/mashkodese-nagwaagan-ni
manidoominensi-zhaabonigan,manidoominensi-zhaabonigan,NI,NI_C,NONE,UnpublishedOPD
maanishtaanishiiwinini,maanishtaanishiiwininiw2,NA,NA_Vw,NONE,https://ojibwe.lib.umn.edu/main-entry/maanishtaanishiiwinini-na
mashkodesi,mashkodesiw2,NA,NA_Vw,NONE,UnpublishedOPD
makadewaagamishkiinzhigwaan,makadewaagamishkiinzhigwaan,NI,NI_C,NONE,UnpublishedOPD
maanishtaanishiwayaan,maanishtaanishiwayaan,NI,NI_C,NONE,https://ojibwe.lib.umn.edu/main-entry/maanishtaanishiwayaan-ni
mashkodesimin,mashkodesimin,NA,NA_C,NONE,https://ojibwe.lib.umn.edu/main-entry/mashkodesimin-na
makizin-adaawewigamig,makizin-adaawewigamigw2,NI,NI_Cw,NONE,UnpublishedOPD
manidoominensikaan,manidoominensikaan,NA,NA_C,NONE,https://ojibwe.lib.umn.edu/main-entry/manidoominensikaan-na
mazina'iganiiwinini,mazina'iganiiwininiw2,NA,NA_Vw,NONE,https://ojibwe.lib.umn.edu/main-entry/mazina-iganiiwinini-na
maanistaanishiiwigamig,maanistaanishiiwigamigw2,NI,NI_Cw,NONE,UnpublishedOPD
mashkawaakwajijigan,mashkawaakwajijigan,NI,NI_C,NONE,https://ojibwe.lib.umn.edu/main-entry/mashkawaakwajijigan-ni
mashkodesiminaaboo,mashkodesiminaaboow2,NI,NI_VV,NONE,https://ojibwe.lib.umn.edu/main-entry/mashkodesiminaaboo-ni
mazina'ige-mazina'igaans,mazina'ige-mazina'igaans,NI,NI_C,NONE,UnpublishedOPD
manidoominensike-zhaabonigan,manidoominensike-zhaabonigan,NI,NI_C,NONE,UnpublishedOPD
makizinataadiwin,makizinataadiwin,NI,NI_C,NONE,https://ojibwe.lib.umn.edu/main-entry/makizinataadiwin-ni
maji-aniibiish,maji-aniibiish,NI,NI_C,NONE,UnpublishedOPD
maji-aya'aa,maji-aya'aaw2,NA,NA_VV,NONE,UnpublishedOPD
mashkodewidaabaan,mashkodewidaabaan,NA,NA_C,NONE,UnpublishedOPD
mazina'igewinini,mazina'igewininiw2,NA,NA_Vw,NONE,UnpublishedOPD
maji-aya'aawish,maji-aya'aawish,NA,NA_C,NONE,UnpublishedOPD
mashkodiisimin,mashkodiisimin,NA,NA_C,NONE,https://ojibwe.lib.umn.edu/main-entry/mashkodiisimin-na
maanitaan,maanitaan,NA,NA_C,NONE,UnpublishedOPD
makadewaamoo,makadewaamoow2,NA,NA_VV,NONE,UnpublishedOPD
maanitaanish,maanitaanish,NA,NA_C,NONE,UnpublishedOPD
mashkoozowaanow,mashkoozowaanow,NI,NI_C,NONE,UnpublishedOPD
makizinataage-dewe'igan,makizinataage-dewe'igan,NI,NI_C,NONE,UnpublishedOPD
mashkose,mashkosew2,NA,NA_VV,NONE,UnpublishedOPD
makizinataage-nagamon,makizinataage-nagamon,NI,NI_C,NONE,https://ojibwe.lib.umn.edu/main-entry/makizinataage-nagamon-ni
mayagi-anishinaabe,mayagi-anishinaabew2,NA,NA_VV,NONE,https://ojibwe.lib.umn.edu/main-entry/mayagi-anishinaabe-na
manidoosh,manidoosh,NA,NA_C,NONE,https://ojibwe.lib.umn.edu/main-entry/manidoosh-na
mashkosii-biiwaabikoons,mashkosii-biiwaabikoons,NI,NI_C,NONE,UnpublishedOPD
mazinaabidoo'igan,mazinaabidoo'igan,NI,NI_C,NONE,https://ojibwe.lib.umn.edu/main-entry/mazinaabidoo-igan-ni
mazinibii'igewinini,mazinibii'igewininiw2,NA,NA_Vw,NONE,https://ojibwe.lib.umn.edu/main-entry/mazinibii-igewinini-na
makizinataagewin,makizinataagewin,NI,NI_C,NONE,https://ojibwe.lib.umn.edu/main-entry/makizinataagewin-ni
mazinaabidoo'iganaak,mazinaabidoo'iganaakw2,NI,NI_Cw,NONE,UnpublishedOPD
mashkosii-mashka'oosi,mashkosii-mashka'oosiw2,NA,NA_Vw,NONE,UnpublishedOPD
manidoowaabik,manidoowaabikw2,NI,NI_Cw,NONE,https://ojibwe.lib.umn.edu/main-entry/manidoowaabik-ni
makizineyaab,makizineyaaby2,NI,NI_Cy,NONE,https://ojibwe.lib.umn.edu/main-entry/makizineyaab-ni
mazinaabidoo'iganaatig,mazinaabidoo'iganaatigw2,NI,NI_Cw,NONE,https://ojibwe.lib.umn.edu/main-entry/mazinaabidoo-iganaatig-ni
mashkosii-nibewin,mashkosii-nibewin,NI,NI_C,NONE,https://ojibwe.lib.umn.edu/main-entry/mashkosii-nibewin-ni
maji-gegoo,maji-gegoow2,NI,NI_VV,NONE,UnpublishedOPD
maakinigan,maakinigan,NA,NA_C,NONE,UnpublishedOPD
mayagi-bine,mayagi-binew2,NA,NA_VV,NONE,https://ojibwe.lib.umn.edu/main-entry/mayagi-bine-na
mayagi-bine,mayagi-binew2,NA,NA_VVw,NONE,https://ojibwe.lib.umn.edu/main-entry/mayagi-bine-na
mashkosiigaan,mashkosiigaan,NI,NI_C,NONE,https://ojibwe.lib.umn.edu/main-entry/mashkosiigaan-ni
maji-ikwewish,maji-ikwewish,NA,NA_C,NONE,UnpublishedOPD
makizini-adaawewigamig,makizini-adaawewigamigw2,NI,NI_Cw,NONE,UnpublishedOPD
maagoodoodooshimebizon,maagoodoodooshimebizon,NI,NI_C,NONE,UnpublishedOPD
mayagi-waaboozoons,mayagi-waaboozoons,NA,NA_C,NONE,UnpublishedOPD
maanadik,maanadikw2,NA,NA_irrCw,NONE,https://ojibwe.lib.umn.edu/main-entry/maanadik-na
mazinichigaans,mazinichigaans,NA,NA_C,NONE,UnpublishedOPD
makizini-zhizhoobii'igan,makizini-zhizhoobii'igan,NI,NI_C,NONE,UnpublishedOPD
manidoowegin,manidooweginw2,NI,NI_Cw,NONE,https://ojibwe.lib.umn.edu/main-entry/manidoowegin-ni
mazinaabidoo'ige-zhaabonigan,mazinaabidoo'ige-zhaabonigan,NI,NI_C,NONE,UnpublishedOPD
mamaanadikoshens,mamaanadikoshens,NA,NA_C,NONE,UnpublishedOPD
makiziniigin,makiziniiginw2,NI,NI_Cw,NONE,UnpublishedOPD
makizinikaan,makizinikaan,NI,NI_C,NONE,https://ojibwe.lib.umn.edu/main-entry/makizinikaan-ni
mazinichigan,mazinichigan,NA,NA_C,NONE,https://ojibwe.lib.umn.edu/main-entry/mazinichigan-na
mashkosiins,mashkosiins,NI,NI_C,NONE,UnpublishedOPD
maji-inini,maji-ininiw2,NA,NA_Vw,NONE,UnpublishedOPD
manidoowenzhish,manidoowenzhish,NA,NA_C,NONE,https://ojibwe.lib.umn.edu/main-entry/manidoowenzhish-na
mamaandaagochigan,mamaandaagochigan,NI,NI_C,NONE,UnpublishedOPD
maji-ininiwish,maji-ininiwish,NA,NA_C,NONE,UnpublishedOPD
mazinaabii'igan,mazinaabii'igan,NI,NI_C,NONE,UnpublishedOPD
makizinikewigamig,makizinikewigamigw2,NI,NI_Cw,NONE,UnpublishedOPD
manidoowi-giizhishoonzhish,manidoowi-giizhishoonzhish,NA,NA_C,NONE,UnpublishedOPD
makizinikewinini,makizinikewininiw2,NA,NA_Vw,NONE,UnpublishedOPD
manidoowi-giizis,manidoowi-giizisw2,NA,NA_Cw,NONE,UnpublishedOPD
mazinaabika'igan,mazinaabika'igan,NI,NI_C,NONE,UnpublishedOPD
mashkosiw,mashkosiw,NI,NI_C,NONE,https://ojibwe.lib.umn.edu/main-entry/mashkosiw-ni
maazhichigewin,maazhichigewin,NI,NI_C,NONE,UnpublishedOPD
mako-bagesaan,mako-bagesaan,NA,NA_C,NONE,UnpublishedOPD
mayagikwe,mayagikwew2,NA,NA_VV,NONE,UnpublishedOPD
mashkawaatig,mashkawaatigw2,NI,NI_Cw,NONE,UnpublishedOPD
manidoowidaabaan,manidoowidaabaan,NA,NA_C,NONE,UnpublishedOPD
mako-bimide,mako-bimidew2,NI,NI_VV,NONE,https://ojibwe.lib.umn.edu/main-entry/mako-bimide-ni
mamaandaagochigewin,mamaandaagochigewin,NI,NI_C,NONE,https://ojibwe.lib.umn.edu/main-entry/mamaandaagochigewin-ni
maji-manidoo,maji-manidoow2,NA,NA_VV,NONE,https://ojibwe.lib.umn.edu/main-entry/maji-manidoo-na
manijoosh,manijoosh,NA,NA_C,NONE,https://ojibwe.lib.umn.edu/main-entry/manijoosh-na
mazinaabikinigan,mazinaabikinigan,NI,NI_C,NONE,https://ojibwe.lib.umn.edu/main-entry/mazinaabikinigan-nq
mamaandaagochigewinini,mamaandaagochigewininiw2,NA,NA_Vw,NONE,UnpublishedOPD
mashkosiwan,mashkosiw,NI,NI_C,NONE,UnpublishedOPD
mako-miikana,mako-miikan,NI,NI_Kana,NONE,https://ojibwe.lib.umn.edu/main-entry/mako-miikana-ni
mashkoziisiimin,mashkoziisiimin,NA,NA_C,NONE,UnpublishedOPD
mako-wiibid,mako-wiibid,NI,NI_C,NONE,UnpublishedOPD
mashwe,mashwew2,NA,NA_VV,NONE,https://ojibwe.lib.umn.edu/main-entry/mashwe-na
mamaandaawichigan,mamaandaawichigan,NI,NI_C,NONE,UnpublishedOPD
mako-wiinin,mako-wiinin,NI,NI_C,NONE,https://ojibwe.lib.umn.edu/main-entry/mako-wiinin-ni
mazinigwaason,mazinigwaason,NI,NI_C,NONE,UnpublishedOPD
mako-wiiyaas,mako-wiiyaas,NI,NI_C,NONE,https://ojibwe.lib.umn.edu/main-entry/mako-wiiyaas-ni
maji-wemitigoozhi,maji-wemitigoozhiw2,NA,NA_Vw,NONE,UnpublishedOPD
mazinigwaasoo-asabaabisens,mazinigwaasoo-asabaabisens,NI,NI_C,NONE,UnpublishedOPD
mashwens,mashwens,NA,NA_C,NONE,https://ojibwe.lib.umn.edu/main-entry/mashwens-na
mashkawaji-bimide,mashkawaji-bimidew2,NI,NI_VV,NONE,https://ojibwe.lib.umn.edu/main-entry/mashkawaji-bimide-ni
mamaandawichigewin,mamaandawichigewin,NI,NI_C,NONE,UnpublishedOPD
maji'ikiwis,maji'ikiwis,NA,NA_C,NONE,UnpublishedOPD
mako-zaasiganag,mako-zaasigan,NA,NA_C,NONE,https://ojibwe.lib.umn.edu/main-entry/mako-zaasiganag-na
mazinigwaasowin,mazinigwaasowin,NI,NI_C,NONE,https://ojibwe.lib.umn.edu/main-entry/mazinigwaasowin-ni
mazinaabikiweba'igan,mazinaabikiweba'igan,NI,NI_C,NONE,UnpublishedOPD
mamigosaga'igan,mamigosaga'igan,NI,NI_C,NONE,https://ojibwe.lib.umn.edu/main-entry/mamigosaga-igan-ni
maji'ikwe,maji'ikwew2,NA,NA_VV,NONE,UnpublishedOPD
mashkawiziiwin,mashkawiziiwin,NI,NI_C,NONE,https://ojibwe.lib.umn.edu/main-entry/mashkawiziiwin-ni
manisaan,manisaan,NI,NI_C,NONE,https://ojibwe.lib.umn.edu/main-entry/manisaan-ni
maskinoozhe,maskinoozhew2,NA,NA_VV,NONE,UnpublishedOPD
makoganzh,makoganzhy2,NA,NA_Cy,NONE,https://ojibwe.lib.umn.edu/main-entry/makoganzh-na
manaanadikoshens,manaanadikoshens,NA,NA_C,NONE,UnpublishedOPD
meshkwadoonigewigamig,meshkwadoonigewigamigw2,NI,NI_Cw,NONE,UnpublishedOPD
mazinaabikiwebinigan,mazinaabikiwebinigan,NI,NI_C,NONE,https://ojibwe.lib.umn.edu/main-entry/mazinaabikiwebinigan-ni
madwesijigan,madwesijigan,NI,NI_C,NONE,UnpublishedOPD
mashkiig,mashkiigw2,NI,NI_Cw,NONE,https://ojibwe.lib.umn.edu/main-entry/mashkiig-ni
mayaginini,mayagininiw2,NA,NA_Vw,NONE,UnpublishedOPD
makomin,makomin,NI,NI_C,NONE,UnpublishedOPD
mamigwaakosijigan,mamigwaakosijigan,NI,NI_C,NONE,https://ojibwe.lib.umn.edu/main-entry/mamigwaakosijigan-ni
mashkiigi-zaaga'igan,mashkiigi-zaaga'igan,NI,NI_C,NONE,UnpublishedOPD
makominaatig,makominaatigw2,NA,NA_Cw,NONE,UnpublishedOPD
makadewamik,makadewamikw2,NA,NA_irrCw,NONE,https://ojibwe.lib.umn.edu/main-entry/makadewamik-na
mazinaada'ewin,mazinaada'ewin,NI,NI_C,NONE,UnpublishedOPD
mashkiigibag,mashkiigibagw2,NI,NI_Cw,NONE,UnpublishedOPD
makominagaawanzh,makominagaawanzhy2,NA,NA_Cy,NONE,https://ojibwe.lib.umn.edu/main-entry/makominagaawanzh-na
mashkiigimin,mashkiigimin,NI,NI_C,NONE,https://ojibwe.lib.umn.edu/main-entry/mashkiigimin-ni
majigikwesh,majigikwesh,NA,NA_C,NONE,UnpublishedOPD
majigikwewis,majigikwewis,NA,NA_C,NONE,UnpublishedOPD
mandaamin,mandaamin,NA,NA_C,NONE,https://ojibwe.lib.umn.edu/main-entry/mandaamin-na
makominaganzh,makominaganzhy2,NA,NA_Cy,NONE,UnpublishedOPD
manitaanishensi-wiiyaas,manitaanishensi-wiiyaas,NI,NI_C,NONE,UnpublishedOPD
makominzh,makominzhy2,NA,NA_Cy,NONE,UnpublishedOPD
mashkiigiminagaawanzh,mashkiigiminagaawanzhy2,NI,NI_Cy,NONE,https://ojibwe.lib.umn.edu/main-entry/mashkiigiminagaawanzh-ni
makadewanagizid,makadewanagizid,NA,NA_C,NONE,UnpublishedOPD
mazinaagwanaginigan,mazinaagwanaginigan,NI,NI_C,NONE,UnpublishedOPD
makonagizh,makonagizhy2,NI,NI_Cy,NONE,UnpublishedOPD
makadewanasad,makadewanasad,NA,NA_C,NONE,UnpublishedOPD
mandaaminaaboo,mandaaminaaboow2,NI,NI_VV,NONE,https://ojibwe.lib.umn.edu/main-entry/mandaaminaaboo-ni
mashkiigimini-baashkiminasigan,mashkiigimini-baashkiminasigan,NI,NI_C,NONE,https://ojibwe.lib.umn.edu/main-entry/mashkiigimini-baashkiminasigan-ni
majigoodenh,majigoodeny1,NI,NI_VVny,NONE,https://ojibwe.lib.umn.edu/main-entry/majigoodenh-ni
mekadewikonaye,mekadewikonayew2,NA,NA_VV,NONE,https://ojibwe.lib.umn.edu/main-entry/mekadewikonaye-na
makadewasabaab,makadewasabaaby,NI,NI_C,NONE,UnpublishedOPD
makoninj,makoninjy2,NI,NI_Cy,NONE,https://ojibwe.lib.umn.edu/main-entry/makoninj-ni
majigoodeyiigin,majigoodeyiiginw2,NI,NI_Cw,NONE,UnpublishedOPD
mashkiigish,mashkiigish,NI,NI_C,NONE,UnpublishedOPD
makadewasim,makadewasimw2,NA,NA_Cw,NONE,UnpublishedOPD
makoons,makoons,NA,NA_C,NONE,https://ojibwe.lib.umn.edu/main-entry/makoons-na
mashkiigobag,mashkiigobagw2,NI,NI_Cw,NONE,https://ojibwe.lib.umn.edu/main-entry/mashkiigobag-ni
makadewasin,makadewasiny1,NA,NA_VVny,NONE,UnpublishedOPD
makadewatisigan,makadewatisigan,NI,NI_C,NONE,UnpublishedOPD
mekadewikonayekwe,mekadewikonayekwew2,NA,NA_VV,NONE,UnpublishedOPD
manoomin,manoomin,NI,NI_C,NONE,https://ojibwe.lib.umn.edu/main-entry/manoomin-ni
mashkiigobagwaaboo,mashkiigobagwaaboow2,NI,NI_VV,NONE,https://ojibwe.lib.umn.edu/main-entry/mashkiigobagwaaboo-ni
mandaaminaak,mandaaminaakw2,NA,NA_Cw,NONE,https://ojibwe.lib.umn.edu/main-entry/mandaaminaak-na
mekadewikonayewikwe,mekadewikonayewikwew2,NA,NA_VV,NONE,https://ojibwe.lib.umn.edu/main-entry/mekadewikonayewikwe-na
mandaaminaakopwaagan,mandaaminaakopwaagan,NA,NA_C,NONE,UnpublishedOPD
mekadewikonayewinini,mekadewikonayewininiw2,NA,NA_Vw,NONE,https://ojibwe.lib.umn.edu/main-entry/mekadewikonayewinini-na
madwewechigan,madwewechigan,NI,NI_C,NONE,https://ojibwe.lib.umn.edu/main-entry/madwewechigan-ni
makoonsiwi-giizis,makoonsiwi-giizisw2,NA,NA_Cw,NONE,https://ojibwe.lib.umn.edu/main-entry/makoonsiwi-giizis-na
mashkiigobagoons,mashkiigobagoons,NI,NI_C,NONE,UnpublishedOPD
mazinikojigan,mazinikojigan,NA,NA_C,NONE,https://ojibwe.lib.umn.edu/main-entry/mazinikojigan-na
mandaaminag,mandaamin,NA,NA_C,NONE,UnpublishedOPD
makopin,makopin,NA,NA_C,NONE,UnpublishedOPD
mekadewikwanaye,mekadewikwanayew2,NA,NA_VV,NONE,UnpublishedOPD
manoominaaboo,manoominaaboow2,NI,NI_VV,NONE,https://ojibwe.lib.umn.edu/main-entry/manoominaaboo-ni
makosag,makosagw2,NI,NI_Cw,NONE,UnpublishedOPD
mandaaminashk,mandaaminashkw2,NI,NI_Cw,NONE,https://ojibwe.lib.umn.edu/main-entry/mandaaminashk-ni
memaakadewizide,memaakadewizidew2,NA,NA_VV,NONE,UnpublishedOPD
mazinikojigan,mazinikojigan,NI,NI_C,NONE,UnpublishedOPD
manoominaatig,manoominaatigw2,NI,NI_Cw,NONE,https://ojibwe.lib.umn.edu/main-entry/manoominaatig-ni
makoshtigwaan,makoshtigwaan,NI,NI_C,NONE,https://ojibwe.lib.umn.edu/main-entry/makoshtigwaan-ni
memaangishenh,memaangishenhy1,NA,NA_VVny,NONE,UnpublishedOPD
makadewegin,makadeweginw2,NI,NI_Cw,NONE,https://ojibwe.lib.umn.edu/main-entry/makadewegin-ni
mazinaakizigewebinigan,mazinaakizigewebinigan,NI,NI_C,NONE,UnpublishedOPD
mazinikojigewinini,mazinikojigewininiw2,NA,NA_Vw,NONE,UnpublishedOPD
mashkiigokamig,mashkiigokamigw2,NI,NI_Cw,NONE,UnpublishedOPD
manoominagaawanzh,manoominagaawanzhy2,NI,NI_Cy,NONE,https://ojibwe.lib.umn.edu/main-entry/manoominagaawanzh-ni
mandaamini-gitigaan,mandaamini-gitigaan,NI,NI_C,NONE,https://ojibwe.lib.umn.edu/main-entry/mandaamini-gitigaan-ni
memaangishens,memaangishens,NA,NA_C,NONE,https://ojibwe.lib.umn.edu/main-entry/memaangishens-na
makotawag,makotawag,NI,NI_C,NONE,UnpublishedOPD
mazinaakizigewin,mazinaakizigewin,NI,NI_C,NONE,UnpublishedOPD
manoominaganzh,manoominaganzhy2,NI,NI_Cy,NONE,https://ojibwe.lib.umn.edu/main-entry/manoominaganzh-ni
meme,memew2,NA,NA_VV,NONE,https://ojibwe.lib.umn.edu/main-entry/meme-na
mandaaminigamig,mandaaminigamigw2,NI,NI_Cw,NONE,UnpublishedOPD
mazinaakizigewinini,mazinaakizigewininiw2,NA,NA_Vw,NONE,UnpublishedOPD
mandaaminiwazh,mandaaminiwazh,NI,NI_C,NONE,https://ojibwe.lib.umn.edu/main-entry/mandaaminiwazh-ni
mashkiigwaabo,mashkiigwaabow2,NI,NI_Vw,NONE,https://ojibwe.lib.umn.edu/main-entry/mashkiigwaabo-ni
mazinaakizon,mazinaakizon,NI,NI_C,NONE,https://ojibwe.lib.umn.edu/main-entry/mazinaakizon-ni
manoominashk,manoominashkw2,NI,NI_Cw,NONE,https://ojibwe.lib.umn.edu/main-entry/manoominashk-ni
makowiinzob,makowiinzoby2,NI,NI_Cy,NONE,UnpublishedOPD
memegwesi,memegwesiw2,NA,NA_Vw,NONE,https://ojibwe.lib.umn.edu/main-entry/memegwesi-na
makozid,makozid,NI,NI_C,NONE,https://ojibwe.lib.umn.edu/main-entry/makozid-ni
manoominashkimod,manoominashkimod,NI,NI_C,NONE,UnpublishedOPD
mazinaakizowin,mazinaakizowin,NI,NI_C,NONE,https://ojibwe.lib.umn.edu/main-entry/mazinaakizowin-ni
memengwaa,memengwaaw2,NA,NA_VV,NONE,https://ojibwe.lib.umn.edu/main-entry/memengwaa-na
madweyaabiigibijigan,madweyaabiigibijigan,NI,NI_C,NONE,https://ojibwe.lib.umn.edu/main-entry/madweyaabiigibijigan-ni
manoominganzh,manoominganzhy2,NI,NI_Cy,NONE,UnpublishedOPD
mayagwewikwe,mayagwewikwew2,NA,NA_VV,NONE,UnpublishedOPD
makozow,makozow,NI,NI_C,NONE,UnpublishedOPD
manoomini-giizis,manoomini-giizisw2,NA,NA_Cw,NONE,UnpublishedOPD
mashkiigwaatig,mashkiigwaatigw2,NA,NA_Cw,NONE,https://ojibwe.lib.umn.edu/main-entry/mashkiigwaatig-na
mayagwewinini,mayagwewininiw2,NA,NA_Vw,NONE,https://ojibwe.lib.umn.edu/main-entry/mayagwewinini-na
makwa,makw2,NA,NA_ShortCw,NONE,https://ojibwe.lib.umn.edu/main-entry/makwa-na
manoomini-manidoosh,manoomini-manidoosh,NA,NA_C,NONE,https://ojibwe.lib.umn.edu/main-entry/manoomini-manidoosh-na
mazaan,mazaan,NA,NA_C,NONE,UnpublishedOPD
mazaanaatig,mazaanaatigw2,NA,NA_Cw,NONE,https://ojibwe.lib.umn.edu/main-entry/mazaanaatig-na
manoomini-manijoosh,manoomini-manijoosh,NA,NA_C,NONE,UnpublishedOPD
manoomini-mashkimod,manoomini-mashkimod,NI,NI_aa,NONE,https://ojibwe.lib.umn.edu/main-entry/manoomini-mashkimod-ni
makwaazh,makwaazh,NI,NI_C,NONE,https://ojibwe.lib.umn.edu/main-entry/makwaazh-ni
mashkiigwakamig,mashkiigwakamigw2,NI,NI_Cw,NONE,https://ojibwe.lib.umn.edu/main-entry/mashkiigwakamig-ni
memeskwaazhigwanesi,memeskwaazhigwanesiw2,NA,NA_Vw,NONE,UnpublishedOPD
manoomini-moowens,manoomini-moowens,NI,NI_C,NONE,UnpublishedOPD
mazaanag,mazaan,NA,NA_C,NONE,https://ojibwe.lib.umn.edu/main-entry/mazaanag-na
makwanii'igan,makwanii'igan,NI,NI_C,NONE,https://ojibwe.lib.umn.edu/main-entry/makwanii-igan-ni
manoominiganzh,manoominiganzhy2,NI,NI_Cy,NONE,UnpublishedOPD
mazaanashk,mazaanashkw2,NI,NI_Cw,NONE,UnpublishedOPD
makwasaagim,makwasaagim,NA,NA_C,NONE,https://ojibwe.lib.umn.edu/main-entry/makwasaagim-na
mashkiingwaan,mashkiingwaan,NI,NI_C,NONE,UnpublishedOPD
mazaanens,mazaanens,NA,NA_C,NONE,UnpublishedOPD
mangaanibaajigan,mangaanibaajigan,NI,NI_C,NONE,https://ojibwe.lib.umn.edu/main-entry/mangaanibaajigan-ni
mazinizhigan,mazinizhigan,NI,NI_C,NONE,UnpublishedOPD
makwasaagimens,makwasaagimens,NA,NA_C,NONE,UnpublishedOPD
mazinaate-makak,mazinaate-makakw2,NI,NI_Cw,NONE,UnpublishedOPD
mazinaatebii'igewebinigan,mazinaatebii'igewebinigan,NI,NI_C,NONE,UnpublishedOPD
manoominikaan,manoominikaan,NI,NI_C,NONE,https://ojibwe.lib.umn.edu/main-entry/manoominikaan-ni
makwasaam,makwasaam,NA,NA_C,NONE,https://ojibwe.lib.umn.edu/main-entry/makwasaam-na
manoominike-giizis,manoominike-giizisw2,NA,NA_Cw,NONE,https://ojibwe.lib.umn.edu/main-entry/manoominike-giizis-na
mashkikii-adaawewigamig,mashkikii-adaawewigamigw2,NI,NI_Cw,NONE,https://ojibwe.lib.umn.edu/main-entry/mashkikii-adaawewigamig-ni
makwayaan,makwayaan,NA,NA_C,NONE,https://ojibwe.lib.umn.edu/main-entry/makwayaan-na
memookiwidoo,memookiwidoow2,NA,NA_VV,NONE,https://ojibwe.lib.umn.edu/main-entry/memookiwidoo-na
manoominike-mazina'igaans,manoominike-mazina'igaans,NI,NI_C,NONE,https://ojibwe.lib.umn.edu/main-entry/manoominike-mazina-igaans-ni
mashkikii-adaawewinini,mashkikii-adaawewininiw2,NA,NA_Vw,NONE,https://ojibwe.lib.umn.edu/main-entry/mashkikii-adaawewinini-na
mazhii'igan,mazhii'igan,NI,NI_C,NONE,https://ojibwe.lib.umn.edu/main-entry/mazhii-igan-ni
manoominikeshiinh,manoominikeshiinhy1,NA,NA_VVny,NONE,https://ojibwe.lib.umn.edu/main-entry/manoominikeshiinh-na
mashkikii-makakoons,mashkikii-makakoons,NI,NI_C,NONE,UnpublishedOPD
manoominikewi-giizis,manoominikewi-giizisw2,NA,NA_Cw,NONE,https://ojibwe.lib.umn.edu/main-entry/manoominikewi-giizis-na
mazinaatesewigamig,mazinaatesewigamigw2,NI,NI_Cw,NONE,https://ojibwe.lib.umn.edu/main-entry/mazinaatesewigamig-ni
manzaan,mazaan,NA,NA_C,NONE,UnpublishedOPD
mazinaatesijigan,mazinaatesijigan,NI,NI_C,NONE,https://ojibwe.lib.umn.edu/main-entry/mazinaatesijigan-ni
mawinzoowi-giizis,mawinzoowi-giizisw2,NA,NA_Cw,NONE,UnpublishedOPD
menigan,menigan,NI,NI_C,NONE,UnpublishedOPD
mawinzwaan,mawinzwaan,NI,NI_C,NONE,https://ojibwe.lib.umn.edu/main-entry/mawinzwaan-ni
meniganaak,meniganaakw2,NI,NI_Cw,NONE,UnpublishedOPD
mashkikiiwaabo,mashkikiiwaabow2,NI,NI_Vw,NONE,UnpublishedOPD
mazinaatesijigewigamig,mazinaatesijigewigamigw2,NI,NI_Cw,NONE,UnpublishedOPD
mazinaatewebinigan,mazinaatewebinigan,NI,NI_C,NONE,https://ojibwe.lib.umn.edu/main-entry/mazinaatewebinigan-ni
mashkikiiwadaawewigamig,mashkikiiwadaawewigamigw2,NI,NI_Cw,NONE,https://ojibwe.lib.umn.edu/main-entry/mashkikiiwadaawewigamig-ni
mazhoomin,mazhoomin,NA,NA_C,NONE,https://ojibwe.lib.umn.edu/main-entry/mazhoomin-na
mazhoominaaboo,mazhoominaaboow2,NI,NI_VV,NONE,https://ojibwe.lib.umn.edu/main-entry/mazhoominaaboo-ni
mashkikiiwidaabaan,mashkikiiwidaabaan,NA,NA_C,NONE,UnpublishedOPD
mazinadinigan,mazinadinigan,NA,NA_C,NONE,UnpublishedOPD
mashkikiiwigamig,mashkikiiwigamigw2,NI,NI_Cw,NONE,UnpublishedOPD
mazinagani-ombaasijiganens,mazinagani-ombaasijiganens,NI,NI_C,NONE,UnpublishedOPD
mashkikiiwikwe,mashkikiiwikwew2,NA,NA_VV,NONE,https://ojibwe.lib.umn.edu/main-entry/mashkikiiwikwe-na
mazina'igaans,mazina'igaans,NI,NI_C,NONE,https://ojibwe.lib.umn.edu/main-entry/mazina-igaans-ni
mazinapijigan,mazinapijigan,NA,NA_C,NONE,UnpublishedOPD
mashkikiiwinini,mashkikiiwininiw2,NA,NA_Vw,NONE,https://ojibwe.lib.umn.edu/main-entry/mashkikiiwinini-na
mazina'igan,mazina'igan,NI,NI_C,NONE,https://ojibwe.lib.umn.edu/main-entry/mazina-igan-ni
mazinashkanjigan,mazinashkanjigan,NI,NI_C,NONE,UnpublishedOPD
mashkikiiwininiikwe,mashkikiiwininiikwew2,NA,NA_VV,NONE,https://ojibwe.lib.umn.edu/main-entry/mashkikiiwininiikwe-na
meshkodoonigan,meshkodoonigan,NA,NA_C,NONE,UnpublishedOPD
mazina'iganens,mazina'iganens,NI,NI_C,NONE,UnpublishedOPD
mazinashkibijigan,mazinashkibijigan,NA,NA_C,NONE,https://ojibwe.lib.umn.edu/main-entry/mazinashkibijigan-na
mashkikiwaabo,mashkikiwaabow2,NI,NI_Vw,NONE,https://ojibwe.lib.umn.edu/main-entry/mashkikiwaabo-ni
mazina'igani-adaawewigamig,mazina'igani-adaawewigamigw2,NI,NI_Cw,NONE,UnpublishedOPD
mazina'igani-ataasowin,mazina'igani-ataasowin,NI,NI_C,NONE,UnpublishedOPD
mashkikiwaaboo,mashkikiwaaboow2,NI,NI_VV,NONE,https://ojibwe.lib.umn.edu/main-entry/mashkikiwaaboo-ni
mazina'igani-desaabaan,mazina'igani-desaabaan,NI,NI_C,NONE,UnpublishedOPD
mazina'igani-giishkizhigewin,mazina'igani-giishkizhigewin,NI,NI_C,NONE,UnpublishedOPD
mazina'igani-makak,mazina'igani-makakw2,NI,NI_Cw,NONE,https://ojibwe.lib.umn.edu/main-entry/mazina-igani-makak-ni
manidoo,manidoow2,NA,NA_VV,NONE,https://ojibwe.lib.umn.edu/main-entry/manidoo-na
mazina'igani-makakoons,mazina'igani-makakoons,NI,NI_C,NONE,UnpublishedOPD
mazine'iganiiwigamig,mazine'iganiiwigamigw2,NI,NI_Cw,NONE,UnpublishedOPD
mazina'igani-makakosag,mazina'igani-makakosagw2,NI,NI_Cw,NONE,UnpublishedOPD
mazina'igani-mashkimodens,mazina'igani-mashkimodens,NI,NI_C,NONE,https://ojibwe.lib.umn.edu/main-entry/mazina-igani-mashkimodens-ni
mazina'igani-zhooniyaa,mazina'igani-zhooniyaaw2,NA,NA_VV,NONE,https://ojibwe.lib.umn.edu/main-entry/mazina-igani-zhooniyaa-na
mazina'iganiiwi-adaawewigamig,mazina'iganiiwi-adaawewigamigw2,NI,NI_Cw,NONE,UnpublishedOPD
mazinibaganjigan,mazinibaganjigan,NI,NI_C,NONE,https://ojibwe.lib.umn.edu/main-entry/mazinibaganjigan-ni
mazina'iganiiwi-makak,mazina'iganiiwi-makakw2,NI,NI_Cw,NONE,https://ojibwe.lib.umn.edu/main-entry/mazina-iganiiwi-makak-ni
mazina'iganiiwi-mashkimod,mazina'iganiiwi-mashkimod,NI,NI_C,NONE,https://ojibwe.lib.umn.edu/main-entry/mazina-iganiiwi-mashkimod-ni
mazina'iganiiwidaabaan,mazina'iganiiwidaabaan,NA,NA_C,NONE,https://ojibwe.lib.umn.edu/main-entry/mazina-iganiiwidaabaan-na
mazina'iganiiwigamig,mazina'iganiiwigamigw2,NI,NI_Cw,NONE,https://ojibwe.lib.umn.edu/main-entry/mazina-iganiiwigamig-ni
mashkimodegwaajigan,mashkimodegwaajigan,NI,NI_C,NONE,https://ojibwe.lib.umn.edu/main-entry/mashkimodegwaajigan-ni
mazina'iganiiwikwe,mazina'iganiiwikwew2,NA,NA_VV,NONE,https://ojibwe.lib.umn.edu/main-entry/mazina-iganiiwikwe-na
mashkimodens,mashkimodens,NI,NI_C,NONE,https://ojibwe.lib.umn.edu/main-entry/mashkimodens-ni
mazinibii'igan,mazinibii'igan,NI,NI_C,NONE,https://ojibwe.lib.umn.edu/main-entry/mazinibii-igan-ni
mashkode,mashkodew2,NI,NI_VV,NONE,https://ojibwe.lib.umn.edu/main-entry/mashkode-ni
maji-mashkiki,maji-mashkikiw2,NI,NI_Vw,NONE,https://ojibwe.lib.umn.edu/main-entry/maji-mashkiki-ni
manidoons,manidoons,NA,NA_C,NONE,https://ojibwe.lib.umn.edu/main-entry/manidoons-na
mazina'igewin,mazina'igewin,NI,NI_C,NONE,https://ojibwe.lib.umn.edu/main-entry/mazina-igewin-ni
mazinibii'iganaak,mazinibii'iganaakw2,NI,NI_Cw,NONE,https://ojibwe.lib.umn.edu/main-entry/mazinibii-iganaak-ni
jiibayaki,jiibayaky2,NI,NI_ShortCy,NONE,https://ojibwe.lib.umn.edu/main-entry/jiibayaki-ni
manoominiwazh,manoominiwazh,NI,NI_C,NONE,https://ojibwe.lib.umn.edu/main-entry/manoominiwazh-ni
jiibaakwaan,jiibaakwaan,NI,NI_C,NONE,https://ojibwe.lib.umn.edu/main-entry/jiibaakwaan-ni
mashkikiins,mashkikiins,NI,NI_C,NONE,https://ojibwe.lib.umn.edu/main-entry/mashkikiins-ni
mashkiki,mashkikiw2,NI,NI_Vw,NONE,https://ojibwe.lib.umn.edu/main-entry/mashkiki-ni
maada'ookiiwinini,maada'ookiiwininiw2,NA,NA_Vw,NONE,https://ojibwe.lib.umn.edu/main-entry/maada-ookiiwinini-na
jiibaakwaanakik,jiibaakwaanakikw2,NA,NA_Cw,NONE,https://ojibwe.lib.umn.edu/main-entry/jiibaakwaanakik-na
maajiishkaachigaans,maajiishkaachigaans,NI,NI_C,NONE,UnpublishedOPD
makizin,makizin,NI,NI_C,NONE,https://ojibwe.lib.umn.edu/main-entry/makizin-ni
mazinaakizigan,mazinaakizigan,NI,NI_C,NONE,https://ojibwe.lib.umn.edu/main-entry/mazinaakizigan-ni
mide-nagamon,mide-nagamon,NI,NI_C,NONE,UnpublishedOPD
mide'iwewinini,mide'iwewininiw2,NA,NA_Vw,NONE,UnpublishedOPD
midechininj,midechininjy2,NI,NI_Cy,NONE,https://ojibwe.lib.umn.edu/main-entry/midechininj-ni
midechizid,midechizid,NI,NI_C,NONE,https://ojibwe.lib.umn.edu/main-entry/midechizid-ni
midekwe,midekwew2,NA,NA_VV,NONE,UnpublishedOPD
midewaatig,midewaatigw2,NA,NA_Cw,NONE,UnpublishedOPD
midewayaan,midewayaan,NA,NA_C,NONE,https://ojibwe.lib.umn.edu/main-entry/midewayaan-na
midaaso-biiwaabikoons,midaaso-biiwaabikoons,NA,NA_C,NONE,UnpublishedOPD
miigis,miigis,NA,NA_C,NONE,https://ojibwe.lib.umn.edu/main-entry/miigis-na
midewigaan,midewigaan,NI,NI_C,NONE,https://ojibwe.lib.umn.edu/main-entry/midewigaan-ni
midewigaanaak,midewigaanaakw2,NI,NI_Cw,NONE,https://ojibwe.lib.umn.edu/main-entry/midewigaanaak-ni
miinens,miinens,NA,NA_C,NONE,https://ojibwe.lib.umn.edu/main-entry/miinens-na
midewigamig,midewigamigw2,NI,NI_Cw,NONE,https://ojibwe.lib.umn.edu/main-entry/midewigamig-ni
midewinini,midewininiw2,NA,NA_Vw,NONE,UnpublishedOPD
meskwaazhigwaneshi,meskwaazhigwaneshiw2,NA,NA_Vw,NONE,https://ojibwe.lib.umn.edu/main-entry/meskwaazhigwaneshi-na
miinensagaawanzh,miinensagaawanzhy2,NA,NA_Cy,NONE,https://ojibwe.lib.umn.edu/main-entry/miinensagaawanzh-na
Midewiwin,midewiwin,NI,NI_C,NONE,https://ojibwe.lib.umn.edu/main-entry/midewiwin-ni
meskwaazhigwanesi,meskwaazhigwanesiw2,NA,NA_Vw,NONE,UnpublishedOPD
migaaskitawagaan,migaaskitawagaan,NI,NI_C,NONE,https://ojibwe.lib.umn.edu/main-entry/migaaskitawagaan-ni
miinensaganzh,miinensaganzhy2,NA,NA_Cy,NONE,https://ojibwe.lib.umn.edu/main-entry/miinensaganzh-na
miinensaganzh,miinensaganzhy2,NI,NI_Cy,NONE,UnpublishedOPD
miini-baashkiminasigan,miini-baashkiminasigan,NI,NI_C,NONE,https://ojibwe.lib.umn.edu/main-entry/miini-baashkiminasigan-ni
miigwaasi-waawiyezhigan,miigwaasi-waawiyezhigan,NI,NI_C,NONE,UnpublishedOPD
miini-biitoosijigan,miini-biitoosijigan,NA,NA_C,NONE,UnpublishedOPD
miigwan,miigwan,NA,NA_C,NONE,https://ojibwe.lib.umn.edu/main-entry/miigwan-na
miini-giizis,miini-giizisw2,NA,NA_Cw,NONE,https://ojibwe.lib.umn.edu/main-entry/miini-giizis-na
miinigoowin,miinigoowin,NI,NI_C,NONE,UnpublishedOPD
miigwanens,miigwanens,NA,NA_C,NONE,UnpublishedOPD
miigwani-wiiwakwaan,miigwani-wiiwakwaan,NI,NI_C,NONE,https://ojibwe.lib.umn.edu/main-entry/miigwani-wiiwakwaan-ni
migishkan,migishkan,NA,NA_C,NONE,UnpublishedOPD
miinikaan,miinikaan,NI,NI_C,NONE,https://ojibwe.lib.umn.edu/main-entry/miinikaan-ni
migiskanaak,migiskanaakw2,NI,NI_Cw,NONE,https://ojibwe.lib.umn.edu/main-entry/migiskanaak-ni
minis,minis,NI,NI_C,NONE,https://ojibwe.lib.umn.edu/main-entry/minis-ni
migiskanaatig,migiskanaatigw2,NI,NI_Cw,NONE,UnpublishedOPD
migiskaneyaab,migiskaneyaaby2,NI,NI_Cy,NONE,https://ojibwe.lib.umn.edu/main-entry/migiskaneyaab-ni
miinike-giizis,miinike-giizisw2,NA,NA_Cw,NONE,UnpublishedOPD
minisaabik,minisaabikw2,NI,NI_Cw,NONE,https://ojibwe.lib.umn.edu/main-entry/minisaabik-ni
miinikewi-giizis,miinikewi-giizisw2,NA,NA_Cw,NONE,https://ojibwe.lib.umn.edu/main-entry/miinikewi-giizis-na
mikawaadenjigan,mikawaadenjigan,NI,NI_C,NONE,UnpublishedOPD
migizi,migiziw2,NA,NA_Vw,NONE,https://ojibwe.lib.umn.edu/main-entry/migizi-na
migizii,migiziiw2,NA,NA_VV,NONE,UnpublishedOPD
mikawamii-makak,mikawamii-makakw2,NI,NI_Cw,NONE,UnpublishedOPD
minisens,minisens,NI,NI_C,NONE,UnpublishedOPD
migiziwi-giizis,migiziwi-giizisw2,NA,NA_Cw,NONE,https://ojibwe.lib.umn.edu/main-entry/migiziwi-giizis-na
mimigosaga'igan,mimigosaga'igan,NI,NI_C,NONE,https://ojibwe.lib.umn.edu/main-entry/mimigosaga-igan-ni
migiziwigwan,migiziwigwan,NA,NA_C,NONE,https://ojibwe.lib.umn.edu/main-entry/migiziwigwan-na
miinokwebijiganeyaab,miinokwebijiganeyaaby2,NI,NI_Cy,NONE,UnpublishedOPD
migoos,migoos,NI,NI_C,NONE,https://ojibwe.lib.umn.edu/main-entry/migoos-ni
mimigoshkamowin,mimigoshkamowin,NI,NI_C,NONE,UnpublishedOPD
miijim,miijim,NI,NI_C,NONE,https://ojibwe.lib.umn.edu/main-entry/miijim-ni
mimigoshkamwaagan,mimigoshkamwaagan,NI,NI_C,NONE,https://ojibwe.lib.umn.edu/main-entry/mimigoshkamwaagan-ni
miijim-adaawewigamig,miijim-adaawewigamigw2,NI,NI_Cw,NONE,UnpublishedOPD
minjikaawan,minjikaawan,NA,NA_C,NONE,https://ojibwe.lib.umn.edu/main-entry/minjikaawan-na
mikinaak,mikinaakw2,NA,NA_irrCw,NONE,https://ojibwe.lib.umn.edu/main-entry/mikinaak-na
mikinaakogwayaw,mikinaakogwayaw,NI,NI_C,NONE,UnpublishedOPD
minjikaawanikizin,minjikaawanikizin,NI,NI_C,NONE,UnpublishedOPD
mikinaakoons,mikinaakoons,NA,NA_C,NONE,UnpublishedOPD
miijimakanjigan,miijimakanjigan,NI,NI_C,NONE,UnpublishedOPD
mikinaakwaawan,mikinaakwaawanw2,NI,NI_Cw,NONE,https://ojibwe.lib.umn.edu/main-entry/mikinaakwaawan-ni
misise,misisew2,NA,NA_VV,NONE,UnpublishedOPD
miijimens,miijimens,NI,NI_C,NONE,UnpublishedOPD
minjikanaakobijigan,minjikanaakobijigan,NI,NI_C,NONE,https://ojibwe.lib.umn.edu/main-entry/minjikanaakobijigan-ni
misko-akiiwikwe,misko-akiiwikwew2,NA,NA_VV,NONE,UnpublishedOPD
misko-akiiwinini,misko-akiiwininiw2,NA,NA_Vw,NONE,UnpublishedOPD
mimigwaakosijigan,mimigwaakosijigan,NI,NI_C,NONE,https://ojibwe.lib.umn.edu/main-entry/mimigwaakosijigan-ni
minjikanaakobijiganaatig,minjikanaakobijiganaatigw2,NI,NI_Cw,NONE,https://ojibwe.lib.umn.edu/main-entry/minjikanaakobijiganaatig-ni
misko-bineshiinh,misko-bineshiiny1,NA,NA_VVny,NONE,https://ojibwe.lib.umn.edu/main-entry/misko-bineshiinh-na
miijimikanjigan,miijimikanjigan,NI,NI_C,NONE,https://ojibwe.lib.umn.edu/main-entry/miijimikanjigan-ni
miskwaakigan,miskwaakigan,NI,NI_C,NONE,UnpublishedOPD
midaasoobii'igan,midaasoobii'igan,NA,NA_C,NONE,https://ojibwe.lib.umn.edu/main-entry/midaasoobii-igan-na
misko-jiis,misko-jiis,NI,NI_C,NONE,https://ojibwe.lib.umn.edu/main-entry/misko-jiis-ni
miinwaabaawajigan,miinwaabaawajigan,NI,NI_C,NONE,UnpublishedOPD
misko-manidoominens,misko-manidoominens,NA,NA_C,NONE,https://ojibwe.lib.umn.edu/main-entry/misko-manidoominens-na
misko-naboob,misko-nabooby2,NI,NI_Cy,NONE,UnpublishedOPD
misko-waabowayaan,misko-waabowayaan,NI,NI_C,NONE,UnpublishedOPD
misko-wiigwaas,misko-wiigwaas,NA,NA_C,NONE,UnpublishedOPD
misaabe,misaabew2,NA,NA_VV,NONE,https://ojibwe.lib.umn.edu/main-entry/misaabe-na
miisanibiiwayaan,miisanibiiwayaan,NI,NI_C,NONE,UnpublishedOPD
minjimaakwa'igan,minjimaakwa'igan,NI,NI_C,NONE,https://ojibwe.lib.umn.edu/main-entry/minjimaakwa-igan-ni
misaabooz,misaaboozw2,NA,NA_Cw,NONE,https://ojibwe.lib.umn.edu/main-entry/misaabooz-na
mina'ig,mina'igw2,NA,NA_Cw,NONE,https://ojibwe.lib.umn.edu/main-entry/mina-ig-na
misaagik,misaagikw2,NA,NA_Cw,NONE,UnpublishedOPD
mina'igwanagek,mina'igwanagekw2,NA,NA_Cw,NONE,https://ojibwe.lib.umn.edu/main-entry/mina-igwanagek-na
miikaans,miikaans,NI,NI_C,NONE,UnpublishedOPD
miishaabiwinaan,miishaabiwinaan,NI,NI_C,NONE,https://ojibwe.lib.umn.edu/main-entry/miishaabiwinaan-ni
misaakik,misaakikw2,NA,NA_Cw,NONE,UnpublishedOPD
miikana,miikan,NI,NI_Kana,NONE,https://ojibwe.lib.umn.edu/main-entry/miikana-ni
mina'igwaandag,mina'igwaandagw2,NA,NA_Cw,NONE,https://ojibwe.lib.umn.edu/main-entry/mina-igwaandag-na
misad,misad,NID,NID_C,NONE,https://ojibwe.lib.umn.edu/main-entry/misad-nid
mitigwaagim,mitigwaagim,NA,NA_C,NONE,https://ojibwe.lib.umn.edu/main-entry/mitigwaagim-na
miskwaandag,miskwaandagw2,NA,NA_Cw,NONE,UnpublishedOPD
misajidamoo,misajidamoow2,NA,NA_VV,NONE,https://ojibwe.lib.umn.edu/main-entry/misajidamoo-na
misakakojiish,misakakojiish,NA,NA_C,NONE,https://ojibwe.lib.umn.edu/main-entry/misakakojiish-na
mikond,mikondy2,NA,NA_Cy,NONE,https://ojibwe.lib.umn.edu/main-entry/mikond-na
mitigwakik,mitigwakikw2,NA,NA_Cw,NONE,https://ojibwe.lib.umn.edu/main-entry/mitigwakik-na
miikanaakewinini,miikanaakewininiw2,NA,NA_Vw,NONE,https://ojibwe.lib.umn.edu/main-entry/miikanaakewinini-na
miskwaanowechigan,miskwaanowechigan,NI,NI_C,NONE,UnpublishedOPD
miishaakodoonaagan,miishaakodoonaagan,NI,NI_C,NONE,UnpublishedOPD
minomaago'on,minomaago'on,NI,NI_C,NONE,UnpublishedOPD
mitigwakikosh,mitigwakikosh,NI,NI_C,NONE,UnpublishedOPD
minomaagochigaans,minomaagochigaans,NI,NI_C,NONE,UnpublishedOPD
mitaakojiid,mitaakojiid,NA,NA_C,NONE,UnpublishedOPD
mitigwakizin,mitigwakizin,NI,NI_C,NONE,https://ojibwe.lib.umn.edu/main-entry/mitigwakizin-ni
misanizi,misaniziw2,NA,NA_Vw,NONE,UnpublishedOPD
minomaagochigan,minomaagochigan,NI,NI_C,NONE,https://ojibwe.lib.umn.edu/main-entry/minomaagochigan-ni
miikanens,miikanens,NI,NI_C,NONE,UnpublishedOPD
mitigwane'igan,mitigwane'igan,NI,NI_C,NONE,UnpublishedOPD
miziminens,miziminens,NI,NI_C,NONE,UnpublishedOPD
minaago'on,minaago'on,NI,NI_C,NONE,https://ojibwe.lib.umn.edu/main-entry/minaago-on-ni
mitigwanii'igan,mitigwanii'igan,NI,NI_C,NONE,https://ojibwe.lib.umn.edu/main-entry/mitigwanii-igan-ni
mitigwemikwaan,mitigwemikwaan,NI,NI_C,NONE,https://ojibwe.lib.umn.edu/main-entry/mitigwemikwaan-ni
miskwaanzigan,miskwaanzigan,NI,NI_C,NONE,https://ojibwe.lib.umn.edu/main-entry/miskwaanzigan-ni
mikondiins,mikondiins,NI,NI_C,NONE,UnpublishedOPD
miishi-bagesaan,miishi-bagesaan,NA,NA_C,NONE,UnpublishedOPD
miskodiisimin,miskodiisimin,NA,NA_C,NONE,https://ojibwe.lib.umn.edu/main-entry/miskodiisimin-na
mizise,mizisew2,NA,NA_VV,NONE,https://ojibwe.lib.umn.edu/main-entry/mizise-na
michichin,michichin,NI,NI_C,NONE,https://ojibwe.lib.umn.edu/main-entry/michichin-ni
miishi-mishiimin,miishi-mishiimin,NA,NA_C,NONE,UnpublishedOPD
miskodisiikaan,miskodisiikaan,NA,NA_C,NONE,UnpublishedOPD
miskodoonebii'igan,miskodoonebii'igan,NI,NI_C,NONE,https://ojibwe.lib.umn.edu/main-entry/miskodoonebii-igan-ni
mookijiwanibiig,mookijiwanibiigw2,NI,NI_Cw,NONE,https://ojibwe.lib.umn.edu/main-entry/mookijiwanibiig-ni
midaasozaawaabikoons,midaasozaawaabikoons,NA,NA_C,NONE,UnpublishedOPD
mookijiwanibiiwaabo,mookijiwanibiiwaabow2,NI,NI_Vw,NONE,UnpublishedOPD
mooshka'osi,mooshka'osiw2,NA,NA_Vw,NONE,https://ojibwe.lib.umn.edu/main-entry/mooshka-osi-na
miskodoonebii'on,miskodoonebii'on,NI,NI_C,NONE,https://ojibwe.lib.umn.edu/main-entry/miskodoonebii-on-ni
miskwaawaak,miskwaawaakw2,NA,NA_irrCw,NONE,https://ojibwe.lib.umn.edu/main-entry/miskwaawaak-na
miskodoonechigan,miskodoonechigan,NI,NI_C,NONE,https://ojibwe.lib.umn.edu/main-entry/miskodoonechigan-ni
minjiminigan,minjiminigan,NI,NI_C,NONE,https://ojibwe.lib.umn.edu/main-entry/minjiminigan-ni
mookise-mashkiki,mookise-mashkikiw2,NI,NI_Vw,NONE,UnpublishedOPD
moozotigwaan,moozotigwaan,NI,NI_C,NONE,https://ojibwe.lib.umn.edu/main-entry/moozotigwaan-ni
miskwaazhigwaneshi,miskwaazhigwaneshiw2,NA,NA_Vw,NONE,UnpublishedOPD
miskogaadeyaab,miskogaadeyaaby2,NI,NI_Cy,NONE,https://ojibwe.lib.umn.edu/main-entry/miskogaadeyaab-ni
miishidoonaagan,miishidoonaagan,NI,NI_C,NONE,https://ojibwe.lib.umn.edu/main-entry/miishidoonaagan-ni
miishidoonaan,miishidoonaan,NI,NI_C,NONE,https://ojibwe.lib.umn.edu/main-entry/miishidoonaan-ni
mitosewinini,mitosewininiw2,NA,NA_Vw,NONE,UnpublishedOPD
moozwayaan,moozwayaan,NA,NA_C,NONE,UnpublishedOPD
miskogaadeyaabii-zhaabonigan,miskogaadeyaabii-zhaabonigan,NI,NI_C,NONE,UnpublishedOPD
mookiskonigan,mookiskonigan,NI,NI_C,NONE,UnpublishedOPD
moozwegin,moozweginw2,NI,NI_Cw,NONE,https://ojibwe.lib.umn.edu/main-entry/moozwegin-ni
mizaatigo-zhaabonigan,mizaatigo-zhaabonigan,NI,NI_C,NONE,https://ojibwe.lib.umn.edu/main-entry/mizaatigo-zhaabonigan-ni
moozwegino-makizin,moozwegino-makizin,NI,NI_C,NONE,https://ojibwe.lib.umn.edu/main-entry/moozwegino-makizin-ni
miskogwan,miskogwan,NA,NA_C,NONE,https://ojibwe.lib.umn.edu/main-entry/miskogwan-na
mizanzig,mizanzigw2,NA,NA_irrCw,NONE,UnpublishedOPD
moozweginwakizin,moozweginwakizin,NI,NI_C,NONE,https://ojibwe.lib.umn.edu/main-entry/moozweginwakizin-ni
miskwadisiikaan,miskwadisiikaan,NA,NA_C,NONE,UnpublishedOPD
mizay,mizay,NA,NA_C,NONE,https://ojibwe.lib.umn.edu/main-entry/mizay-na
moozweshkan,moozweshkan,NA,NA_C,NONE,https://ojibwe.lib.umn.edu/main-entry/moozweshkan-na
moshwe,moshwew2,NA,NA_VV,NONE,https://ojibwe.lib.umn.edu/main-entry/moshwe-na
miishigwaan,miishigwaan,NID,NID_C,NONE,https://ojibwe.lib.umn.edu/main-entry/miishigwaan-nid
mizayikon,mizayikon,NI,NI_C,NONE,UnpublishedOPD
miseny,miseny1,NAD,NAD_VVny,NONE,https://ojibwe.lib.umn.edu/main-entry/miseny-nad
minonaago'on,minonaago'on,NI,NI_C,NONE,UnpublishedOPD
moshwens,moshwens,NI,NI_C,NONE,https://ojibwe.lib.umn.edu/main-entry/moshwens-ni
michisag,michisagw2,NI,NI_Cw,NONE,https://ojibwe.lib.umn.edu/main-entry/michisag-ni
miskojiibik,miskojiibik,NI,NI_C,NONE,UnpublishedOPD
miishiigin,miishiiginw2,NI,NI_Cw,NONE,https://ojibwe.lib.umn.edu/main-entry/miishiigin-ni
miskojiisiminaaboo,miskojiisiminaaboow2,NI,NI_VV,NONE,https://ojibwe.lib.umn.edu/main-entry/miskojiisiminaaboo-ni
naaba'waagan,naaba'waagan,NA,NA_C,NONE,https://ojibwe.lib.umn.edu/main-entry/naaba-waagan-na
miskokaadaak,miskokaadaakw2,NA,NA_irrCw,NONE,https://ojibwe.lib.umn.edu/main-entry/miskokaadaak-na
miishiiginogooday,miishiiginogooday,NI,NI_C,NONE,UnpublishedOPD
mookodaason,mookodaason,NI,NI_C,NONE,UnpublishedOPD
minjimishkoojigan,minjimishkoojigan,NI,NI_C,NONE,UnpublishedOPD
naaba'waawin,naaba'waawin,NI,NI_C,NONE,UnpublishedOPD
miskwakade-ginebigoons,miskwakade-ginebigoons,NA,NA_C,NONE,UnpublishedOPD
mookodaasoowinini,mookodaasoowininiw2,NA,NA_Vw,NONE,https://ojibwe.lib.umn.edu/main-entry/mookodaasoowinini-na
mitaawang,mitaawangw2,NI,NI_Cw,NONE,https://ojibwe.lib.umn.edu/main-entry/mitaawang-ni
miskokaadaakoons,miskokaadaakoons,NI,NI_C,NONE,UnpublishedOPD
miishijiimin,miishijiimin,NA,NA_C,NONE,https://ojibwe.lib.umn.edu/main-entry/miishijiimin-na
mindimoowe,mindimoowey1,NA,NA_VVy,NONE,UnpublishedOPD
miskomin,miskomin,NA,NA_C,NONE,https://ojibwe.lib.umn.edu/main-entry/miskomin-na
miishijii-mishiimin,miishijii-mishiimin,NA,NA_C,NONE,UnpublishedOPD
mindimooyenh,mindimooyenhy1,NA,NA_VVny,NONE,https://ojibwe.lib.umn.edu/main-entry/mindimooyenh-na
miskwamebin,miskwamebin,NA,NA_C,NONE,UnpublishedOPD
miishijiimin,miishijiimin,NI,NI_C,NONE,UnpublishedOPD
mookojigan,mookojigan,NI,NI_C,NONE,https://ojibwe.lib.umn.edu/main-entry/mookojigan-ni
na'aabika'igewigamig,na'aabika'igewigamigw2,NI,NI_Cw,NONE,UnpublishedOPD
miishijiimini-baashkiminasigan,miishijiimini-baashkiminasigan,NI,NI_C,NONE,https://ojibwe.lib.umn.edu/main-entry/miishijiimini-baashkiminasigan-ni
miskominaatig,miskominaatigw2,NA,NA_Cw,NONE,UnpublishedOPD
mindimooyenh-zhangaash,mindimooyenh-zhangaash,NI,NI_C,NONE,UnpublishedOPD
miishijimin,miishijimin,NA,NA_C,NONE,UnpublishedOPD
mitaawango-miikana,mitaawango-miikan,NI,NI_Kana,NONE,UnpublishedOPD
miskominagaawanzh,miskominagaawanzhy,NA,NA_C,NONE,UnpublishedOPD
naabisijigan,naabisijigan,NI,NI_C,NONE,https://ojibwe.lib.umn.edu/main-entry/naabisijigan-ni
na'aakinzhe'igan,na'aakinzhe'igan,NI,NI_C,NONE,UnpublishedOPD
miigaadinawaagan,miigaadinawaagan,NA,NA_C,NONE,UnpublishedOPD
mookomaan,mookomaan,NI,NI_C,NONE,https://ojibwe.lib.umn.edu/main-entry/mookomaan-ni
midaas,midaas,NI,NI_C,NONE,UnpublishedOPD
na'aakinzhe'iganaabik,na'aakinzhe'iganaabikw2,NI,NI_Cw,NONE,UnpublishedOPD
mishi,mis1,NI,NI_ShortC,NONE,https://ojibwe.lib.umn.edu/main-entry/mishi-ni
aas,aas,NID,NID_C,NONE,UnpublishedOPD
mikwam,mikwamy2,NA,NA_Cy,NONE,https://ojibwe.lib.umn.edu/main-entry/mikwam-na
miskominaganzh,miskominaganzhy2,NA,NA_Cy,NONE,https://ojibwe.lib.umn.edu/main-entry/miskominaganzh-na
na'aakinzhe'iganaak,na'aakinzhe'iganaakw2,NI,NI_Cw,NONE,UnpublishedOPD
miigaadiwin,miigaadiwin,NI,NI_C,NONE,https://ojibwe.lib.umn.edu/main-entry/miigaadiwin-ni
miskwanowechigan,miskwanowechigan,NI,NI_C,NONE,https://ojibwe.lib.umn.edu/main-entry/miskwanowechigan-ni
miskominaganzh,miskominaganzhy2,NI,NI_Cy,NONE,UnpublishedOPD
mookomaanaabik,mookomaanaabikw2,NI,NI_Cw,NONE,https://ojibwe.lib.umn.edu/main-entry/mookomaanaabik-ni
naabashebizon,naabashebizon,NI,NI_C,NONE,UnpublishedOPD
mishi-makakosag,mishi-makakosagw2,NI,NI_Cw,NONE,UnpublishedOPD
naabizhigan,naabizhigan,NI,NI_C,NONE,https://ojibwe.lib.umn.edu/main-entry/naabizhigan-ni
mikwamii-aajibijigan,mikwamii-aajibijigan,NI,NI_C,NONE,UnpublishedOPD
mini,miny2,NI,NI_ShortCy,NONE,https://ojibwe.lib.umn.edu/main-entry/mini-ni
mikwamii-makak,mikwamii-makakw2,NI,NI_Cw,NONE,https://ojibwe.lib.umn.edu/main-entry/mikwamii-makak-ni
mitigoningwiishib,mitigoningwiishib,NA,NA_C,NONE,https://ojibwe.lib.umn.edu/main-entry/mitigoningwiishib-na
miskominens,miskominens,NA,NA_C,NONE,UnpublishedOPD
miskwasabaab,miskwasabaaby,NI,NI_C,NONE,UnpublishedOPD
naabe-aya'aa,naabe-aya'aaw2,NA,NA_VV,NONE,UnpublishedOPD
miniingwaan,miniingwaan,NI,NI_C,NONE,https://ojibwe.lib.umn.edu/main-entry/miniingwaan-ni
miskomini-baashkiminasigan,miskomini-baashkiminasigan,NI,NI_C,NONE,https://ojibwe.lib.umn.edu/main-entry/miskomini-baashkiminasigan-ni
mikwamii-mashkimod,mikwamii-mashkimod,NI,NI_C,NONE,UnpublishedOPD
mitadim,mitadimw2,NA,NA_Cw,NONE,https://ojibwe.lib.umn.edu/main-entry/mitadim-na
naabe-bizhiki,naabe-bizhikiw2,NA,NA_Vw,NONE,UnpublishedOPD
mishiikenh,mishiikenhy1,NA,NA_VVny,NONE,https://ojibwe.lib.umn.edu/main-entry/mishiikenh-na
miskomini-biitoosijigan,miskomini-biitoosijigan,NA,NA_C,NONE,https://ojibwe.lib.umn.edu/main-entry/miskomini-biitoosijigan-na
naabe-gaazhagenzhish,naabe-gaazhagenzhish,NA,NA_C,NONE,UnpublishedOPD
miskwasin,miskwasiny1,NA,NA_VVny,NONE,UnpublishedOPD
mitadimoodaabaanaak,mitadimoodaabaanaakw2,NA,NA_irrCw,NONE,UnpublishedOPD
mishiimin,mishiimin,NA,NA_C,NONE,https://ojibwe.lib.umn.edu/main-entry/mishiimin-na
miskwasiniiwipwaagan,miskwasiniiwipwaagan,NA,NA_C,NONE,UnpublishedOPD
naabwewesijigan,naabwewesijigan,NI,NI_C,NONE,UnpublishedOPD
naabe-makwa,naabe-makw2,NA,NA_ShortCw,NONE,https://ojibwe.lib.umn.edu/main-entry/naabe-makwa-na
na'aanganikwe,na'aanganikwew2,NA,NA_VV,NONE,https://ojibwe.lib.umn.edu/main-entry/na-aanganikwe-na
mikwamiikaan,mikwamiikaan,NA,NA_C,NONE,https://ojibwe.lib.umn.edu/main-entry/mikwamiikaan-na
naabe-mooz,naabe-moozw2,NA,NA_Cw,NONE,https://ojibwe.lib.umn.edu/main-entry/naabe-mooz-na
na'aangish,na'aangish,NA,NA_C,NONE,https://ojibwe.lib.umn.edu/main-entry/na-aangish-na
naabe-waagosh,naabe-waagosh,NA,NA_C,NONE,https://ojibwe.lib.umn.edu/main-entry/naabe-waagosh-na
miigaazoowinini,miigaazoowininiw2,NA,NA_Vw,NONE,UnpublishedOPD
mishiiminaabo,mishiiminaabow2,NI,NI_Vw,NONE,https://ojibwe.lib.umn.edu/main-entry/mishiiminaabo-ni
mishiiminaaboo,mishiiminaaboow2,NI,NI_VV,NONE,https://ojibwe.lib.umn.edu/main-entry/mishiiminaaboo-ni
mikwamiikewinini,mikwamiikewininiw2,NA,NA_Vw,NONE,UnpublishedOPD
naabek,naabekw2,NA,NA_irrCw,NONE,https://ojibwe.lib.umn.edu/main-entry/naabek-na
miskoningwiigan-asiginaak,miskoningwiigan-asiginaakw2,NA,NA_Cw,NONE,UnpublishedOPD
mizhiikenh,mizhiikenhy1,NA,NA_VVny,NONE,UnpublishedOPD
mikwamiins,mikwamiins,NA,NA_C,NONE,UnpublishedOPD
mishiiminaatig,mishiiminaatigw2,NA,NA_Cw,NONE,https://ojibwe.lib.umn.edu/main-entry/mishiiminaatig-na
mizizaak,mizizaakw2,NA,NA_irrCw,NONE,https://ojibwe.lib.umn.edu/main-entry/mizizaak-na
mikwamiiwaaboo,mikwamiiwaaboow2,NI,NI_VV,NONE,UnpublishedOPD
naabekakojiishi,naabekakojiishiw2,NA,NA_Vw,NONE,UnpublishedOPD
mitanask,mitanaskw2,NA,NA_Cw,NONE,https://ojibwe.lib.umn.edu/main-entry/mitanask-na
miskonowebii'on,miskonowebii'on,NI,NI_C,NONE,UnpublishedOPD
mishiiminaatigoons,mishiiminaatigoons,NA,NA_C,NONE,UnpublishedOPD
naabekoons,naabekoons,NA,NA_C,NONE,UnpublishedOPD
miskopwaagan,miskopwaagan,NA,NA_C,NONE,https://ojibwe.lib.umn.edu/main-entry/miskopwaagan-na
mishiimini-baashkiminasigan,mishiimini-baashkiminasigan,NI,NI_C,NONE,https://ojibwe.lib.umn.edu/main-entry/mishiimini-baashkiminasigan-ni
naabekwa,naabekw2,NA,NA_irrCw,NONE,UnpublishedOPD
miskwegin,miskweginw2,NI,NI_Cw,NONE,UnpublishedOPD
mishiimini-baashkiminasigani-biitoosijigani-bakwezhigan,mishiimini-baashkiminasigani-biitoosijigani-bakwezhigan,NA,NA_C,NONE,https://ojibwe.lib.umn.edu/main-entry/mishiimini-baashkiminasigani-biitoosijigani-bakwezhigan-na
naabem,naabem,NAD,NAD_C,NONE,https://ojibwe.lib.umn.edu/main-entry/naabem-nad
moow,moow2,NI,NI_VV,NONE,https://ojibwe.lib.umn.edu/main-entry/moo-ni
naabemik,naabemikw2,NA,NA_Cw,NONE,https://ojibwe.lib.umn.edu/main-entry/naabemik-na
mishiimini-biitoosijigan,mishiimini-biitoosijigan,NA,NA_C,NONE,UnpublishedOPD
naanaahadawenjigewin,naanaahadawenjigewin,NI,NI_C,NONE,UnpublishedOPD
miskwes,miskwes,NA,NA_C,NONE,UnpublishedOPD
mishiimini-biitoosijigani-bakwezhigan,mishiimini-biitoosijigani-bakwezhigan,NA,NA_C,NONE,https://ojibwe.lib.umn.edu/main-entry/mishiimini-biitoosijigani-bakwezhigan-na
mikwamiiwigamig,mikwamiiwigamigw2,NI,NI_Cw,NONE,https://ojibwe.lib.umn.edu/main-entry/mikwamiiwigamig-ni
miskwi,miskwy2,NI,NI_ShortCy,NONE,https://ojibwe.lib.umn.edu/main-entry/miskwi-ni
naabeshib,naabeshib,NA,NA_C,NONE,https://ojibwe.lib.umn.edu/main-entry/naabeshib-na
mikwamiiwinaagaans,mikwamiiwinaagaans,NI,NI_C,NONE,https://ojibwe.lib.umn.edu/main-entry/mikwamiiwinaagaans-ni
miiziiwigamig,miiziiwigamigw2,NI,NI_Cw,NONE,https://ojibwe.lib.umn.edu/main-entry/miiziiwigamig-ni
mishiiwaatig,mishiiwaatigw2,NI,NI_Cw,NONE,https://ojibwe.lib.umn.edu/main-entry/mishiiwaatig-ni
miskwiingwechigan,miskwiingwechigan,NI,NI_C,NONE,UnpublishedOPD
minikwaagan,minikwaagan,NI,NI_C,NONE,UnpublishedOPD
naazhiiga'iganaak,naazhiiga'iganaakw2,NI,NI_Cw,NONE,UnpublishedOPD
miinaatig,miinaatigw2,NI,NI_Cw,NONE,UnpublishedOPD
mitig,mitigw2,NA,NA_Cw,NONE,https://ojibwe.lib.umn.edu/main-entry/mitig-na
naazhiiga'iganaatig,naazhiiga'iganaatigw2,NI,NI_Cw,NONE,UnpublishedOPD
naanaakwaandawaagan,naanaakwaandawaagan,NI,NI_C,NONE,https://ojibwe.lib.umn.edu/main-entry/naanaakwaandawaagan-ni
mishiiwaatigosag,mishiiwaatigosagw2,NA,NA_Cw,NONE,https://ojibwe.lib.umn.edu/main-entry/mishiiwaatigosag-na
moona'aabikwaan,moona'aabikwaan,NI,NI_C,NONE,https://ojibwe.lib.umn.edu/main-entry/moona-aabikwaan-ni
naabeyaakig,naabeyaakigw2,NA,NA_Cw,NONE,https://ojibwe.lib.umn.edu/main-entry/naabeyaakig-na
mikwand,mikwandy,NA,NA_C,NONE,UnpublishedOPD
minikwaajigan,minikwaajigan,NI,NI_C,NONE,https://ojibwe.lib.umn.edu/main-entry/minikwaajigan-ni
miinagaawanzh,miinagaawanzhy2,NA,NA_Cy,NONE,https://ojibwe.lib.umn.edu/main-entry/miinagaawanzh-na
mitig,mitigw2,NI,NI_Cw,NONE,https://ojibwe.lib.umn.edu/main-entry/mitig-ni
mishiiwaatig,mishiiwaatigw2,NA,NA_Cw,NONE,https://ojibwe.lib.umn.edu/main-entry/mishiiwaatig-na
naabezhashk,naabezhashkw2,NA,NA_Cw,NONE,https://ojibwe.lib.umn.edu/main-entry/naabezhashk-na
mikwandiikaan,mikwandiikaan,NI,NI_C,NONE,UnpublishedOPD
miinaganzh,miinaganzhy2,NI,NI_Cy,NONE,https://ojibwe.lib.umn.edu/main-entry/miinaganzh-ni
moona'aabikwewinini,moona'aabikwewininiw2,NA,NA_Vw,NONE,UnpublishedOPD
mikwandiins,mikwandiins,NA,NA_C,NONE,UnpublishedOPD
miinan,miin,NI,NI_C,NONE,https://ojibwe.lib.umn.edu/main-entry/miinan-ni
mishinamegwe,mishinamegwew2,NA,NA_VV,NONE,UnpublishedOPD
mitigo-jiimaan,mitigo-jiimaan,NI,NI_C,NONE,https://ojibwe.lib.umn.edu/main-entry/mitigo-jiimaan-ni
moona'aawangwaan,moona'aawangwaan,NI,NI_C,NONE,UnpublishedOPD
moowidikesi,moowidikesiw2,NA,NA_Vw,NONE,UnpublishedOPD
moowikewinini,moowikewininiw2,NA,NA_Vw,NONE,UnpublishedOPD
mitigo-makak,mitigo-makakw2,NI,NI_Cw,NONE,https://ojibwe.lib.umn.edu/main-entry/mitigo-makak-ni
miskwaabigan,miskwaabigan,NA,NA_C,NONE,https://ojibwe.lib.umn.edu/main-entry/miskwaabigan-na
mitigo-nibaagan,mitigo-nibaagan,NI,NI_C,NONE,UnpublishedOPD
mishoo,mishoow2,NAD,NAD_VV,NONE,UnpublishedOPD
mitigo-waakaa'igan,mitigo-waakaa'igan,NI,NI_C,NONE,https://ojibwe.lib.umn.edu/main-entry/mitigo-waakaa-igan-ni
moona'apinaakan,moona'apinaakan,NI,NI_C,NONE,UnpublishedOPD
mishoomey,mishoomey1,NAD,NAD_VVy,NONE,https://ojibwe.lib.umn.edu/main-entry/mishoomey-nad
mookaabiiga'igan,mookaabiiga'igan,NI,NI_C,NONE,UnpublishedOPD
naabibii'igan,naabibii'igan,NI,NI_C,NONE,https://ojibwe.lib.umn.edu/main-entry/naabibii-igan-ni
mooz,moozw2,NA,NA_Cw,NONE,https://ojibwe.lib.umn.edu/main-entry/mooz-na
minikwewigamig,minikwewigamigw2,NI,NI_Cw,NONE,https://ojibwe.lib.umn.edu/main-entry/minikwewigamig-ni
mishoomis,mishoomis,NAD,NAD_C,NONE,https://ojibwe.lib.umn.edu/main-entry/mishoomis-nad
mitigo-ziinzibaakwad,mitigo-ziinzibaakwadw2,NI,NI_Cw,NONE,UnpublishedOPD
nabagisag,nabagisagw2,NA,NA_Cw,NONE,https://ojibwe.lib.umn.edu/main-entry/nabagisag-na
naabibii'igewimakak,naabibii'igewimakakw2,NI,NI_Cw,NONE,UnpublishedOPD
mitigo-zisiboojigan,mitigo-zisiboojigan,NI,NI_C,NONE,https://ojibwe.lib.umn.edu/main-entry/mitigo-zisiboojigan-ni
moozhaabe,moozhaabew2,NA,NA_VV,NONE,https://ojibwe.lib.umn.edu/main-entry/moozhaabe-na
mishtadim,mishtadimw2,NA,NA_Cw,NONE,https://ojibwe.lib.umn.edu/main-entry/mishtadim-na
moona'ibaan,moona'ibaan,NI,NI_C,NONE,https://ojibwe.lib.umn.edu/main-entry/moona-ibaan-ni
mishtadimo-moo,mishtadimo-moow2,NI,NI_VV,NONE,UnpublishedOPD
na'iiwidinimaangan,na'iiwidinimaangan,NI,NI_C,NONE,UnpublishedOPD
mitigokaan,mitigokaan,NI,NI_C,NONE,UnpublishedOPD
mishtadimoo-manoomin,mishtadimoo-manoomin,NI,NI_C,NONE,UnpublishedOPD
nagamowin,nagamowin,NI,NI_C,NONE,https://ojibwe.lib.umn.edu/main-entry/nagamowin-ni
mishtadimoogamig,mishtadimoogamigw2,NI,NI_Cw,NONE,UnpublishedOPD
naga'ay,naga'ay,NAD,NAD_C,NONE,https://ojibwe.lib.umn.edu/main-entry/naga-ay-nad
moona'ibiiwinini,moona'ibiiwininiw2,NA,NA_Vw,NONE,https://ojibwe.lib.umn.edu/main-entry/moona-ibiiwinini-na
mitigomin,mitigomin,NI,NI_C,NONE,https://ojibwe.lib.umn.edu/main-entry/mitigomin-ni
nabagisago-jiimaan,nabagisago-jiimaan,NI,NI_C,NONE,https://ojibwe.lib.umn.edu/main-entry/nabagisago-jiimaan-ni
mishtadimoons,mishtadimoons,NA,NA_C,NONE,UnpublishedOPD
nagaskway,nagaskway,NID,NID_C,NONE,https://ojibwe.lib.umn.edu/main-entry/nagaskway-nid
mishwaawaak,mishwaawaakw2,NA,NA_Cw,NONE,UnpublishedOPD
miskwaabiimizh,miskwaabiimizhy2,NA,NA_Cy,NONE,https://ojibwe.lib.umn.edu/main-entry/miskwaabiimizh-na
na'iiwigaad,na'iiwigaad,NI,NI_C,NONE,UnpublishedOPD
nabagisago-waakaa'igan,nabagisago-waakaa'igan,NI,NI_C,NONE,UnpublishedOPD
misi-bisidoosi,misi-bisidoosiw2,NA,NA_Vw,NONE,UnpublishedOPD
moozhaganjigeshiinh,moozhaganjigeshiinhy1,NA,NA_VVny,NONE,UnpublishedOPD
na'iiwigad,na'iiwigad,NI,NI_C,NONE,UnpublishedOPD
mitigominzh,mitigominzhy2,NA,NA_Cy,NONE,https://ojibwe.lib.umn.edu/main-entry/mitigomizh-na
namakwiiwin,namakwiiwin,NI,NI_C,NONE,UnpublishedOPD
miskwaabik,miskwaabikw2,NI,NI_Cw,NONE,https://ojibwe.lib.umn.edu/main-entry/miskwaabik-ni
na'iiwigidig,na'iiwigidigw2,NA,NA_Cw,NONE,UnpublishedOPD
nabagisagoons,nabagisagoons,NA,NA_C,NONE,UnpublishedOPD
mookanang,mookanangw2,NA,NA_Cw,NONE,UnpublishedOPD
moona'igan,moona'igan,NI,NI_C,NONE,https://ojibwe.lib.umn.edu/main-entry/moona-igan-ni
namang,namangw2,NA,NA_Cw,NONE,UnpublishedOPD
misi-zaaga'iganiiwinini,misi-zaaga'iganiiwininiw2,NA,NA_Vw,NONE,UnpublishedOPD
na'iiwiingwaan,na'iiwiingwaan,NI,NI_C,NONE,UnpublishedOPD
mitigomizhiibag,mitigomizhiibagw2,NI,NI_Cw,NONE,UnpublishedOPD
namang,namangw2,NI,NI_Cw,NONE,UnpublishedOPD
na'iiwijiingwan,na'iiwijiingwan,NI,NI_C,NONE,UnpublishedOPD
naabidoo'igan,naabidoo'igan,NI,NI_C,NONE,https://ojibwe.lib.umn.edu/main-entry/naabidoo-igan-ni
naano-biiwaabikoons,naano-biiwaabikoons,NA,NA_C,NONE,UnpublishedOPD
nagaakininjy,nagaakininjy2,NID,NID_Cy,NONE,https://ojibwe.lib.umn.edu/main-entry/nagaakininjy-nid
naabidoo'iganaak,naabidoo'iganaakw2,NI,NI_Cw,NONE,UnpublishedOPD
na'iiwinagaakizidaan,na'iiwinagaakizidaan,NI,NI_C,NONE,UnpublishedOPD
mitigonaabe,mitigonaabew2,NA,NA_VV,NONE,UnpublishedOPD
nanaandawe'iwewinini,nanaandawe'iwewininiw2,NA,NA_Vw,NONE,UnpublishedOPD
na'iiwinikaan,na'iiwinikaan,NI,NI_C,NONE,UnpublishedOPD
naabigwe'oojigan,naabigwe'oojigan,NI,NI_C,NONE,https://ojibwe.lib.umn.edu/main-entry/naabigwe-oojigan-ni
mitigonaagan,mitigonaagan,NI,NI_C,NONE,https://ojibwe.lib.umn.edu/main-entry/mitigonaagan-ni
nagaakizid,nagaakizid,NID,NID_C,NONE,https://ojibwe.lib.umn.edu/main-entry/nagaakizid-nid
mitigonii'igan,mitigonii'igan,NI,NI_C,NONE,UnpublishedOPD
na'iiwininj,na'iiwininjy2,NI,NI_Cy,NONE,UnpublishedOPD
na'iiwishkiinzhig,na'iiwishkiinzhigw2,NI,NI_Cw,NONE,UnpublishedOPD
mitigoons,mitigoons,NI,NI_C,NONE,https://ojibwe.lib.umn.edu/main-entry/mitigoons-ni
nabaga'igan,nabaga'igan,NA,NA_C,NONE,UnpublishedOPD
na'iiwitawag,na'iiwitawag,NI,NI_C,NONE,UnpublishedOPD
na'iiwizid,na'iiwizid,NI,NI_C,NONE,UnpublishedOPD
namanjidoondan,namanjidoondan,NI,NI_C,NONE,UnpublishedOPD
moozheyaab,moozheyaaby2,NI,NI_Cy,NONE,UnpublishedOPD
mitigopwaagan,mitigopwaagan,NA,NA_C,NONE,UnpublishedOPD
namanjigaad,namanjigaad,NI,NI_C,NONE,https://ojibwe.lib.umn.edu/main-entry/namanjigaad-ni
nabagaabik,nabagaabikw2,NA,NA_Cw,NONE,https://ojibwe.lib.umn.edu/main-entry/nabagaabik-na
nanaandawi'iwe-nagamon,nanaandawi'iwe-nagamon,NI,NI_C,NONE,https://ojibwe.lib.umn.edu/main-entry/nanaandawi-iwe-nagamon-ni
namanjigidig,namanjigidigw2,NA,NA_Cw,NONE,UnpublishedOPD
moonikaan,moonikaan,NI,NI_C,NONE,https://ojibwe.lib.umn.edu/main-entry/moonikaan-ni
nandawenjigewigamig,nandawenjigewigamigw2,NI,NI_Cw,NONE,UnpublishedOPD
naabikaaganiiginoons,naabikaaganiiginoons,NA,NA_C,NONE,UnpublishedOPD
nanaandawi'iwewinini,nanaandawi'iwewininiw2,NA,NA_Vw,NONE,UnpublishedOPD
moozhikwe,moozhikwew2,NA,NA_VV,NONE,UnpublishedOPD
mitigwaab,mitigwaaby2,NA,NA_Cy,NONE,https://ojibwe.lib.umn.edu/main-entry/mitigwaab-na
naabikaaganiminag,naabikaaganimin,NA,NA_C,NONE,UnpublishedOPD
nagaashkaajigan=an,nagaashkaajigan,NI,NI_C,NONE,UnpublishedOPD
mooningwane,mooningwanew2,NA,NA_VV,NONE,https://ojibwe.lib.umn.edu/main-entry/mooningwane-na
naasaabibii'igan,naasaabibii'igan,NI,NI_C,NONE,UnpublishedOPD
nanaandawi'owin,nanaandawi'owin,NI,NI_C,NONE,UnpublishedOPD
nagaashkaajiganaaboo,nagaashkaajiganaaboow2,NI,NI_VV,NONE,UnpublishedOPD
miskwaabikokaan,miskwaabikokaan,NI,NI_C,NONE,UnpublishedOPD
namanjijiingwan,namanjijiingwan,NI,NI_C,NONE,UnpublishedOPD
mooningwanesi,mooningwanesiw2,NA,NA_Vw,NONE,UnpublishedOPD
miskwaabikoons,miskwaabikoons,NA,NA_C,NONE,https://ojibwe.lib.umn.edu/main-entry/miskwaabikoons-na
namanjinagaakizidaan,namanjinagaakizidaan,NI,NI_C,NONE,UnpublishedOPD
mizhwaagan,mizhwaagan,NA,NA_C,NONE,UnpublishedOPD
moozhwaagan,moozhwaagan,NI,NI_C,NONE,https://ojibwe.lib.umn.edu/main-entry/moozhwaagan-ni
namanjinaw,namanjinaw,NI,NI_C,NONE,UnpublishedOPD
mooniyaakwe,mooniyaakwew2,NA,NA_VV,NONE,UnpublishedOPD
nanaandawii'iwekiwenzii,nanaandawii'iwekiwenziiy1,NA,NA_VVy,NONE,UnpublishedOPD
miskwaadesi,miskwaadesiw2,NA,NA_Vw,NONE,https://ojibwe.lib.umn.edu/main-entry/miskwaadesi-na
mitigwaabaak,mitigwaabaakw2,NA,NA_Cw,NONE,https://ojibwe.lib.umn.edu/main-entry/mitigwaabaak-na
namanjinik,namanjinik,NI,NI_aa,NONE,https://ojibwe.lib.umn.edu/main-entry/namanjinik-ni
mooniyaawikwe,mooniyaawikwew2,NA,NA_VV,NONE,UnpublishedOPD
nanaandawii'iwesi,nanaandawii'iwesiw2,NA,NA_Vw,NONE,UnpublishedOPD
naawininj,naawininjy2,NI,NI_Cy,NONE,https://ojibwe.lib.umn.edu/main-entry/naawininj-ni
mooniyaawinini,mooniyaawininiw2,NA,NA_Vw,NONE,UnpublishedOPD
moozo-baasa'igan,moozo-baasa'igan,NI,NI_C,NONE,UnpublishedOPD
namanjinikaan,namanjinikaan,NI,NI_C,NONE,https://ojibwe.lib.umn.edu/main-entry/namanjinikaan-ni
naadamaagewinini,naadamaagewininiw2,NA,NA_Vw,NONE,UnpublishedOPD
naabikawaagan,naabikawaagan,NA,NA_C,NONE,https://ojibwe.lib.umn.edu/main-entry/naabikawaagan-na
naawininjaan,naawininjaan,NI,NI_C,NONE,UnpublishedOPD
moozo-bimide,moozo-bimidew2,NI,NI_VV,NONE,https://ojibwe.lib.umn.edu/main-entry/moozo-bimide-ni
moozo-gawishimowin,moozo-gawishimowin,NI,NI_C,NONE,UnpublishedOPD
moose,moosew2,NA,NA_VV,NONE,https://ojibwe.lib.umn.edu/main-entry/moose-na
nagizhy,nagizhy2,NID,NID_Cy,NONE,https://ojibwe.lib.umn.edu/main-entry/nagizhy-nid
moozo-moo,moozo-moow2,NI,NI_VV,NONE,https://ojibwe.lib.umn.edu/main-entry/moozo-moo-ni
na'inikaan,na'inikaan,NI,NI_C,NONE,UnpublishedOPD
moozo-wiiyaas,moozo-wiiyaas,NI,NI_C,NONE,https://ojibwe.lib.umn.edu/main-entry/moozo-wiiyaas-ni
namanjininj,namanjininjy2,NI,NI_Cy,NONE,UnpublishedOPD
nagwaagan,nagwaagan,NI,NI_C,NONE,https://ojibwe.lib.umn.edu/main-entry/nagwaagan-ni
moozobwaam,moozobwaam,NI,NI_C,NONE,https://ojibwe.lib.umn.edu/main-entry/moozobwaam-ni
naabikwaan,naabikwaan,NI,NI_C,NONE,https://ojibwe.lib.umn.edu/main-entry/naabikwaan-ni
namanjishkiinzhig,namanjishkiinzhigw2,NI,NI_Cw,NONE,UnpublishedOPD
moosekwayaan,moosekwayaan,NA,NA_C,NONE,UnpublishedOPD
moozode',moozode',NI,NI_C,NONE,https://ojibwe.lib.umn.edu/main-entry/moozode-ni
naabikwaanens,naabikwaanens,NI,NI_C,NONE,https://ojibwe.lib.umn.edu/main-entry/naabikwaanens-ni
nagwaaganeyaab,nagwaaganeyaaby2,NI,NI_Cy,NONE,https://ojibwe.lib.umn.edu/main-entry/nagwaaganeyaab-ni
namanjitawag,namanjitawag,NI,NI_C,NONE,UnpublishedOPD
misoonokaan,misoonokaan,NI,NI_C,NONE,https://ojibwe.lib.umn.edu/main-entry/misoonokaan-ni
moozodenaniw,moozodenaniw,NI,NI_C,NONE,https://ojibwe.lib.umn.edu/main-entry/moozodenaniw-ni
naabikwaanensi-boozaabikinigan,naabikwaanensi-boozaabikinigan,NI,NI_C,NONE,UnpublishedOPD
nagwaajigan,nagwaajigan,NI,NI_C,NONE,UnpublishedOPD
moozodoodikosiw,moozodoodikosiw,NA,NA_C,NONE,https://ojibwe.lib.umn.edu/main-entry/moozodoodikosiw-na
naabikwaanensi-jiimaan,naabikwaanensi-jiimaan,NI,NI_C,NONE,https://ojibwe.lib.umn.edu/main-entry/naabikwaanensi-jiimaan-ni
namanjizid,namanjizid,NI,NI_aa,NONE,https://ojibwe.lib.umn.edu/main-entry/namanjizid-ni
nagaawebishkigan,nagaawebishkigan,NI,NI_C,NONE,https://ojibwe.lib.umn.edu/main-entry/nagaawebishkigan-ni
nagwaanaabikoons,nagwaanaabikoons,NI,NI_C,NONE,UnpublishedOPD
name,namew2,NA,NA_VVw,NONE,https://ojibwe.lib.umn.edu/main-entry/name-na
moozogan,moozogan,NI,NI_C,NONE,https://ojibwe.lib.umn.edu/main-entry/moozogan-ni
nabagaatig,nabagaatigw2,NI,NI_Cw,NONE,UnpublishedOPD
nabisijigan,nabisijigan,NA,NA_C,NONE,UnpublishedOPD
naasaabubii'igan,naasaabubii'igan,NI,NI_C,NONE,UnpublishedOPD
naabikwaanensi-maajiishkaachigan,naabikwaanensi-maajiishkaachigan,NI,NI_C,NONE,https://ojibwe.lib.umn.edu/main-entry/naabikwaanensi-maajiishkaachigan-ni
nagaawebishkigan=an,nagaawebishkigan,NI,NI_C,NONE,UnpublishedOPD
moozojaan,moozojaan,NI,NI_C,NONE,https://ojibwe.lib.umn.edu/main-entry/moozojaan-ni
name-wewebanaabaan,name-wewebanaabaan,NI,NI_C,NONE,https://ojibwe.lib.umn.edu/main-entry/name-wewebanaabaan-ni
naabikwaanensiwi-biiwaabik,naabikwaanensiwi-biiwaabikw2,NI,NI_Cw,NONE,UnpublishedOPD
moozokon,moozokon,NI,NI_C,NONE,https://ojibwe.lib.umn.edu/main-entry/moozokon-ni
naabikwaanensiwi-jiimaan,naabikwaanensiwi-jiimaan,NI,NI_C,NONE,https://ojibwe.lib.umn.edu/main-entry/naabikwaanensiwi-jiimaan-ni
moozomin,moozomin,NI,NI_C,NONE,UnpublishedOPD
naabikwaani-jiimaan,naabikwaani-jiimaan,NA,NA_C,NONE,UnpublishedOPD
moozomooday,moozomooday,NI,NI_C,NONE,UnpublishedOPD
namebin,namebin,NA,NA_C,NONE,https://ojibwe.lib.umn.edu/main-entry/namebin-na
moozonagizhiins,moozonagizhiins,NI,NI_C,NONE,https://ojibwe.lib.umn.edu/main-entry/moozonagizhiins-ni
nagway,nagway,NID,NID_C,NONE,https://ojibwe.lib.umn.edu/main-entry/nagway-nid
moozonasid,moozonasid,NA,NA_C,NONE,UnpublishedOPD
namebini-giizis,namebini-giizisw2,NA,NA_Cw,NONE,https://ojibwe.lib.umn.edu/main-entry/namebini-giizis-na
naabinigan,naabinigan,NI,NI_C,NONE,UnpublishedOPD
moozoons,moozoons,NA,NA_C,NONE,UnpublishedOPD
nabanedinimaangane-waagaakwad,nabanedinimaangane-waagaakwadw2,NI,NI_Cw,NONE,UnpublishedOPD
naabinootaage-makak,naabinootaage-makakw2,NI,NI_Cw,NONE,https://ojibwe.lib.umn.edu/main-entry/naabinootaage-makak-ni
moozoonsiwegin,moozoonsiweginw2,NI,NI_Cw,NONE,UnpublishedOPD
mooshka'oosi,mooshka'oosiw2,NA,NA_Vw,NONE,UnpublishedOPD
nabagazheyaabik,nabagazheyaabikw2,NA,NA_Cw,NONE,UnpublishedOPD
moozoshangwan,moozoshangwan,NI,NI_C,NONE,UnpublishedOPD
naabinootaage-makakoons,naabinootaage-makakoons,NI,NI_C,NONE,https://ojibwe.lib.umn.edu/main-entry/naabinootaage-makakoons-ni
mooshka'oosiins,mooshka'oosiins,NA,NA_C,NONE,UnpublishedOPD
nanaapaajinikesi,nanaapaajinikesiw2,NA,NA_Vw,NONE,UnpublishedOPD
moozoshtigwaan,moozoshtigwaan,NI,NI_C,NONE,https://ojibwe.lib.umn.edu/main-entry/moozoshtigwaan-ni
namebinitigwaanigan,namebinitigwaanigan,NI,NI_C,NONE,UnpublishedOPD
naabinootaage-mazinaatesijigan,naabinootaage-mazinaatesijigan,NI,NI_C,NONE,UnpublishedOPD
nabagi-jiimaan,nabagi-jiimaan,NI,NI_C,NONE,https://ojibwe.lib.umn.edu/main-entry/nabagi-jiimaan-ni
namegos,namegos,NA,NA_C,NONE,https://ojibwe.lib.umn.edu/main-entry/namegos-na
nabagi-zisiboojigan,nabagi-zisiboojigan,NI,NI_C,NONE,https://ojibwe.lib.umn.edu/main-entry/nabagi-zisiboojigan-ni
namekwaan,namekwaan,NI,NI_C,NONE,https://ojibwe.lib.umn.edu/main-entry/namekwaan-ni
naazhaabii'igan,naazhaabii'igan,NI,NI_C,NONE,https://ojibwe.lib.umn.edu/main-entry/naazhaabii-igan-ni
namekwaanakizin,namekwaanakizin,NI,NI_C,NONE,https://ojibwe.lib.umn.edu/main-entry/namekwaanakizin-ni
namekwaanens,namekwaanens,NI,NI_C,NONE,UnpublishedOPD
nabaneningwii-wanii'igan,nabaneningwii-wanii'igan,NI,NI_C,NONE,UnpublishedOPD
naadoobaagan,naadoobaagan,NI,NI_C,NONE,UnpublishedOPD
naazhaabiiga'igan,naazhaabiiga'igan,NI,NI_C,NONE,UnpublishedOPD
naanoobii'igan,naanoobii'igan,NA,NA_C,NONE,https://ojibwe.lib.umn.edu/main-entry/naanoobii-igan-na
naadoobiiwakik,naadoobiiwakikw2,NA,NA_Cw,NONE,UnpublishedOPD
naabishebizon,naabishebizon,NI,NI_C,NONE,https://ojibwe.lib.umn.edu/main-entry/naabishebizon-ni
naazhaabiiga'iganaatig,naazhaabiiga'iganaatigw2,NI,NI_Cw,NONE,UnpublishedOPD
nabagidaabaan,nabagidaabaan,NA,NA_C,NONE,https://ojibwe.lib.umn.edu/main-entry/nabagidaabaan-na
namepin,namepin,NA,NA_C,NONE,https://ojibwe.lib.umn.edu/main-entry/namepin-na
nabagidaabaanaak,nabagidaabaanaakw2,NA,NA_Cw,NONE,https://ojibwe.lib.umn.edu/main-entry/nabagidaabaanaak-na
nameteg,nametegw2,NA,NA_irrCw,NONE,https://ojibwe.lib.umn.edu/main-entry/nameteg-na
nametegokaan,nametegokaan,NA,NA_C,NONE,UnpublishedOPD
naadowe,naadowew2,NA,NA_VV,NONE,UnpublishedOPD
nakwebijige-minjikaawan,nakwebijige-minjikaawan,NA,NA_C,NONE,https://ojibwe.lib.umn.edu/main-entry/nakwebijige-minjikaawan-na
nabidoonebizowin,nabidoonebizowin,NI,NI_C,NONE,UnpublishedOPD
nakwebijigewinini,nakwebijigewininiw2,NA,NA_Vw,NONE,https://ojibwe.lib.umn.edu/main-entry/nakwebijigewinini-na
nabizhigan,nabizhigan,NI,NI_C,NONE,UnpublishedOPD
nanaginiwewinini,nanaginiwewininiw2,NA,NA_Vw,NONE,https://ojibwe.lib.umn.edu/main-entry/nanaginiwewinini-na
naan,naan,NAD,NAD_C,NONE,https://ojibwe.lib.umn.edu/main-entry/naan-nad
namewasab,namewasaby2,NA,NA_Cy,NONE,https://ojibwe.lib.umn.edu/main-entry/namewasab-na
namewashkoons,namewashkoons,NI,NI_C,NONE,UnpublishedOPD
namewigan,namewigan,NI,NI_C,NONE,UnpublishedOPD
naboob,nabooby2,NI,NI_Cy,NONE,https://ojibwe.lib.umn.edu/main-entry/naboob-ni
nanaa'idaabaanewinini,nanaa'idaabaanewininiw2,NA,NA_Vw,NONE,https://ojibwe.lib.umn.edu/main-entry/nanaa-idaabaanewinini-na
naboobiikaan,naboobiikaan,NI,NI_C,NONE,UnpublishedOPD
nanaa'idaabaanikewinini,nanaa'idaabaanikewininiw2,NA,NA_Vw,NONE,https://ojibwe.lib.umn.edu/main-entry/nanaa-idaabaanikewinini-na
naazhiiga'igan,naazhiiga'igan,NI,NI_C,NONE,https://ojibwe.lib.umn.edu/main-entry/naazhiiga-igan-ni
naboobiiwaabo,naboobiiwaabow2,NI,NI_Vw,NONE,UnpublishedOPD
nandookomeshiinh,nandookomeshiinhy1,NA,NA_VVny,NONE,https://ojibwe.lib.umn.edu/main-entry/nandookomeshiinh-na
nagamon,nagamon,NI,NI_C,NONE,https://ojibwe.lib.umn.edu/main-entry/nagamon-ni
nagamoo-makak,nagamoo-makakw2,NI,NI_Cw,NONE,https://ojibwe.lib.umn.edu/main-entry/nagamoo-makak-ni
nagamoo-makakoons,nagamoo-makakoons,NI,NI_C,NONE,UnpublishedOPD
nagamoowinini,nagamoowininiw2,NA,NA_Vw,NONE,UnpublishedOPD
namakwaan,namakwaan,NI,NI_C,NONE,UnpublishedOPD
minikwewin,minikwewin,NI,NI_C,NONE,https://ojibwe.lib.umn.edu/main-entry/minikwewin-ni
nabagada'igan,nabagada'igan,NI,NI_C,NONE,https://ojibwe.lib.umn.edu/main-entry/nabagada-igan-ni
miinidiwin,miinidiwin,NI,NI_C,NONE,https://ojibwe.lib.umn.edu/main-entry/miinidiwin-ni
mimigwaabika'igan,mimigwaabika'igan,NI,NI_C,NONE,https://ojibwe.lib.umn.edu/main-entry/mimigwaabika-igan-ni
misan,mis,NI,NI_ShortC,NONE,https://ojibwe.lib.umn.edu/main-entry/misan-ni
naabikaagan,naabikaagan,NI,NI_C,NONE,https://ojibwe.lib.umn.edu/main-entry/naabikaagan-na
mishiibizhiw,mishiibizhiw,NA,NA_C,NONE,https://ojibwe.lib.umn.edu/main-entry/mishiibizhiw-na
mitigo-akandoowin,mitigo-akandoowin,NI,NI_C,NONE,https://ojibwe.lib.umn.edu/main-entry/mitigo-akandoowin-ni
miigiwewin,miigiwewin,NI,NI_C,NONE,https://ojibwe.lib.umn.edu/main-entry/miigiwewin-ni
miskwaabiimag,miskwaabiimagw2,NA,NA_Cw,NONE,https://ojibwe.lib.umn.edu/main-entry/miskwaabiimag-na
miskwaabiimagoons,miskwaabiimagoons,NA,NA_C,NONE,https://ojibwe.lib.umn.edu/main-entry/miskwaabiimagoons-na
migiskan,migiskan,NI,NI_C,NONE,https://ojibwe.lib.umn.edu/main-entry/migiskan-ni
mishibizhii,mishibizhiiw2,NA,NA_VV,NONE,https://ojibwe.lib.umn.edu/main-entry/mishibizhii-na
misko-zhingwaak,misko-zhingwaakw2,NA,NA_Cw,NONE,UnpublishedOPD
na'aangii,na'aangiiw2,NAD,NAD_VV,NONE,https://ojibwe.lib.umn.edu/main-entry/na-aangii-nad
naabese,naabesew2,NA,NA_VV,NONE,https://ojibwe.lib.umn.edu/main-entry/naabese-na
naabesim,naabesimw2,NA,NA_Cw,NONE,https://ojibwe.lib.umn.edu/main-entry/naabesim-na
nabagda'igan,nabagda'igan,NI,NI_C,NONE,UnpublishedOPD
nase'igan,nase'igan,NI,NI_C,NONE,https://ojibwe.lib.umn.edu/main-entry/nase-igan-ni
ndoodem,ndoodem,NAD,NAD_C,NONE,UnpublishedOPD
naseyaawangwaan,naseyaawangwaan,NI,NI_C,NONE,https://ojibwe.lib.umn.edu/main-entry/naseyaawangwaan-ni
ndoodoow,ndoodoow2,NAD,NAD_VV,NONE,UnpublishedOPD
ndoozhim,ndoozhim,NAD,NAD_C,NONE,https://ojibwe.lib.umn.edu/main-entry/ndoozhim-nad
nashkidy,nashkidy2,NID,NID_Cy,NONE,https://ojibwe.lib.umn.edu/main-entry/nashkidy-nid
nasidw,nasidw2,NID,NID_Cw,NONE,UnpublishedOPD
negwaakwaan,negwaakwaan,NI,NI_C,NONE,https://ojibwe.lib.umn.edu/main-entry/negwaakwaan-ni
newajiw,newajiw,NI,NI_C,NONE,UnpublishedOPD
newe,newew2,NA,NA_VV,NONE,https://ojibwe.lib.umn.edu/main-entry/newe-na
nibaagan,nibaagan,NI,NI_C,NONE,https://ojibwe.lib.umn.edu/main-entry/nibaagan-ni
nibinaadookana,nibinaadookan,NI,NI_Kana,NONE,UnpublishedOPD
nibaaganaak,nibaaganaakw2,NI,NI_Cw,NONE,UnpublishedOPD
nibinaadoowakik,nibinaadoowakikw2,NA,NA_Cw,NONE,UnpublishedOPD
nibaaganaatig,nibaaganaatigw2,NI,NI_Cw,NONE,https://ojibwe.lib.umn.edu/main-entry/nibaaganaatig-ni
nibinaadwaaganaatig,nibinaadwaaganaatigw2,NI,NI_Cw,NONE,https://ojibwe.lib.umn.edu/main-entry/nibinaadwaaganaatig-ni
nekizhe'igan,nekizhe'igan,NI,NI_C,NONE,UnpublishedOPD
neyaakwaa,neyaakwaaw2,NI,NI_VV,NONE,UnpublishedOPD
nibaaganiigin,nibaaganiiginw2,NI,NI_Cw,NONE,UnpublishedOPD
nibinaadwaaganakik,nibinaadwaaganakikw2,NA,NA_Cw,NONE,https://ojibwe.lib.umn.edu/main-entry/nibinaadwaaganakik-na
nemaab,nemaaby2,NA,NA_Cy,NONE,https://ojibwe.lib.umn.edu/main-entry/nemaab-na
neyaashi,neyaashiw2,NI,NI_Vw,NONE,https://ojibwe.lib.umn.edu/main-entry/neyaashi-ni
nemaabiins,nemaabiins,NA,NA_C,NONE,https://ojibwe.lib.umn.edu/main-entry/nemaabiins-na
neyaashiiwinini,neyaashiiwininiw2,NA,NA_Vw,NONE,UnpublishedOPD
nemaabiiwigamig,nemaabiiwigamigw2,NI,NI_Cw,NONE,https://ojibwe.lib.umn.edu/main-entry/nemaabiiwigamig-ni
neyakokwaanens,neyakokwaanens,NI,NI_C,NONE,UnpublishedOPD
nenaakwaandawaan,nenaakwaandawaan,NI,NI_C,NONE,UnpublishedOPD
niimi'idii-nagamon,niimi'idii-nagamon,NI,NI_C,NONE,https://ojibwe.lib.umn.edu/main-entry/niimi-idii-nagamon-ni
niigi'igw,niigi'igw2,NAD,NAD_Cw,NONE,https://ojibwe.lib.umn.edu/main-entry/niigi-igw-nad
niigijii,niigijiiw2,NA,NA_VV,NONE,UnpublishedOPD
niboowidaabaan,niboowidaabaan,NA,NA_C,NONE,https://ojibwe.lib.umn.edu/main-entry/niboowidaabaan-na
niigijiinh,niigijiinh,NA,NA_C,NONE,UnpublishedOPD
niimi'iwewinini,niimi'iwewininiw2,NA,NA_Vw,NONE,UnpublishedOPD
nenaapaajinikesi,nenaapaajinikesiw2,NA,NA_Vw,NONE,https://ojibwe.lib.umn.edu/main-entry/nenaapaajinikesi-na
niboowigamig,niboowigamigw2,NI,NI_Cw,NONE,https://ojibwe.lib.umn.edu/main-entry/niboowigamig-ni
niimi'iweyinini,niimi'iweyininiw2,NA,NA_Vw,NONE,UnpublishedOPD
niingidawaatig,niingidawaatigw2,NI,NI_Cw,NONE,UnpublishedOPD
nenabozhomoodiyaan,nenabozhomoodiyaan,NI,NI_C,NONE,UnpublishedOPD
nenabozhoo-zhinawa'oojiganens,nenabozhoo-zhinawa'oojiganens,NI,NI_C,NONE,UnpublishedOPD
nibe-mashkiki,nibe-mashkikiw2,NI,NI_Vw,NONE,UnpublishedOPD
nibe-mashkikiins,nibe-mashkikiins,NI,NI_C,NONE,UnpublishedOPD
nibe-mashkimod,nibe-mashkimod,NI,NI_C,NONE,UnpublishedOPD
nibowin,nibowin,NI,NI_C,NONE,https://ojibwe.lib.umn.edu/main-entry/nibowin-ni
nawajiiwigamig,nawajiiwigamigw2,NI,NI_Cw,NONE,UnpublishedOPD
nibwaam,nibwaam,NID,NID_C,NONE,https://ojibwe.lib.umn.edu/main-entry/nibwaam-nid
nengawimin,nengawimin,NI,NI_C,NONE,UnpublishedOPD
nengawiminaganzh,nengawiminaganzhy2,NI,NI_Cy,NONE,https://ojibwe.lib.umn.edu/main-entry/nengawiminaganzh-na
niishkw,niishkw2,NAD,NAD_Cw,NONE,https://ojibwe.lib.umn.edu/main-entry/niishkw-nad
nawapon,nawapon,NI,NI_C,NONE,UnpublishedOPD
iinindib,iinindib,NID,NID_aa,NONE,https://ojibwe.lib.umn.edu/main-entry/niinindib-nid
nawapwaan,nawapwaan,NI,NI_C,NONE,https://ojibwe.lib.umn.edu/main-entry/nawapwaan-ni
nawapwaani-makak,nawapwaani-makakw2,NI,NI_Cw,NONE,UnpublishedOPD
niiwoobii'igan,niiwoobii'igan,NA,NA_C,NONE,https://ojibwe.lib.umn.edu/main-entry/niiwoobii-igan-na
nibewaaboo,nibewaaboow2,NI,NI_VV,NONE,UnpublishedOPD
ngodwaaso-biiwaabikoons,ngodwaaso-biiwaabikoons,NA,NA_C,NONE,UnpublishedOPD
nibewayaan,nibewayaan,NI,NI_C,NONE,https://ojibwe.lib.umn.edu/main-entry/nibewayaan-ni
niibinaakwaanininj,niibinaakwaanininjy2,NI,NI_Cy,NONE,https://ojibwe.lib.umn.edu/main-entry/niibinaakwaanininj-ni
niibinaakwaanizid,niibinaakwaanizid,NI,NI_C,NONE,UnpublishedOPD
niimii-makizin,niimii-makizin,NI,NI_C,NONE,UnpublishedOPD
niibinaakwaanizidaan,niibinaakwaanizidaan,NI,NI_C,NONE,https://ojibwe.lib.umn.edu/main-entry/niibinaakwaanizidaan-ni
daamikan,daamikan,NID,NID_aa,NONE,https://ojibwe.lib.umn.edu/main-entry/indaamikan-nid
niibinamik,niibinamikw2,NA,NA_Cw,NONE,UnpublishedOPD
nibewinaabik,nibewinaabikw2,NI,NI_Cw,NONE,UnpublishedOPD
nidoondan,nidoondan,NID,NID_aa,NONE,https://ojibwe.lib.umn.edu/main-entry/nidoondan-nid
nibewinaak,nibewinaakw2,NA,NA_Cw,NONE,UnpublishedOPD
niibini-binesi,niibini-binesiw2,NA,NA_Vw,NONE,UnpublishedOPD
niiyaas,niiyaas,NID,NID_C,NONE,UnpublishedOPD
nibi,niby2,NI,NI_ShortCy,NONE,https://ojibwe.lib.umn.edu/main-entry/nibi-ni
nigig,nigigw2,NA,NA_irrCw,NONE,https://ojibwe.lib.umn.edu/main-entry/nigig-na
nigig,nigigw2,NA,NA_Cw,NONE,https://ojibwe.lib.umn.edu/main-entry/nigig-na
niibini-wiiwakwaan,niibini-wiiwakwaan,NI,NI_C,NONE,UnpublishedOPD
niiyaw,niiyaw,NID,NID_C,NONE,https://ojibwe.lib.umn.edu/main-entry/niiyaw-nid
nigigoonsimin,nigigoonsimin,NI,NI_C,NONE,https://ojibwe.lib.umn.edu/main-entry/nigigoonsimin-ni
niiyawan'ey,niiyawan'ey1,NAD,NAD_VVy,NONE,UnpublishedOPD
niibinishiiwigamig,niibinishiiwigamigw2,NI,NI_Cw,NONE,https://ojibwe.lib.umn.edu/main-entry/niibinishiiwigamig-ni
niiyawen'enhy,niiyawen'enhy1,NAD,NAD_VVny,NONE,https://ojibwe.lib.umn.edu/main-entry/niiyawen-enh-nad
nigigozow,nigigozow,NI,NI_C,NONE,UnpublishedOPD
nigigwayaan,nigigwayaan,NA,NA_C,NONE,https://ojibwe.lib.umn.edu/main-entry/nigigwayaan-na
ngodwaasoobii'igan,ngodwaasoobii'igan,NA,NA_C,NONE,UnpublishedOPD
niibiniwayaan,niibiniwayaan,NA,NA_C,NONE,UnpublishedOPD
nenookaasi,nenookaasiw2,NA,NA_Vw,NONE,https://ojibwe.lib.umn.edu/main-entry/nenookaasi-na
-koonzh,-koonzh,NID,NID_C,NONE,UnpublishedOPD
niibinookwaanizidaan,niibinookwaanizidaan,NI,NI_C,NONE,UnpublishedOPD
nikwegan,nikwegan,NID,NID_aa,NONE,https://ojibwe.lib.umn.edu/main-entry/nikwegan-nid
nesegwaabide'on,nesegwaabide'on,NI,NI_C,NONE,UnpublishedOPD
niij-anishinaabe,niij-anishinaabew2,NA,NA_VV,NONE,UnpublishedOPD
nibiisag,nibiisagw2,NI,NI_Cw,NONE,UnpublishedOPD
-iijanishinaabe,-iijanishinaabew2,NAD,NAD_VV,NONE,UnpublishedOPD
niij'aya'aa,niij'aya'aaw2,NA,NA_VV,NONE,UnpublishedOPD
ngondashkway,ngondashkway,NID,NID_C,NONE,UnpublishedOPD
niizho-biiwaabikoons,niizho-biiwaabikoons,NA,NA_C,NONE,UnpublishedOPD
niijaanis,niijaanis,NAD,NAD_C,NONE,https://ojibwe.lib.umn.edu/main-entry/niijaanis-nad
ngozis,ngozis,NAD,NAD_C,NONE,UnpublishedOPD
nimaamaanaan,nimaamaanaan,NAD,NAD_C,NONE,UnpublishedOPD
-iidikwew,-iidikwew2,NAD,NAD_VV,NONE,UnpublishedOPD
ngozisens,ngozisens,NAD,NAD_C,NONE,UnpublishedOPD
nimaamaawikaawin,nimaamaawikaawin,NAD,NAD_C,NONE,UnpublishedOPD
iiji-bimaadizii,iiji-bimaadiziiw2,NAD,NAD_VV,NONE,UnpublishedOPD
ngwiimew,ngwiimew2,NAD,NAD_VV,NONE,UnpublishedOPD
nimaamaay,nimaamaay1,NAD,NAD_VVy,NONE,UnpublishedOPD
niiji-doodem,niiji-doodem,NAD,NAD_C,NONE,UnpublishedOPD
nimaskawiziiwin,nimaskawiziiwin,NID,NID_C,NONE,UnpublishedOPD
-iiji-wemitigoozhiw,-iiji-wemitigoozhiw2,NAD,NAD_Vw,NONE,UnpublishedOPD
niigaan-ogimaa,niigaan-ogimaaw2,NA,NA_VV,NONE,UnpublishedOPD
nimidechininjy,nimidechininjy2,NID,NID_Cy,NONE,UnpublishedOPD
niizhwaasoobii'igan,niizhwaasoobii'igan,NA,NA_C,NONE,https://ojibwe.lib.umn.edu/main-entry/niizhwaasoobii-igan-na
niiji'aya'aa,niiji'aya'aaw2,NA,NA_VV,NONE,UnpublishedOPD
nimigy,nimigy2,NID,NID_Cy,NONE,UnpublishedOPD
niiyo-biiwaabikoons,niiyo-biiwaabikoons,NA,NA_C,NONE,UnpublishedOPD
niijigamigishkawaagan,niijigamigishkawaagan,NAD,NAD_C,NONE,UnpublishedOPD
niibaa-binens,niibaa-binens,NA,NA_C,NONE,UnpublishedOPD
niijigimaagan,niijigimaagan,NAD,NAD_C,NONE,UnpublishedOPD
niijii,niijiiw2,NAD,NAD_VV,NONE,https://ojibwe.lib.umn.edu/main-entry/niijii-nad
ningaasimoo-jiimaan,ningaasimoo-jiimaan,NI,NI_C,NONE,https://ojibwe.lib.umn.edu/main-entry/ningaasimoo-jiimaan-ni
niisiigi-minjikaawan,niisiigi-minjikaawan,NA,NA_C,NONE,https://ojibwe.lib.umn.edu/main-entry/niisiigi-minjikaawan-na
niijikiwenhy,niijikiwenhy1,NAD,NAD_VVny,NONE,https://ojibwe.lib.umn.edu/main-entry/niijikiwenh-nad
ningaasimoon,ningaasimoon,NI,NI_C,NONE,UnpublishedOPD
niibaa-gookooko'oo,niibaa-gookooko'oow2,NA,NA_VV,NONE,UnpublishedOPD
napodin,napodin,NA,NA_C,NONE,https://ojibwe.lib.umn.edu/main-entry/napodin-na
niijikwe,niijikwew2,NA,NA_VV,NONE,https://ojibwe.lib.umn.edu/main-entry/niijikwe-na
niijininiw,niijininiw2,NAD,NAD_Vw,NONE,UnpublishedOPD
niitaaw,niitaaw2,NAD,NAD_VV,NONE,https://ojibwe.lib.umn.edu/main-entry/niitaa-nad
ningaasimoonowi-jiimaan,ningaasimoonowi-jiimaan,NI,NI_C,NONE,UnpublishedOPD
nazikwe'igan,nazikwe'igan,NI,NI_C,NONE,UnpublishedOPD
niikaan,niikaan,NAD,NAD_C,NONE,UnpublishedOPD
niitaawis,niitaawis,NAD,NAD_C,NONE,https://ojibwe.lib.umn.edu/main-entry/niitaawis-nad
ningaasimoonowin,ningaasimoonowin,NI,NI_C,NONE,https://ojibwe.lib.umn.edu/main-entry/ningaasimoonowin-ni
niminaawaandawaagan,niminaawaandawaagan,NI,NI_C,NONE,https://ojibwe.lib.umn.edu/main-entry/niminaawaandawaagan-ni
nasaabikinigan,nasaabikinigan,NI,NI_C,NONE,https://ojibwe.lib.umn.edu/main-entry/nasaabikinigan-ni
ningaasimoowegin,ningaasimooweginw2,NI,NI_Cw,NONE,UnpublishedOPD
ningwiigan,ningwiigan,NID,NID_C,NONE,https://ojibwe.lib.umn.edu/main-entry/ningwiigan-nid
ningaasimoowinini,ningaasimoowininiw2,NA,NA_Vw,NONE,https://ojibwe.lib.umn.edu/main-entry/ningaasimoowinini-na
ningaasimowin,ningaasimowin,NI,NI_C,NONE,UnpublishedOPD
shiimey,shiimey1,NAD,NAD_VVy,NONE,https://ojibwe.lib.umn.edu/main-entry/nishiime-nad
ningozisens,ningozisens,NAD,NAD_C,NONE,UnpublishedOPD
ningwiigani-miigwan,ningwiigani-miigwan,NA,NA_C,NONE,UnpublishedOPD
ndaanens,ndaanens,NAD,NAD_C,NONE,UnpublishedOPD
ndaangoshenhy,ndaangoshenhy1,NAD,NAD_VVny,NONE,UnpublishedOPD
nibiiwakik,nibiiwakikw2,NA,NA_Cw,NONE,https://ojibwe.lib.umn.edu/main-entry/nibiiwakik-na
ningaazimoon,ningaazimoon,NI,NI_C,NONE,UnpublishedOPD
daangwey,daangwey1,NAD,NAD_VVy,NONE,https://ojibwe.lib.umn.edu/main-entry/indaangwe-nad
ningwa'abwaan,ningwa'abwaan,NA,NA_C,NONE,https://ojibwe.lib.umn.edu/main-entry/ningwa-abwaan-na
niniijaanisens,niniijaanisens,NAD,NAD_C,NONE,UnpublishedOPD
ndaanikobidaagan,ndaanikobidaagan,NAD,NAD_C,NONE,UnpublishedOPD
niniijaanisikaawin,niniijaanisikaawin,NAD,NAD_C,NONE,UnpublishedOPD
ndaanikoobijigan,ndaanikoobijigan,NAD,NAD_C,NONE,UnpublishedOPD
niimoobaan,niimoobaan,NI,NI_C,NONE,UnpublishedOPD
ndaanis,ndaanis,NAD,NAD_C,NONE,UnpublishedOPD
ndakiwenziiyim,ndakiwenziiyim,NA,NA_C,NONE,UnpublishedOPD
nik,nik,NID,NID_aa,NONE,https://ojibwe.lib.umn.edu/main-entry/ninik-nid
ningwa'akaan,ningwa'akaan,NI,NI_C,NONE,UnpublishedOPD
-shimis,-shimis,NAD,NAD_C,NONE,https://ojibwe.lib.umn.edu/main-entry/nishimis-nad
ningwy,ningwy2,NID,NID_Cy,NONE,https://ojibwe.lib.umn.edu/main-entry/nining-nid
niisiiwezhigan,niisiiwezhigan,NI,NI_C,NONE,https://ojibwe.lib.umn.edu/main-entry/niisiiwezhigan-ni
nishiw,nishiw2,NAD,NAD_Vw,NONE,https://ojibwe.lib.umn.edu/main-entry/nishiw-nad
nday,nday,NAD,NAD_C,NONE,UnpublishedOPD
ndaya'aam,ndaya'aam,NA,NA_C,NONE,UnpublishedOPD
ndaya'iim,ndaya'iim,NI,NI_C,NONE,UnpublishedOPD
ndayens,ndayens,NAD,NAD_C,NONE,UnpublishedOPD
nishwaasoobii'igan,nishwaasoobii'igan,NA,NA_C,NONE,https://ojibwe.lib.umn.edu/main-entry/nishwaasoobii-igan-na
ningashkobiisigan,ningashkobiisigan,NI,NI_C,NONE,UnpublishedOPD
niigaani-niimi'iwewinini,niigaani-niimi'iwewininiw2,NA,NA_Vw,NONE,UnpublishedOPD
ndedey,ndedey1,NAD,NAD_VVy,NONE,UnpublishedOPD
ningezigwa'an,ningezigwa'an,NA,NA_C,NONE,UnpublishedOPD
ndikwaaw,ndikwaaw2,NAD,NAD_VV,NONE,UnpublishedOPD
niningwan,niningwan,NAD,NAD_C,NONE,https://ojibwe.lib.umn.edu/main-entry/niningwan-nad
niisinigan,niisinigan,NI,NI_C,NONE,https://ojibwe.lib.umn.edu/main-entry/niisinigan-ni
ningigwanii'igan,ningigwanii'igan,NI,NI_C,NONE,UnpublishedOPD
ningwanis,ningwanis,NAD,NAD_C,NONE,https://ojibwe.lib.umn.edu/main-entry/niningwanis-nad
nitiikewikwe,nitiikewikwew2,NA,NA_VV,NONE,UnpublishedOPD
nitiikewinini,nitiikewininiw2,NA,NA_Vw,NONE,UnpublishedOPD
nininjy,nininjy2,NID,NID_Cy,NONE,https://ojibwe.lib.umn.edu/main-entry/nininj-nid
nitiiwaabo,nitiiwaabow2,NI,NI_Vw,NONE,UnpublishedOPD
ninjy,ninjy2,NID,NID_Cy,NONE,https://ojibwe.lib.umn.edu/main-entry/ninjy-nid
nitiiwakik,nitiiwakikw2,NA,NA_Cw,NONE,https://ojibwe.lib.umn.edu/main-entry/nitiiwakik-na
-jiimens,-jiimens,NAD,NAD_C,NONE,UnpublishedOPD
skatigw,skatigw2,NID,NID_Cw,NONE,UnpublishedOPD
niiwezhiwe-mazina'iganens,niiwezhiwe-mazina'iganens,NI,NI_C,NONE,UnpublishedOPD
ninjiins,ninjiins,NID,NID_C,NONE,https://ojibwe.lib.umn.edu/main-entry/ninjiins-nid
ningodwaaso-biiwaabikoons,ningodwaaso-biiwaabikoons,NA,NA_C,NONE,UnpublishedOPD
ninogaakizid,ninogaakizid,NID,NID_C,NONE,UnpublishedOPD
nosheny,nosheny1,NAD,NAD_VVny,NONE,https://ojibwe.lib.umn.edu/main-entry/ninoshenh-nad
niwiidigemaagan,niwiidigemaagan,NA,NA_C,NONE,UnpublishedOPD
niminaaweyaandawaagan,niminaaweyaandawaagan,NI,NI_C,NONE,https://ojibwe.lib.umn.edu/main-entry/niminaaweyaandawaagan-ni
now,now,NID,NID_aa,NONE,https://ojibwe.lib.umn.edu/main-entry/ninow-nid
niwiigimaagan,niwiigimaagan,NAD,NAD_C,NONE,UnpublishedOPD
pikwan,pikwan,NID,NID_aa,NONE,https://ojibwe.lib.umn.edu/main-entry/nipikwan-nid
-wiijigimaagan,-wiijigimaagan,NAD,NAD_C,NONE,UnpublishedOPD
iibid,iibid,NID,NID_aa,NONE,https://ojibwe.lib.umn.edu/main-entry/niibid-nid
-wiijiiwaagan,-wiijiiwaagan,NAD,NAD_C,NONE,UnpublishedOPD
niisaandawaagan,niisaandawaagan,NI,NI_C,NONE,UnpublishedOPD
wiiw,wiiw,NAD,NAD_C,NONE,https://ojibwe.lib.umn.edu/main-entry/niwiiw-nad
nisaabaawajige-wanii'igan,nisaabaawajige-wanii'igan,NI,NI_C,NONE,UnpublishedOPD
niiska'igan,niiska'igan,NI,NI_C,NONE,UnpublishedOPD
niiyoobag,niiyoobagw2,NI,NI_Cw,NONE,UnpublishedOPD
njichaagw,njichaagw2,NAD,NAD_Cw,NONE,UnpublishedOPD
niiyoobii'igan,niiyoobii'igan,NA,NA_C,NONE,https://ojibwe.lib.umn.edu/main-entry/niiyoobii-igan-na
niso-biiwaabikoons,niso-biiwaabikoons,NA,NA_C,NONE,UnpublishedOPD
nimindimooweyim,nimindimooweyim,NA,NA_C,NONE,UnpublishedOPD
niizhoobii'igan,niizhoobii'igan,NA,NA_C,NONE,https://ojibwe.lib.umn.edu/main-entry/niizhoobii-igan-na
niswaakodaabaan,niswaakodaabaan,NI,NI_C,NONE,https://ojibwe.lib.umn.edu/main-entry/niswaakodaabaan-ni
misad,misad,NID,NID_aa,NONE,https://ojibwe.lib.umn.edu/main-entry/nimisad-nid
niizhwaaso-biiwaabikoons,niizhwaaso-biiwaabikoons,NA,NA_C,NONE,UnpublishedOPD
nimisenhy,nimisenhy1,NAD,NAD_VVny,NONE,https://ojibwe.lib.umn.edu/main-entry/nimisenh-nad
noobaajigaans,noobaajigaans,NI,NI_C,NONE,https://ojibwe.lib.umn.edu/main-entry/noobaajigaans-ni
nimishoo,nimishoow2,NAD,NAD_VV,NONE,https://ojibwe.lib.umn.edu/main-entry/nimishoo-nad
niizhoodenh,niizhoodenhy1,NA,NA_VVny,NONE,https://ojibwe.lib.umn.edu/main-entry/niizhoodenh-na
nik,nik,NID,NID_C,NONE,https://ojibwe.lib.umn.edu/main-entry/nik-nid
noobaajigan,noobaajigan,NI,NI_C,NONE,https://ojibwe.lib.umn.edu/main-entry/noobaajigan-ni
odaajinamaneshiinh,odaajinamaneshiinh,NA,NA_C,NONE,https://ojibwe.lib.umn.edu/main-entry/odaajinamaneshiinh-na
nika,nik,NA,NA_ShortC,NONE,https://ojibwe.lib.umn.edu/main-entry/nika-na
nisaabikibijigan,nisaabikibijigan,NI,NI_C,NONE,UnpublishedOPD
kaakigan,kaakigan,NID,NID_aa,NONE,https://ojibwe.lib.umn.edu/main-entry/nikaakigan-nid
odaakaan,odaakaan,NA,NA_C,NONE,UnpublishedOPD
nisaabikinigan,nisaabikinigan,NI,NI_C,NONE,https://ojibwe.lib.umn.edu/main-entry/nisaabikinigan-ni
kakwan,kakwan,NID,NID_aa,NONE,https://ojibwe.lib.umn.edu/main-entry/nikakwan-nid
noomakwaan,noomakwaan,NI,NI_C,NONE,https://ojibwe.lib.umn.edu/main-entry/noomakwaan-ni
odaake-ogimaa,odaake-ogimaaw2,NA,NA_VV,NONE,https://ojibwe.lib.umn.edu/main-entry/odaake-ogimaa-na
nimitaamoon,nimitaamoon,NA,NA_C,NONE,UnpublishedOPD
ningodwaasoobii'igan,ningodwaasoobii'igan,NA,NA_C,NONE,https://ojibwe.lib.umn.edu/main-entry/ningodwaasoobii-igan-na
odaakewigamig,odaakewigamigw2,NI,NI_Cw,NONE,UnpublishedOPD
odaakewigimaa,odaakewigimaaw2,NA,NA_VV,NONE,https://ojibwe.lib.umn.edu/main-entry/odaakewigimaa-na
nina'aanganikwem,nina'aanganikwem,NAD,NAD_C,NONE,UnpublishedOPD
nookabiwin,nookabiwin,NI,NI_C,NONE,https://ojibwe.lib.umn.edu/main-entry/nookabiwin-ni
obanaanii,obanaaniiw2,NA,NA_VV,NONE,UnpublishedOPD
-doodooshim,-doodooshim,NAD,NAD_C,NONE,UnpublishedOPD
odaakewinini,odaakewininiw2,NA,NA_Vw,NONE,https://ojibwe.lib.umn.edu/main-entry/odaakewinini-na
niingawimin,niingawimin,NI,NI_C,NONE,UnpublishedOPD
noomazhaan,noomazhaan,NI,NI_C,NONE,https://ojibwe.lib.umn.edu/main-entry/noomazhaan-ni
ninaan,ninaan,NAD,NAD_C,NONE,https://ojibwe.lib.umn.edu/main-entry/ninaan-nad
nitaagan,nitaagan,NA,NA_C,NONE,UnpublishedOPD
niinge,niingew2,NAD,NAD_VV,NONE,UnpublishedOPD
ninaawininjy,ninaawininjy2,NID,NID_Cy,NONE,UnpublishedOPD
katigw,katigw,NID,NID_aa,NONE,https://ojibwe.lib.umn.edu/main-entry/nikatig-nid
niingidawa'anzhe,niingidawa'anzhew2,NA,NA_VV,NONE,UnpublishedOPD
ninaazid,ninaazid,NID,NID_C,NONE,UnpublishedOPD
noomazhenigan,noomazhenigan,NI,NI_C,NONE,UnpublishedOPD
odoondan,odoondan,NI,NI_C,NONE,https://ojibwe.lib.umn.edu/main-entry/odoondan-ni
noomazhewin,noomazhewin,NI,NI_C,NONE,UnpublishedOPD
obiigomagakii,obiigomagakiiw2,NA,NA_VV,NONE,UnpublishedOPD
noomidoonewin,noomidoonewin,NI,NI_C,NONE,UnpublishedOPD
ninagaakizidw,ninagaakizidw,NID,NID_aa,NONE,https://ojibwe.lib.umn.edu/main-entry/ninagaakizid-nid
odashwaan,odashwaan,NAD,NAD_C,NONE,UnpublishedOPD
obiigomakakii,obiigomakakiiw2,NA,NA_VV,NONE,https://ojibwe.lib.umn.edu/main-entry/obiigomakakii-na
niki-giizis,niki-giizisw2,NA,NA_Cw,NONE,UnpublishedOPD
odoondanegwaajigan,odoondanegwaajigan,NI,NI_C,NONE,https://ojibwe.lib.umn.edu/main-entry/odoondanegwaajigan-ni
-daamikanigegan,-daamikanigegan,NID,NID_C,NONE,UnpublishedOPD
noogan,noogan,NID,NID_C,NONE,https://ojibwe.lib.umn.edu/main-entry/noogan-nid
nagway,nagway,NID,NID_aa,NONE,https://ojibwe.lib.umn.edu/main-entry/ninagway-nid
nisawa'ogaan,nisawa'ogaan,NI,NI_C,NONE,https://ojibwe.lib.umn.edu/main-entry/nisawa-ogaan-ni
obiikadaanaangwe,obiikadaanaangwew2,NA,NA_VV,NONE,UnpublishedOPD
odasinaakaan,odasinaakaan,NID,NID_C,NONE,UnpublishedOPD
odoondanigan,odoondanigan,NID,NID_C,NONE,UnpublishedOPD
odasinaake,odasinaakew2,NA,NA_VV,NONE,UnpublishedOPD
obiimiskodisii,obiimiskodisiiw2,NA,NA_VV,NONE,https://ojibwe.lib.umn.edu/main-entry/obiimiskodisii-na
ninamanjinik,ninamanjinik,NID,NID_C,NONE,UnpublishedOPD
nisawaakodaabaan,nisawaakodaabaan,NA,NA_C,NONE,UnpublishedOPD
odoonibiins,odoonibiins,NA,NA_C,NONE,https://ojibwe.lib.umn.edu/main-entry/odoonibiins-na
niso-zhooniyaans,niso-zhooniyaans,NA,NA_C,NONE,https://ojibwe.lib.umn.edu/main-entry/niso-zhooniyaans-na
odatagaagomin,odatagaagomin,NA,NA_C,NONE,https://ojibwe.lib.umn.edu/main-entry/odatagaagomin-na
nindaanike-nimishkoomis,nindaanike-nimishkoomis,NAD,NAD_C,NONE,UnpublishedOPD
odatagaagominagaawanzh,odatagaagominagaawanzhy2,NA,NA_Cy,NONE,https://ojibwe.lib.umn.edu/main-entry/odatagaagominagaawanzh-na
obiiweshkinaa,obiiweshkinaaw2,NA,NA_VV,NONE,https://ojibwe.lib.umn.edu/main-entry/obiiweshkinaa-na
dooskwan,dooskwan,NID,NID_aa,NONE,https://ojibwe.lib.umn.edu/main-entry/odooskwan-nid
odatagaagominaganzh,odatagaagominaganzhy2,NA,NA_Cy,NONE,UnpublishedOPD
datagaagwan,datagaagwan,NID,NID_C,NONE,UnpublishedOPD
bikoganaan,bikoganaan,NID,NID_C,NONE,UnpublishedOPD
noomininjiiwin,noomininjiiwin,NI,NI_C,NONE,https://ojibwe.lib.umn.edu/main-entry/noomininjiiwin-ni
odatagaagwanimin,odatagaagwanimin,NI,NI_C,NONE,UnpublishedOPD
obikwaaj,obikwaajy,NI,NI_C,NONE,UnpublishedOPD
noomizidewin,noomizidewin,NI,NI_C,NONE,UnpublishedOPD
odatagaagwaninaganzh,odatagaagwaninaganzhy2,NI,NI_Cy,NONE,UnpublishedOPD
obikwaajiins,obikwaajiins,NI,NI_C,NONE,UnpublishedOPD
odatawagamegoons,odatawagamegoons,NA,NA_C,NONE,UnpublishedOPD
odaanimaa,odaanimaaw2,NA,NA_VVw,NONE,UnpublishedOPD
noonaajigan,noonaajigan,NI,NI_C,NONE,https://ojibwe.lib.umn.edu/main-entry/noonaajigan-ni
ogaa,ogaaw2,NA,NA_VVw,NONE,https://ojibwe.lib.umn.edu/main-entry/ogaa-na
odatisiiwag,odatisiiwagw2,NI,NI_Cw,NONE,UnpublishedOPD
obikwaanaajii,obikwaanaajiiw2,NA,NA_VV,NONE,UnpublishedOPD
noogibizowin,noogibizowin,NI,NI_C,NONE,UnpublishedOPD
ningaabii'an,ningaabii'anw2,NI,NI_Cw,NONE,https://ojibwe.lib.umn.edu/main-entry/ningaabii-an-ni
nooshkaachinaagan,nooshkaachinaagan,NI,NI_C,NONE,https://ojibwe.lib.umn.edu/main-entry/nooshkaachinaagan-ni
binjigeganan,binjigeganan,NID,NID_C,NONE,UnpublishedOPD
-gaakwan,-gaakwan,NID,NID_C,NONE,UnpublishedOPD
biskigaad,biskigaad,NID,NID_C,NONE,UnpublishedOPD
odazhegomoo,odazhegomoow2,NA,NA_VV,NONE,https://ojibwe.lib.umn.edu/main-entry/odazhegomoo-na
biskinik,biskinik,NID,NID_C,NONE,UnpublishedOPD
ogashkimanisii,ogashkimanisiiw2,NA,NA_VV,NONE,https://ojibwe.lib.umn.edu/main-entry/ogashkimanisii-na
odaanisimaa,odaanisimaaw2,NA,NA_VVw,NONE,https://ojibwe.lib.umn.edu/main-entry/odaanisimaa-na
ogezhaagim,ogezhaagim,NA,NA_C,NONE,UnpublishedOPD
ningwaja'igan,ningwaja'igan,NI,NI_C,NONE,https://ojibwe.lib.umn.edu/main-entry/ningwaja-igan-ni
ogichidaa,ogichidaaw2,NA,NA_VV,NONE,https://ojibwe.lib.umn.edu/main-entry/ogichidaa-na
ode'imin,ode'imin,NI,NI_C,NONE,https://ojibwe.lib.umn.edu/main-entry/ode-imin-ni
oboodashkwaanishiinh,oboodashkwaanishiinhy1,NA,NA_VVny,NONE,https://ojibwe.lib.umn.edu/main-entry/oboodashkwaanishiinh-na
ogichidaa-nagamon,ogichidaa-nagamon,NI,NI_C,NONE,https://ojibwe.lib.umn.edu/main-entry/ogichidaa-nagamon-ni
oboondishkwaanishii,oboondishkwaanishiiw2,NA,NA_VV,NONE,UnpublishedOPD
obooya'we,obooya'wew2,NA,NA_VV,NONE,UnpublishedOPD
ode'iminaaboo,ode'iminaaboow2,NI,NI_VV,NONE,UnpublishedOPD
sayeny,sayeny1,NAD,NAD_VVny,NONE,https://ojibwe.lib.umn.edu/main-entry/nisayenh-nad
obwaamensichigan,obwaamensichigan,NI,NI_C,NONE,UnpublishedOPD
ode'iminaatig,ode'iminaatigw2,NI,NI_Cw,NONE,UnpublishedOPD
ogichidaa-zhooshkwaada'ewinaagaans,ogichidaa-zhooshkwaada'ewinaagaans,NI,NI_C,NONE,UnpublishedOPD
ode'iminagaawanzh,ode'iminagaawanzhy2,NI,NI_Cy,NONE,UnpublishedOPD
ode'iminaganzh,ode'iminaganzhy2,NI,NI_Cy,NONE,https://ojibwe.lib.umn.edu/main-entry/ode-iminaganzh-ni
ogichidaakwe,ogichidaakwew2,NA,NA_VV,NONE,https://ojibwe.lib.umn.edu/main-entry/ogichidaakwe-na
obwaamens,obwaamens,NI,NI_C,NONE,UnpublishedOPD
ode'imini-baashkiminasigan,ode'imini-baashkiminasigan,NI,NI_C,NONE,https://ojibwe.lib.umn.edu/main-entry/ode-imini-baashkiminasigan-ni
nisoobii'igan,nisoobii'igan,NA,NA_C,NONE,https://ojibwe.lib.umn.edu/main-entry/nisoobii-igan-na
nishtigwaan,nishtigwaan,NID,NID_C,NONE,https://ojibwe.lib.umn.edu/main-entry/nishtigwaan-nid
obwayawe,obwayawew2,NA,NA_VV,NONE,https://ojibwe.lib.umn.edu/main-entry/obwayawe-na
ode'imini-biitoosijigan,ode'imini-biitoosijigan,NA,NA_C,NONE,UnpublishedOPD
nooskwaanzon,nooskwaanzon,NI,NI_C,NONE,UnpublishedOPD
ode'imini-giizis,ode'imini-giizisw2,NA,NA_Cw,NONE,https://ojibwe.lib.umn.edu/main-entry/ode-imini-giizis-na
shtigwaanigegan,shtigwaanigegan,NID,NID_C,NONE,https://ojibwe.lib.umn.edu/main-entry/nishtigwaanigegan-nid
ogichizidaan,ogichizidaan,NID,NID_C,NONE,UnpublishedOPD
noogishkaachigan,noogishkaachigan,NI,NI_C,NONE,UnpublishedOPD
noogishkaawigamig,noogishkaawigamigw2,NI,NI_Cw,NONE,https://ojibwe.lib.umn.edu/main-entry/noogishkaawigamig-ni
ode'iminibag,ode'iminibagw2,NI,NI_Cw,NONE,https://ojibwe.lib.umn.edu/main-entry/ode-iminibag-ni
noondaagochigan,noondaagochigan,NI,NI_C,NONE,https://ojibwe.lib.umn.edu/main-entry/noondaagochigan-ni
noosooki-desabiwin,noosooki-desabiwin,NI,NI_C,NONE,https://ojibwe.lib.umn.edu/main-entry/noosooki-desabiwin-ni
ode'iminikewi-giizis,ode'iminikewi-giizisw2,NA,NA_Cw,NONE,https://ojibwe.lib.umn.edu/main-entry/ode-iminikewi-giizis-na
ningwan,ningwan,NAD,NAD_C,NONE,https://ojibwe.lib.umn.edu/main-entry/ningwan-nad
odedeyimaaw,odedeyimaaw2,NAD,NAD_VV,NONE,UnpublishedOPD
odegwa',odegwa',NAD,NAD_C,NONE,UnpublishedOPD
noozhe-aya'aa,noozhe-aya'aaw2,NA,NA_VV,NONE,UnpublishedOPD
denaniw,denaniw,NID,NID_aa,NONE,https://ojibwe.lib.umn.edu/main-entry/odenaniw-nid
noozhe-makwa,noozhe-makw2,NA,NA_ShortCw,NONE,https://ojibwe.lib.umn.edu/main-entry/noozhe-makwa-na
noozhe-mooz,noozhe-moozw2,NA,NA_Cw,NONE,https://ojibwe.lib.umn.edu/main-entry/noozhe-mooz-na
odenaniwaabik,odenaniwaabikw2,NI,NI_Cw,NONE,UnpublishedOPD
odenaniwi-niisinigan,odenaniwi-niisinigan,NI,NI_C,NONE,UnpublishedOPD
noozhe-waagosh,noozhe-waagosh,NA,NA_C,NONE,https://ojibwe.lib.umn.edu/main-entry/noozhe-waagosh-na
odenaniwikwaan,odenaniwikwaan,NI,NI_C,NONE,UnpublishedOPD
noozhe-waawaashkeshi,noozhe-waawaashkeshiw2,NA,NA_Vw,NONE,https://ojibwe.lib.umn.edu/main-entry/noozhe-waawaashkeshi-na
-dengw,-dengw2,NID,NID_Cw,NONE,UnpublishedOPD
noozhek,noozhekw2,NA,NA_irrCw,NONE,https://ojibwe.lib.umn.edu/main-entry/noozhek-na
dengwaan,dengwaan,NID,NID_C,NONE,https://ojibwe.lib.umn.edu/main-entry/odengwaan-nid
nishwaaso-biiwaabikoons,nishwaaso-biiwaabikoons,NA,NA_C,NONE,UnpublishedOPD
-denigom,-denigom,NAD,NAD_C,NONE,UnpublishedOPD
noozhekakojiishi,noozhekakojiishiw2,NA,NA_Vw,NONE,UnpublishedOPD
odaabaanaabik,odaabaanaabikw2,NI,NI_Cw,NONE,UnpublishedOPD
noozhekoons,noozhekoons,NA,NA_C,NONE,UnpublishedOPD
odeniwikaan,odeniwikaan,NI,NI_C,NONE,UnpublishedOPD
nooji'ikwewe-nagamon,nooji'ikwewe-nagamon,NI,NI_C,NONE,https://ojibwe.lib.umn.edu/main-entry/nooji-ikwewe-nagamon-ni
odaabaanaak,odaabaanaakw2,NA,NA_Cw,NONE,https://ojibwe.lib.umn.edu/main-entry/odaabaanaak-na
odaabaanaak,odaabaanaakw2,NA,NA_irrCw,NONE,https://ojibwe.lib.umn.edu/main-entry/odaabaanaak-na
noondamowin,noondamowin,NI,NI_C,NONE,UnpublishedOPD
noozhemik,noozhemikw2,NA,NA_Cw,NONE,https://ojibwe.lib.umn.edu/main-entry/noozhemik-na
odeshkan,odeshkan,NAD,NAD_C,NONE,UnpublishedOPD
noondamowinens,noondamowinens,NI,NI_C,NONE,UnpublishedOPD
noozhens,noozhens,NA,NA_C,NONE,https://ojibwe.lib.umn.edu/main-entry/noozhenhs-na
eshkan,eshkan,NAD,NAD_C,NONE,UnpublishedOPD
odaabaanaakokik,odaabaanaakokikw2,NI,NI_Cw,NONE,UnpublishedOPD
odaabaanens,odaabaanens,NA,NA_C,NONE,UnpublishedOPD
noozhezhashk,noozhezhashkw2,NA,NA_Cw,NONE,https://ojibwe.lib.umn.edu/main-entry/noozhezhashk-na
ogidaandawaagan,ogidaandawaagan,NI,NI_C,NONE,UnpublishedOPD
noojigiigoonyiwe-mazina'igaans,noojigiigoonyiwe-mazina'igaans,NI,NI_C,NONE,https://ojibwe.lib.umn.edu/main-entry/noojigiigoonyiwe-mazina-igaans-ni
oozhis,oozhis,NAD,NAD_C,NONE,https://ojibwe.lib.umn.edu/main-entry/noozhis-nad
odaabaanenzhish,odaabaanenzhish,NA,NA_C,NONE,UnpublishedOPD
odaabaaneyaab,odaabaaneyaaby2,NI,NI_Cy,NONE,https://ojibwe.lib.umn.edu/main-entry/odaabaaneyaab-ni
-oozhisens,-oozhisens,NAD,NAD_C,NONE,UnpublishedOPD
noojiginebigwesi,noojiginebigwesiw2,NA,NA_Vw,NONE,UnpublishedOPD
nitamoozhaan,nitamoozhaan,NA,NA_C,NONE,https://ojibwe.lib.umn.edu/main-entry/nitamoozhaan-na
odaasan,odaasan,NID,NID_C,NONE,UnpublishedOPD
odaabaani-adaawewigamig,odaabaani-adaawewigamigw2,NI,NI_Cw,NONE,UnpublishedOPD
noozhishenhy,noozhishenhy1,NAD,NAD_VVny,NONE,https://ojibwe.lib.umn.edu/main-entry/noozhishenh-nad
odikom,odikom,NA,NA_C,NONE,UnpublishedOPD
nitawag,nitawag,NID,NID_C,NONE,UnpublishedOPD
odaabaani-bimide,odaabaani-bimidew2,NI,NI_VV,NONE,UnpublishedOPD
Odaawaa,odaawaaw2,NA,NA_VV,NONE,https://ojibwe.lib.umn.edu/main-entry/odaawaa-na
tigwaan,tigwaan,NID,NID_C,NONE,https://ojibwe.lib.umn.edu/main-entry/nitigwaan-nid
odaabaani-gichipanizon,odaabaani-gichipanizon,NI,NI_C,NONE,UnpublishedOPD
noozis,noozis,NAD,NAD_C,NONE,https://ojibwe.lib.umn.edu/main-entry/noozis-nad
odaabaani-maajiishkaachigan,odaabaani-maajiishkaachigan,NI,NI_C,NONE,https://ojibwe.lib.umn.edu/main-entry/odaabaani-maajiishkaachigan-ni
nitii,nitiiw2,NI,NI_VV,NONE,https://ojibwe.lib.umn.edu/main-entry/nitii-ni
odiniigan,odiniigan,NA,NA_C,NONE,UnpublishedOPD
odaabaani-waabandizonaabik,odaabaani-waabandizonaabikw2,NI,NI_Cw,NONE,UnpublishedOPD
odab,odaby2,NI,NI_Cy,NONE,UnpublishedOPD
nitiikaan,nitiikaan,NI,NI_C,NONE,https://ojibwe.lib.umn.edu/main-entry/nitiikaan-ni
odaabaaniiwigamig,odaabaaniiwigamigw2,NI,NI_Cw,NONE,https://ojibwe.lib.umn.edu/main-entry/odaabaaniiwigamig-ni
-disy,-disy2,NID,NID_Cy,NONE,UnpublishedOPD
now,now,NID,NID_C,NONE,https://ojibwe.lib.umn.edu/main-entry/now-nid
noojimoo-nagamon,noojimoo-nagamon,NI,NI_C,NONE,UnpublishedOPD
-zhinis,-zhinis,NAD,NAD_C,NONE,UnpublishedOPD
odaabaanikewigamig,odaabaanikewigamigw2,NI,NI_Cw,NONE,https://ojibwe.lib.umn.edu/main-entry/odaabaanikewigamig-ni
-zhisheny,-zhisheny1,NAD,NAD_VVny,NONE,UnpublishedOPD
ookomis,ookomis,NAD,NAD_C,NONE,https://ojibwe.lib.umn.edu/main-entry/nookomis-nad
odaabaanikewinini,odaabaanikewininiw2,NA,NA_Vw,NONE,https://ojibwe.lib.umn.edu/main-entry/odaabaanikewinini-na
diseyaaby,diseyaaby2,NID,NID_Cy,NONE,UnpublishedOPD
zigos,zigos,NAD,NAD_C,NONE,UnpublishedOPD
nookoo,nookoow2,NAD,NAD_VV,NONE,https://ojibwe.lib.umn.edu/main-entry/nookoo-nad
nooka'iiwagwaan,nooka'iiwagwaan,NI,NI_C,NONE,https://ojibwe.lib.umn.edu/main-entry/nooka-iiwagwaan-ni
-gidigw,-gidigw2,NAD,NAD_Cw,NONE,UnpublishedOPD
nookwezigan,nookwezigan,NI,NI_C,NONE,https://ojibwe.lib.umn.edu/main-entry/nookwezigan-ni
ogidigwaamaan,ogidigwaamaan,NA,NA_C,NONE,UnpublishedOPD
odisiikaan,odisiikaan,NA,NA_C,NONE,UnpublishedOPD
odaabii-mishtadim,odaabii-mishtadimw2,NA,NA_Cw,NONE,https://ojibwe.lib.umn.edu/main-entry/odaabii-mishtadim-na
odaabii'aagan,odaabii'aagan,NA,NA_C,NONE,https://ojibwe.lib.umn.edu/main-entry/odaabii-aagan-na
odaabii'igewinini,odaabii'igewininiw2,NA,NA_Vw,NONE,UnpublishedOPD
odaminoowigamig,odaminoowigamigw2,NI,NI_Cw,NONE,https://ojibwe.lib.umn.edu/main-entry/odaminoowigamig-ni
odaminoowigamigoons,odaminoowigamigoons,NI,NI_C,NONE,UnpublishedOPD
odaminowin,odaminowin,NI,NI_C,NONE,UnpublishedOPD
odaabii'iwe-bizhiki,odaabii'iwe-bizhikiw2,NA,NA_Vw,NONE,UnpublishedOPD
odaabii'iwe-mazina'igan,odaabii'iwe-mazina'igan,NI,NI_C,NONE,https://ojibwe.lib.umn.edu/main-entry/odaabii-iwe-mazina-igan-ni
odaminwaagaans,odaminwaagaans,NI,NI_C,NONE,UnpublishedOPD
ogiishkimanisii,ogiishkimanisiiw2,NA,NA_VV,NONE,https://ojibwe.lib.umn.edu/main-entry/ogiishkimanisii-na
odaminwaagan,odaminwaagan,NA,NA_C,NONE,https://ojibwe.lib.umn.edu/main-entry/odaminwaagan-na
odaabii'iwewinini,odaabii'iwewininiw2,NA,NA_Vw,NONE,https://ojibwe.lib.umn.edu/main-entry/odaabii-iwewinini-na
odaminwaagan,odaminwaagan,NI,NI_C,NONE,https://ojibwe.lib.umn.edu/main-entry/odaminwaagan-ni
odaabiisim,odaabiisimw2,NA,NA_Cw,NONE,https://ojibwe.lib.umn.edu/main-entry/odaabiisim-na
odaminwaagan-adaawewigamig,odaminwaagan-adaawewigamigw2,NI,NI_Cw,NONE,UnpublishedOPD
odaminwaaganensiwidaabaan,odaminwaaganensiwidaabaan,NI,NI_C,NONE,UnpublishedOPD
odaminwaaganikaan,odaminwaaganikaan,NI,NI_C,NONE,https://ojibwe.lib.umn.edu/main-entry/odaminwaaganikaan-ni
diy,diy,NID,NID_aa,NONE,https://ojibwe.lib.umn.edu/main-entry/odiy-nid
odanaamasagadoweshiinh,odanaamasagadoweshiinh,NA,NA_C,NONE,UnpublishedOPD
noosa'owesi,noosa'owesiw2,NA,NA_Vw,NONE,https://ojibwe.lib.umn.edu/main-entry/noosa-owesi-na
noomaabikinigan,noomaabikinigan,NI,NI_C,NONE,https://ojibwe.lib.umn.edu/main-entry/noomaabikinigan-ni
nibewigamig,nibewigamigw2,NI,NI_Cw,NONE,https://ojibwe.lib.umn.edu/main-entry/nibewigamig-ni
ogiikadaanaangwe,ogiikadaanaangwew2,NA,NA_VV,NONE,https://ojibwe.lib.umn.edu/main-entry/ogiikadaanaangwe-na
odaabaanikana,odaabaanikan,NI,NI_Kana,NONE,https://ojibwe.lib.umn.edu/main-entry/odaabaanikana-ni
noondaagomochigan,noondaagomochigan,NI,NI_C,NONE,https://ojibwe.lib.umn.edu/main-entry/noondaagomochigan-ni
nooshkaachigan,nooshkaachigan,NI,NI_C,NONE,https://ojibwe.lib.umn.edu/main-entry/nooshkaachigan-ni
nibewin,nibewin,NI,NI_C,NONE,https://ojibwe.lib.umn.edu/main-entry/nibewin-ni
noonaajiganens,noonaajiganens,NI,NI_C,NONE,https://ojibwe.lib.umn.edu/main-entry/noonaajiganens-ni
nitiiwakikoons,nitiiwakikoons,NA,NA_C,NONE,https://ojibwe.lib.umn.edu/main-entry/nitiiwakikoons-na
niimi'idiiwigamig,niimi'idiiwigamigw2,NI,NI_Cw,NONE,https://ojibwe.lib.umn.edu/main-entry/niimi-idiiwigamig-ni
odaakewin,odaakewin,NI,NI_C,NONE,https://ojibwe.lib.umn.edu/main-entry/odaakewin-ni
shkanzhy,shkanzhy2,NAD,NAD_Cy,NONE,https://ojibwe.lib.umn.edu/main-entry/nishkanzh-nad
noozhesim,noozhesimw2,NA,NA_Cw,NONE,https://ojibwe.lib.umn.edu/main-entry/noozhesim-na
odaabaan,odaabaan,NA,NA_C,NONE,https://ojibwe.lib.umn.edu/main-entry/odaabaan-na
ode'ibag,ode'ibagw2,NI,NI_Cw,NONE,UnpublishedOPD
ogimaa-nagamon,ogimaa-nagamon,NI,NI_C,NONE,https://ojibwe.lib.umn.edu/main-entry/ogimaa-nagamon-ni
ogimaakaan,ogimaakaan,NA,NA_C,NONE,https://ojibwe.lib.umn.edu/main-entry/ogimaakaan-na
ojiingwe'igan,ojiingwe'igan,NI,NI_C,NONE,UnpublishedOPD
oojiins,oojiins,NA,NA_C,NONE,UnpublishedOPD
ogimaakwe,ogimaakwew2,NA,NA_VV,NONE,https://ojibwe.lib.umn.edu/main-entry/ogimaakwe-na
ogimaakwens,ogimaakwens,NA,NA_C,NONE,https://ojibwe.lib.umn.edu/main-entry/ogimaakwens-na
ogimaawigamig,ogimaawigamigw2,NI,NI_Cw,NONE,https://ojibwe.lib.umn.edu/main-entry/ogimaawigamig-ni
ombaasijigan,ombaasijigan,NI,NI_C,NONE,https://ojibwe.lib.umn.edu/main-entry/ombaasijigan-ni
ogimaawiwin,ogimaawiwin,NI,NI_C,NONE,https://ojibwe.lib.umn.edu/main-entry/ogimaawiwin-ni
okosijigan,okosijigan,NI,NI_C,NONE,https://ojibwe.lib.umn.edu/main-entry/okosijigan-ni
ogin,oginy2,NA,NA_Cy,NONE,https://ojibwe.lib.umn.edu/main-entry/ogin-na
okosimaan,okosimaan,NI,NI_C,NONE,https://ojibwe.lib.umn.edu/main-entry/okosimaan-ni
oginii-biiwaabikoons,oginii-biiwaabikoons,NI,NI_C,NONE,UnpublishedOPD
oginii-dagonigan,oginii-dagonigan,NI,NI_C,NONE,https://ojibwe.lib.umn.edu/main-entry/oginii-dagonigan-ni
oginii-waabigwan,oginii-waabigwany2,NI,NI_Cy,NONE,https://ojibwe.lib.umn.edu/main-entry/oginii-waabigwan-ni
omoodaabik,omoodaabikw2,NI,NI_Cw,NONE,UnpublishedOPD
omoodayaabik,omoodayaabikw2,NI,NI_Cw,NONE,https://ojibwe.lib.umn.edu/main-entry/omoodayaabik-ni
oginiiminaganzh,oginiiminaganzhy2,NI,NI_Cy,NONE,UnpublishedOPD
omooday,omooday,NI,NI_aa,NONE,https://ojibwe.lib.umn.edu/main-entry/omooday-ni
oginiiminzh,oginiiminzhy2,NA,NA_Cy,NONE,UnpublishedOPD
oginiins,oginiins,NA,NA_C,NONE,UnpublishedOPD
oginiiwaaboo,oginiiwaaboow2,NI,NI_VV,NONE,https://ojibwe.lib.umn.edu/main-entry/oginiiwaaboo-ni
omoodayi-baakaakwa'igan,omoodayi-baakaakwa'igan,NI,NI_C,NONE,UnpublishedOPD
omoodens,omoodens,NI,NI_C,NONE,UnpublishedOPD
oginiiwaatig,oginiiwaatigw2,NI,NI_Cw,NONE,https://ojibwe.lib.umn.edu/main-entry/oginiiwaatig-ni
jiishtadeyaaby,jiishtadeyaaby2,NID,NID_Cy,NONE,https://ojibwe.lib.umn.edu/main-entry/ojiishtadeyaab-nid
ojibwe,ojibwew2,NA,NA_VV,NONE,https://ojibwe.lib.umn.edu/main-entry/ojibwe-na
gondaagan,gondaagan,NID,NID_C,NONE,UnpublishedOPD
ojiitadeyaaby,ojiitadeyaaby2,NID,NID_Cy,NONE,UnpublishedOPD
ombizigan,ombizigan,NI,NI_C,NONE,https://ojibwe.lib.umn.edu/main-entry/ombizigan-ni
ojijaak,ojijaakw2,NA,NA_irrCw,NONE,https://ojibwe.lib.umn.edu/main-entry/ojijaak-na
ojibwe-anishinaabe,ojibwe-anishinaabew2,NA,NA_VV,NONE,https://ojibwe.lib.umn.edu/main-entry/ojibwe-anishinaabe-na
onagizhiikaan,onagizhiikaan,NI,NI_C,NONE,UnpublishedOPD
ojibwekwe,ojibwekwew2,NA,NA_VV,NONE,https://ojibwe.lib.umn.edu/main-entry/ojibwekwe-na
onagizhiins,onagizhiins,NI,NI_C,NONE,https://ojibwe.lib.umn.edu/main-entry/onagizhiins-ni
ogosimaan,ogosimaan,NI,NI_C,NONE,UnpublishedOPD
okwadaawewigamig,okwadaawewigamigw2,NI,NI_Cw,NONE,https://ojibwe.lib.umn.edu/main-entry/okwadaawewigamig-ni
onigam,onigamy2,NI,NI_Cy,NONE,https://ojibwe.lib.umn.edu/main-entry/onigam-ni
onigamiins,onigamiins,NI,NI_C,NONE,UnpublishedOPD
onaabani-giizis,onaabani-giizisw2,NA,NA_Cw,NONE,https://ojibwe.lib.umn.edu/main-entry/onaabani-giizis-na
oniigi'igoomaa,oniigi'igoomaaw2,NA,NA_VV,NONE,UnpublishedOPD
ogozisimaa,ogozisimaaw2,NA,NA_VV,NONE,UnpublishedOPD
ojibwemowin,ojibwemowin,NI,NI_C,NONE,https://ojibwe.lib.umn.edu/main-entry/ojibwemowin-ni
oniijaani,oniijaaniw2,NA,NA_Vw,NONE,UnpublishedOPD
onaabano-giizis,onaabano-giizisw2,NA,NA_Cw,NONE,UnpublishedOPD
gwis,gwis,NAD,NAD_C,NONE,https://ojibwe.lib.umn.edu/main-entry/ogwisan-nad
ojibwewanishinaabe,ojibwewanishinaabew2,NA,NA_VV,NONE,https://ojibwe.lib.umn.edu/main-entry/ojibwewanishinaabe-na
okaad,okaad,NI,NI_C,NONE,UnpublishedOPD
okaadaak,okaadaakw2,NI,NI_Cw,NONE,https://ojibwe.lib.umn.edu/main-entry/okaadaak-ni
oniijaaniw,oniijaaniw,NA,NA_C,NONE,https://ojibwe.lib.umn.edu/main-entry/oniijaaniw-na
okaadaakoons,okaadaakoons,NI,NI_C,NONE,UnpublishedOPD
-niishkw,-niishkw2,NAD,NAD_Cw,NONE,UnpublishedOPD
okaadakik,okaadakikw2,NA,NA_Cw,NONE,https://ojibwe.lib.umn.edu/main-entry/okaadakik-na
-niisiigininjaan,-niisiigininjaan,NID,NID_C,NONE,UnpublishedOPD
ojibwewibii'igan,ojibwewibii'igan,NI,NI_C,NONE,UnpublishedOPD
-niisiigizid,-niisiigizid,NID,NID_C,NONE,UnpublishedOPD
ombigamizigan,ombigamizigan,NI,NI_C,NONE,https://ojibwe.lib.umn.edu/main-entry/ombigamizigan-ni
okweganiganens,okweganiganens,NID,NID_C,NONE,UnpublishedOPD
onzige-akik,onzige-akikw2,NA,NA_Cw,NONE,UnpublishedOPD
opinii-manijoosh,opinii-manijoosh,NA,NA_C,NONE,UnpublishedOPD
opinii-mashkimod,opinii-mashkimod,NI,NI_aa,NONE,https://ojibwe.lib.umn.edu/main-entry/opinii-mashkimod-ni
opiniiwaaboo,opiniiwaaboow2,NI,NI_VV,NONE,https://ojibwe.lib.umn.edu/main-entry/opiniiwaaboo-ni
onaagaans,onaagaans,NI,NI_C,NONE,https://ojibwe.lib.umn.edu/main-entry/onaagaans-ni
opiniiwigamig,opiniiwigamigw2,NI,NI_Cw,NONE,https://ojibwe.lib.umn.edu/main-entry/opiniiwigamig-ni
okaadenigan,okaadenigan,NI,NI_C,NONE,https://ojibwe.lib.umn.edu/main-entry/okaadenigan-ni
opiniiwikonaas,opiniiwikonaas,NA,NA_C,NONE,UnpublishedOPD
omaamaayimaa,omaamaayimaaw2,NA,NA_VV,NONE,UnpublishedOPD
opwaagaans,opwaagaans,NA,NA_C,NONE,https://ojibwe.lib.umn.edu/main-entry/opwaagaans-na
oshki-wiikongewin,oshki-wiikongewin,NI,NI_C,NONE,UnpublishedOPD
omagakii,omagakiiw2,NA,NA_VV,NONE,https://ojibwe.lib.umn.edu/main-entry/omagakii-na
okaadi-ginebig,okaadi-ginebigw2,NA,NA_Cw,NONE,https://ojibwe.lib.umn.edu/main-entry/okaadi-ginebig-na
opwaagan,opwaagan,NA,NA_C,NONE,https://ojibwe.lib.umn.edu/main-entry/opwaagan-na
omagakiimin,omagakiimin,NI,NI_C,NONE,UnpublishedOPD
onaagan,onaagan,NI,NI_C,NONE,https://ojibwe.lib.umn.edu/main-entry/onaagan-ni
okaadiginebigoons,okaadiginebigoons,NA,NA_C,NONE,UnpublishedOPD
omagakiins,omagakiins,NA,NA_C,NONE,UnpublishedOPD
opwaaganasin,opwaaganasiny2,NA,NA_Cy,NONE,https://ojibwe.lib.umn.edu/main-entry/opwaaganasin-na
omagakiiwi-giizis,omagakiiwi-giizisw2,NA,NA_Cw,NONE,UnpublishedOPD
ojichaag,ojichaagw2,NA,NA_Cw,NONE,UnpublishedOPD
omakakii,omakakiiw2,NA,NA_VV,NONE,https://ojibwe.lib.umn.edu/main-entry/omakakii-na
-kan,-kan,NID,NID_C,NONE,UnpublishedOPD
opwaagani-nagamon,opwaagani-nagamon,NI,NI_C,NONE,https://ojibwe.lib.umn.edu/main-entry/opwaagani-nagamon-ni
onaaganens,onaaganens,NI,NI_C,NONE,https://ojibwe.lib.umn.edu/main-entry/onaaganens-ni
okanaak,okanaakw2,NI,NI_Cw,NONE,UnpublishedOPD
okanaapinewin,okanaapinewin,NI,NI_C,NONE,https://ojibwe.lib.umn.edu/main-entry/okanaapinewin-ni
onaagani-ataasowin,onaagani-ataasowin,NI,NI_C,NONE,UnpublishedOPD
onaaganimisijigan,onaaganimisijigan,NI,NI_C,NONE,UnpublishedOPD
omakakiiwi-giizis,omakakiiwi-giizisw2,NA,NA_Cw,NONE,UnpublishedOPD
opwaaganike-nagamon,opwaaganike-nagamon,NI,NI_C,NONE,UnpublishedOPD
omakakiiwinini,omakakiiwininiw2,NA,NA_Vw,NONE,https://ojibwe.lib.umn.edu/main-entry/omakakiiwinini-na
okanakosimaan,okanakosimaan,NI,NI_C,NONE,https://ojibwe.lib.umn.edu/main-entry/okanakosimaan-ni
osagiin,osagiin,NID,NID_C,NONE,UnpublishedOPD
osagiing,osagiing,NID,NID_C,NONE,UnpublishedOPD
onaman,onaman,NA,NA_C,NONE,https://ojibwe.lib.umn.edu/main-entry/onaman-ni
ozaawikosimaan,ozaawikosimaan,NI,NI_C,NONE,https://ojibwe.lib.umn.edu/main-entry/ozaawikosimaan-ni
okandaamin,okandaamin,NI,NI_C,NONE,UnpublishedOPD
migy,migy2,NID,NID_Cy,NONE,UnpublishedOPD
omanoominii,omanoominiiw2,NA,NA_VV,NONE,https://ojibwe.lib.umn.edu/main-entry/omanoominii-na
okandaaminens,okandaaminens,NI,NI_C,NONE,UnpublishedOPD
omigaan,omigaan,NI,NI_C,NONE,UnpublishedOPD
okandiikan,okandiikan,NI,NI_C,NONE,https://ojibwe.lib.umn.edu/main-entry/okandiikan-ni
omashkiigoo,omashkiigoow2,NA,NA_VV,NONE,https://ojibwe.lib.umn.edu/main-entry/omashkiigoo-na
osayenyimaa,osayenyimaaw2,NA,NA_VV,NONE,UnpublishedOPD
ozaawiminens,ozaawiminens,NA,NA_C,NONE,UnpublishedOPD
oningwii-minomaagochigan,oningwii-minomaagochigan,NI,NI_C,NONE,UnpublishedOPD
ozaawimishiiminaaboo,ozaawimishiiminaaboow2,NI,NI_VV,NONE,UnpublishedOPD
ozhaawashko-aniibiish,ozhaawashko-aniibiish,NI,NI_C,NONE,https://ojibwe.lib.umn.edu/main-entry/ozhaawashko-aniibiish-ni
oodena,oodenaw2,NI,NI_Vw,NONE,https://ojibwe.lib.umn.edu/main-entry/oodena-ni
ozhaawashko-aniibiishaabo,ozhaawashko-aniibiishaabow2,NI,NI_Vw,NONE,UnpublishedOPD
oningwiiganaabik,oningwiiganaabikw2,NI,NI_Cw,NONE,UnpublishedOPD
ozhaawashko-bineshiinh,ozhaawashko-bineshiinhy1,NA,NA_VVny,NONE,https://ojibwe.lib.umn.edu/main-entry/ozhaawashko-bineshiinh-na
omashkiingwaan,omashkiingwaan,NID,NID_C,NONE,UnpublishedOPD
omigii-mashkiki,omigii-mashkikiw2,NI,NI_Vw,NONE,https://ojibwe.lib.umn.edu/main-entry/omigii-mashkiki-ni
ozhibii'igewigamig,ozhibii'igewigamigw2,NI,NI_Cw,NONE,https://ojibwe.lib.umn.edu/main-entry/ozhibii-igewigamig-ni
ojii,ojiiw2,NA,NA_VV,NONE,UnpublishedOPD
omashkooz,omashkoozw2,NA,NA_Cw,NONE,https://ojibwe.lib.umn.edu/main-entry/omashkooz-na
oodenaans,oodenaans,NI,NI_C,NONE,UnpublishedOPD
ozaanaman,ozaanaman,NA,NA_C,NONE,UnpublishedOPD
ozhaawashko-ginoozhe,ozhaawashko-ginoozhew2,NA,NA_VV,NONE,https://ojibwe.lib.umn.edu/main-entry/ozhaawashko-ginoozhe-na
shkiinzhigw,shkiinzhigw2,NID,NID_Cw,NONE,https://ojibwe.lib.umn.edu/main-entry/oshkiinzhig-nid
okeyaw,okeyaw,NA,NA_C,NONE,https://ojibwe.lib.umn.edu/main-entry/okeyaw-na
oodenawens,oodenawens,NI,NI_C,NONE,UnpublishedOPD
ozhaawashko-manidoominens,ozhaawashko-manidoominens,NA,NA_C,NONE,https://ojibwe.lib.umn.edu/main-entry/ozhaawashko-manidoominens-na
omashkoozo-wiiyaas,omashkoozo-wiiyaas,NI,NI_C,NONE,https://ojibwe.lib.umn.edu/main-entry/omashkoozo-wiiyaas-ni
ozhibii'igewikwe,ozhibii'igewikwew2,NA,NA_VVw,NONE,https://ojibwe.lib.umn.edu/main-entry/ozhibii-igewikwe-na
ozhibii'igewikwe,ozhibii'igewikwew2,NA,NA_VV,NONE,https://ojibwe.lib.umn.edu/main-entry/ozhibii-igewikwe-na
okij,okijy2,NI,NI_Cy,NONE,https://ojibwe.lib.umn.edu/main-entry/okij-ni
ozhaawashko-manoomin,ozhaawashko-manoomin,NI,NI_C,NONE,https://ojibwe.lib.umn.edu/main-entry/ozhaawashko-manoomin-ni
ojiibik,ojiibik,NI,NI_aa,NONE,https://ojibwe.lib.umn.edu/main-entry/ojiibik-ni
ozhibii'igewinini,ozhibii'igewininiw2,NA,NA_Vw,NONE,https://ojibwe.lib.umn.edu/main-entry/ozhibii-igewinini-na
ninjigan,ninjigan,NID,NID_C,NONE,https://ojibwe.lib.umn.edu/main-entry/oninjigan-nid
omashkosii,omashkosiiw2,NA,NA_VV,NONE,UnpublishedOPD
okijaabik,okijaabikw2,NI,NI_Cw,NONE,https://ojibwe.lib.umn.edu/main-entry/okijaabik-ni
ozaawaa-zhooniyaa,ozaawaa-zhooniyaaw2,NI,NI_VV,NONE,https://ojibwe.lib.umn.edu/main-entry/ozaawaa-zhooniyaa-ni
oshkiinzhigokaajiganan,oshkiinzhigokaajigan,NI,NI_C,NONE,https://ojibwe.lib.umn.edu/main-entry/oshkiinzhigokaajiganan-ni
oziban,oziban,NI,NI_C,NONE,https://ojibwe.lib.umn.edu/main-entry/oziban-ni
omashkoziisi,omashkoziisiw2,NA,NA_Vw,NONE,UnpublishedOPD
ogikiwe'onaatig,ogikiwe'onaatigw2,NI,NI_Cw,NONE,UnpublishedOPD
oogoowesi,oogoowesiw2,NA,NA_Vw,NONE,UnpublishedOPD
oshkiinzhigokaanan,oshkiinzhigokaan,NI,NI_C,NONE,https://ojibwe.lib.umn.edu/main-entry/oshkiinzhigokaanan-ni
oninjii-ataadiwin,oninjii-ataadiwin,NI,NI_C,NONE,UnpublishedOPD
omashkoziisimin,omashkoziisimin,NA,NA_C,NONE,https://ojibwe.lib.umn.edu/main-entry/omashkoziisimin-na
okijiikaan,okijiikaan,NI,NI_C,NONE,https://ojibwe.lib.umn.edu/main-entry/okijiikaan-ni
ozagadigom,ozagadigom,NA,NA_C,NONE,UnpublishedOPD
oninjii-baashkizigan,oninjii-baashkizigan,NI,NI_C,NONE,https://ojibwe.lib.umn.edu/main-entry/oninjii-baashkizigan-ni
omashkozisi,omashkozisiw2,NA,NA_Vw,NONE,UnpublishedOPD
okik,okiky2,NI,NI_Cy,NONE,https://ojibwe.lib.umn.edu/main-entry/okik-ni
ozagadikom,ozagadikom,NA,NA_C,NONE,UnpublishedOPD
okikaandag,okikaandagw2,NA,NA_Cw,NONE,https://ojibwe.lib.umn.edu/main-entry/okikaandag-na
oojiinsi-bagamaagan,oojiinsi-bagamaagan,NI,NI_C,NONE,UnpublishedOPD
ozagaskwaajime,ozagaskwaajimew2,NA,NA_VV,NONE,https://ojibwe.lib.umn.edu/main-entry/ozagaskwaajime-na
oshkiinzhigokewinini,oshkiinzhigokewininiw2,NA,NA_Vw,NONE,https://ojibwe.lib.umn.edu/main-entry/oshkiinzhigokewinini-na
ojiibikisag,ojiibikisagw2,NI,NI_Cw,NONE,UnpublishedOPD
oninjii-zhizhoobii'igan,oninjii-zhizhoobii'igan,NI,NI_C,NONE,UnpublishedOPD
oojiinsi-bakite'igan,oojiinsi-bakite'igan,NI,NI_C,NONE,UnpublishedOPD
-jiichiigom,-jiichiigom,NAD,NAD_C,NONE,UnpublishedOPD
zagiin,zagiin,NID,NID_C,NONE,https://ojibwe.lib.umn.edu/main-entry/ozagiin-nid
ozaawaabaan,ozaawaabaan,NI,NI_C,NONE,UnpublishedOPD
-nishiw,-nishiw2,NAD,NAD_Vw,NONE,UnpublishedOPD
oojiinsi-niiwana'igan,oojiinsi-niiwana'igan,NI,NI_C,NONE,UnpublishedOPD
oshkiinzhigoo-mashkikiiwinini,oshkiinzhigoo-mashkikiiwininiw2,NA,NA_Vw,NONE,UnpublishedOPD
oshkiinzhigoomin,oshkiinzhigoomin,NI,NI_C,NONE,UnpublishedOPD
ojiig,ojiig,NA,NA_C,NONE,https://ojibwe.lib.umn.edu/main-entry/ojiig-na
okikiwe'iganaak,okikiwe'iganaakw2,NI,NI_Cw,NONE,UnpublishedOPD
ozhichigan,ozhichigan,NI,NI_C,NONE,https://ojibwe.lib.umn.edu/main-entry/ozhichigan-ni
oshkiinzhigwaabid,oshkiinzhigwaabid,NI,NI_C,NONE,UnpublishedOPD
oko-adaawewigamig,oko-adaawewigamigw2,NI,NI_Cw,NONE,UnpublishedOPD
onashkidiiwigwan,onashkidiiwigwan,NA,NA_C,NONE,UnpublishedOPD
ozhaawashkogwan,ozhaawashkogwan,NA,NA_C,NONE,https://ojibwe.lib.umn.edu/main-entry/ozhaawashkogwan-na
ozide-aazhogaans,ozide-aazhogaans,NI,NI_C,NONE,UnpublishedOPD
ookomimaa,ookomimaaw2,NA,NA_VV,NONE,UnpublishedOPD
waabigwan,waabigwany2,NI,NI_Cy,NONE,https://ojibwe.lib.umn.edu/main-entry/waabigwan-ni
ozide-miikana,ozide-miikan,NI,NI_Kana,NONE,https://ojibwe.lib.umn.edu/main-entry/ozide-miikana-ni
ozaawaabik,ozaawaabikw2,NI,NI_Cw,NONE,https://ojibwe.lib.umn.edu/main-entry/ozaawaabik-ni
ozhaaboomin,ozhaaboomin,NA,NA_C,NONE,https://ojibwe.lib.umn.edu/main-entry/ozhaaboomin-na
ozhaawashkojiisag,ozhaawashkojiisagw2,NI,NI_Cw,NONE,https://ojibwe.lib.umn.edu/main-entry/ozhaawashkojiisag-ni
onashkinachigan,onashkinachigan,NI,NI_C,NONE,UnpublishedOPD
ozide-miikanens,ozide-miikanens,NI,NI_C,NONE,UnpublishedOPD
waabigwanens,waabigwanens,NI,NI_C,NONE,UnpublishedOPD
ookwe,ookwew2,NA,NA_VV,NONE,https://ojibwe.lib.umn.edu/main-entry/ookwe-na
ojiigiwayaan,ojiigiwayaan,NA,NA_C,NONE,https://ojibwe.lib.umn.edu/main-entry/ojiigiwayaan-na
waabigwani-giizis,waabigwani-giizisw2,NA,NA_Cw,NONE,https://ojibwe.lib.umn.edu/main-entry/waabigwani-giizis-na
ozideyaab,ozideyaaby2,NI,NI_Cy,NONE,UnpublishedOPD
ookwemin,ookwemin,NI,NI_C,NONE,https://ojibwe.lib.umn.edu/main-entry/ookwemin-ni
ozaawaabikoons,ozaawaabikoons,NA,NA_C,NONE,https://ojibwe.lib.umn.edu/main-entry/ozaawaabikoons-na
waabigwanii-adaawewigamig,waabigwanii-adaawewigamigw2,NI,NI_Cw,NONE,https://ojibwe.lib.umn.edu/main-entry/waabigwanii-adaawewigamig-ni
ookweminagaawanzh,ookweminagaawanzhy2,NA,NA_Cy,NONE,https://ojibwe.lib.umn.edu/main-entry/ookweminagaawanzh-na
waabishki-makwa,waabishki-makwaw2,NA,NA_ShortCw,NONE,UnpublishedOPD
ozhaawashkominens,ozhaawashkominens,NA,NA_C,NONE,UnpublishedOPD
ozaawaabikwaabik,ozaawaabikwaabikw2,NA,NA_Cw,NONE,UnpublishedOPD
ozigwaakomin,ozigwaakomin,NA,NA_C,NONE,https://ojibwe.lib.umn.edu/main-entry/ozigwaakomin-na
oshiimeyimaa,oshiimeyimaaw2,NA,NA_VV,NONE,UnpublishedOPD
ozhiga'igan,ozhiga'igan,NA,NA_C,NONE,https://ojibwe.lib.umn.edu/main-entry/ozhiga-igan-na
waabishki-manidoominens,waabishki-manidoominens,NA,NA_C,NONE,https://ojibwe.lib.umn.edu/main-entry/waabishki-manidoominens-na
ozigwaakominaganzh,ozigwaakominaganzhy2,NA,NA_Cy,NONE,https://ojibwe.lib.umn.edu/main-entry/ozigwaakominaganzh-na
waabishki-manoomin,waabishki-manoomin,NI,NI_C,NONE,UnpublishedOPD
onizhigan,onizhigan,NI,NI_C,NONE,UnpublishedOPD
ozhiga'igan,ozhiga'igan,NI,NI_C,NONE,https://ojibwe.lib.umn.edu/main-entry/ozhiga-igan-ni
waabigwanii-giizis,waabigwanii-giizisw2,NA,NA_Cw,NONE,UnpublishedOPD
waabishki-mitigomizh,waabishki-mitigomizhy2,NA,NA_Cy,NONE,UnpublishedOPD
ozhiga'iganaabo,ozhiga'iganaabow2,NI,NI_Vw,NONE,https://ojibwe.lib.umn.edu/main-entry/ozhiga-iganaabo-ni
ozigwaakomizh,ozigwaakomizhy2,NA,NA_Cy,NONE,UnpublishedOPD
ozaawaagosh,ozaawaagosh,NA,NA_C,NONE,https://ojibwe.lib.umn.edu/main-entry/ozaawaagosh-na
ozii'amoo,ozii'amoow2,NA,NA_VV,NONE,UnpublishedOPD
-kon,-kon,NID,NID_C,NONE,UnpublishedOPD
oziibiingwaan,oziibiingwaan,NID,NID_C,NONE,UnpublishedOPD
oos,oos,NAD,NAD_C,NONE,https://ojibwe.lib.umn.edu/main-entry/oos-nad
oziibiingway,oziibiingway,NID,NID_C,NONE,UnpublishedOPD
naan,naan,NID,NID_C,NONE,https://ojibwe.lib.umn.edu/main-entry/onaan-nid
oshk'-aya'aa,oshk'-aya'aaw2,NA,NA_VV,NONE,UnpublishedOPD
ozhaawashkoningwii-zhiishiib,ozhaawashkoningwii-zhiishiib,NA,NA_C,NONE,UnpublishedOPD
oshkinawe,oshkinawew2,NA,NA_VV,NONE,https://ojibwe.lib.umn.edu/main-entry/oshkinawe-na
oshk'ayi'ii,oshk'ayi'iiw2,NI,NI_VV,NONE,UnpublishedOPD
ozhaawashkoningwiishib,ozhaawashkoningwiishib,NA,NA_C,NONE,UnpublishedOPD
oozhisheny,oozhisheny1,NAD,NAD_VVny,NONE,https://ojibwe.lib.umn.edu/main-entry/oozhisheny-nad
waabigwaniins-adaawewigamig,waabigwaniins-adaawewigamigw2,NI,NI_Cw,NONE,UnpublishedOPD
konaas,konaas,NAD,NAD_C,NONE,UnpublishedOPD
waabadow,waabadow,NA,NA_C,NONE,UnpublishedOPD
waabigwaniins-adaawewinini,waabigwaniins-adaawewininiw2,NA,NA_Vw,NONE,UnpublishedOPD
oshkaabewis,oshkaabewis,NA,NA_C,NONE,https://ojibwe.lib.umn.edu/main-entry/oshkaabewis-na
onasid,onasid,NID,NID_C,NONE,UnpublishedOPD
ojiindiwi-giizhigani-giizis,ojiindiwi-giizhigani-giizisw2,NA,NA_Cw,NONE,UnpublishedOPD
ondadaabiikana,ondadaabiikan,NI,NI_Kana,NONE,UnpublishedOPD
ojiinganakwewidamoo,ojiinganakwewidamoow2,NA,NA_VV,NONE,UnpublishedOPD
oshkinawens,oshkinawens,NA,NA_C,NONE,UnpublishedOPD
omiikininjii'waanag,omiikininjii'waan,NA,NA_C,NONE,https://ojibwe.lib.umn.edu/main-entry/omiikinjii-waanag-na
oshkiniigiins,oshkiniigiins,NA,NA_C,NONE,UnpublishedOPD
oshkabinoojiinh,oshkabinoojiinhy1,NA,NA_VVny,NONE,https://ojibwe.lib.umn.edu/main-entry/oshkabinoojiinh-na
ojiingwanens,ojiingwanens,NA,NA_C,NONE,UnpublishedOPD
onawaangiganens,onawaangiganens,NA,NA_C,NONE,UnpublishedOPD
omiimii,omiimiiw2,NA,NA_VV,NONE,https://ojibwe.lib.umn.edu/main-entry/omiimii-na
oshkiniigikwe,oshkiniigikwew2,NA,NA_VV,NONE,https://ojibwe.lib.umn.edu/main-entry/oshkiniigikwe-na
waagaakwad,waagaakwadw2,NI,NI_Cw,NONE,https://ojibwe.lib.umn.edu/main-entry/waagaakwad-ni
okonaazhish,okonaazhish,NI,NI_C,NONE,UnpublishedOPD
omiimiisi,omiimiisiw2,NA,NA_Vw,NONE,https://ojibwe.lib.umn.edu/main-entry/omiimiisi-na
waabiigin,waabiiginw2,NI,NI_Cw,NONE,UnpublishedOPD
oshkiniigikwens,oshkiniigikwens,NA,NA_C,NONE,UnpublishedOPD
okonimaa,okonimaaw2,NI,NI_VV,NONE,UnpublishedOPD
omiishaabiiwinaan,omiishaabiiwinaan,NID,NID_C,NONE,UnpublishedOPD
waabishkigwan,waabishkigwan,NA,NA_C,NONE,https://ojibwe.lib.umn.edu/main-entry/waabishkigwan-na
shkinzhy,shkinzhy2,NID,NID_Cy,NONE,https://ojibwe.lib.umn.edu/main-entry/oshkinzh-nid
waabamik,waabamikw2,NA,NA_Cw,NONE,https://ojibwe.lib.umn.edu/main-entry/waabamik-na
ozaawaamoo,ozaawaamoow2,NA,NA_VV,NONE,UnpublishedOPD
koozh,koozh,NID,NID_C,NONE,https://ojibwe.lib.umn.edu/main-entry/okoonzh-nid
waagaakwadoons,waagaakwadoons,NI,NI_C,NONE,https://ojibwe.lib.umn.edu/main-entry/waagaakwadoons-ni
waakami-zaaga'igan,waakami-zaaga'igan,NI,NI_C,NONE,UnpublishedOPD
omiishijiimin,omiishijiimin,NA,NA_C,NONE,UnpublishedOPD
waabamojichaagwaan,waabamojichaagwaan,NI,NI_C,NONE,https://ojibwe.lib.umn.edu/main-entry/waabamojichaagwaan-ni
waapagesi,waapagesiw2,NA,NA_Vw,NONE,UnpublishedOPD
ombaakwa'igan,ombaakwa'igan,NA,NA_C,NONE,https://ojibwe.lib.umn.edu/main-entry/ombaakwa-igan-na
waagaakwadwaabik,waagaakwadwaabikw2,NI,NI_Cw,NONE,https://ojibwe.lib.umn.edu/main-entry/waagaakwadwaabik-ni
waabishkiigin,waabishkiiginw2,NI,NI_Cw,NONE,https://ojibwe.lib.umn.edu/main-entry/waabishkiigin-ni
waakamiwaabo,waakamiwaabow2,NI,NI_Vw,NONE,UnpublishedOPD
onda'ibaan,onda'ibaan,NI,NI_C,NONE,https://ojibwe.lib.umn.edu/main-entry/onda-ibaan-ni
oshkakizin,oshkakizin,NI,NI_C,NONE,UnpublishedOPD
waabiingwe'on,waabiingwe'on,NI,NI_C,NONE,UnpublishedOPD
waagaakwadwaatig,waagaakwadwaatigw2,NI,NI_Cw,NONE,https://ojibwe.lib.umn.edu/main-entry/waagaakwadwaatig-ni
waako-bakwezhigan,waako-bakwezhigan,NA,NA_C,NONE,UnpublishedOPD
waapijiibizon,waapijiibizon,NI,NI_C,NONE,https://ojibwe.lib.umn.edu/main-entry/waapijiibizon-ni
waakon,waakon,NI,NI_C,NONE,UnpublishedOPD
oshkanzhy,oshkanzhy2,NAD,NAD_Cy,NONE,UnpublishedOPD
oshkanzhii-zhihsoobii'igan-gaasiitaakizigan,oshkanzhii-zhihsoobii'igan-gaasiitaakizigan,NI,NI_C,NONE,UnpublishedOPD
shtigwaan,shtigwaan,NID,NID_C,NONE,https://ojibwe.lib.umn.edu/main-entry/oshtigwaan-nid
waakoowish,waakoowish,NA,NA_C,NONE,UnpublishedOPD
oshkanzhii-zhishoobii'igan,oshkanzhii-zhishoobii'igan,NI,NI_C,NONE,UnpublishedOPD
oshtigwaan-zhaabonigan,oshtigwaan-zhaabonigan,NI,NI_C,NONE,UnpublishedOPD
waagaatig,waagaatigw2,NI,NI_Cw,NONE,https://ojibwe.lib.umn.edu/main-entry/waagaatig-ni
waakowazh,waakowazh,NA,NA_C,NONE,https://ojibwe.lib.umn.edu/main-entry/waakowazh-na
omiseyimaa,omiseyimaaw2,NA,NA_VV,NONE,UnpublishedOPD
oshkanzhii-zisiboojigaans,oshkanzhii-zisiboojigaans,NI,NI_C,NONE,UnpublishedOPD
pan,pan,NID,NID_C,NONE,https://ojibwe.lib.umn.edu/main-entry/opan-nid
oshkanzhiikaajigan,oshkanzhiikaajigan,NI,NI_C,NONE,https://ojibwe.lib.umn.edu/main-entry/oshkanzhiikaajigan-ni
oshtigwaanabii,oshtigwaanabiiw2,NI,NI_VV,NONE,UnpublishedOPD
opichi,opichiw2,NA,NA_Vw,NONE,https://ojibwe.lib.umn.edu/main-entry/opichi-na
zhigwan,zhigwan,NID,NID_aa,NONE,https://ojibwe.lib.umn.edu/main-entry/ozhigwan-nid
oshtigwaanens,oshtigwaanens,NI,NI_C,NONE,https://ojibwe.lib.umn.edu/main-entry/oshtigwaanens-ni
waakwag,waakw2,NA,NA_Cw,NONE,UnpublishedOPD
oshkategom,oshkategom,NID,NID_C,NONE,UnpublishedOPD
waabananang,waabananangw2,NA,NA_Cw,NONE,UnpublishedOPD
pigay,pigay,NAD,NAD_C,NONE,https://ojibwe.lib.umn.edu/main-entry/opigayan-nad
omishoomisimaa,omishoomisimaaw2,NA,NA_VV,NONE,UnpublishedOPD
oshkaya'aa,oshkaya'aaw2,NA,NA_VV,NONE,https://ojibwe.lib.umn.edu/main-entry/oshkaya-aa-na
waabanangosiins,waabanangosiins,NA,NA_C,NONE,UnpublishedOPD
waabishkiingwechigan,waabishkiingwechigan,NI,NI_C,NONE,https://ojibwe.lib.umn.edu/main-entry/waabishkiingwechigan-ni
ombisijigaans,ombisijigaans,NI,NI_C,NONE,https://ojibwe.lib.umn.edu/main-entry/ombisijigaans-ni
waawaashkeshiwi-wiiyaas,waawaashkeshiwi-wiiyaas,NI,NI_C,NONE,https://ojibwe.lib.umn.edu/main-entry/waawaashkeshiwi-wiiyaas-ni
oshkayi'ii,oshkayi'iiw2,NI,NI_VV,NONE,https://ojibwe.lib.umn.edu/main-entry/oshkayi-ii-ni
oshtigwaani-zhaaboniganens,oshtigwaani-zhaaboniganens,NI,NI_C,NONE,UnpublishedOPD
ozhaawashkwaakomin-manoomin,ozhaawashkwaakomin-manoomin,NI,NI_C,NONE,UnpublishedOPD
ombisijigan,ombisijigan,NI,NI_C,NONE,https://ojibwe.lib.umn.edu/main-entry/ombisijigan-ni
oziisigobiminzh,oziisigobiminzhy2,NA,NA_Cy,NONE,https://ojibwe.lib.umn.edu/main-entry/oziisigobiminzh-na
waabishkiingwechigan-mashkimodens,waabishkiingwechigan-mashkimodens,NI,NI_C,NONE,UnpublishedOPD
waasigan,waasigan,NI,NI_C,NONE,https://ojibwe.lib.umn.edu/main-entry/waasigan-ni
waawaashkeshiwibiiway,waawaashkeshiwibiiway,NI,NI_C,NONE,https://ojibwe.lib.umn.edu/main-entry/waawaashkeshiwibiiway-ni
opikwaninjigan,opikwaninjigan,NID,NID_C,NONE,UnpublishedOPD
oshtigwaanikaanens,oshtigwaanikaanens,NI,NI_C,NONE,UnpublishedOPD
oziisigobimizhii-makak,oziisigobimizhii-makakw2,NI,NI_Cw,NONE,https://ojibwe.lib.umn.edu/main-entry/oziisigobimizhii-makak-ni
onadinigan,onadinigan,NA,NA_C,NONE,https://ojibwe.lib.umn.edu/main-entry/onadinigan-na
waawaashkeshiwibwaam,waawaashkeshiwibwaam,NI,NI_C,NONE,https://ojibwe.lib.umn.edu/main-entry/waawaashkeshiwibwaam-ni
waasiganeyaab,waasiganeyaaby2,NI,NI_Cy,NONE,UnpublishedOPD
waabikwaan,waabikwaan,NI,NI_C,NONE,https://ojibwe.lib.umn.edu/main-entry/waabikwaan-ni
oshtigwaanzhaabonigan,oshtigwaanzhaabonigan,NI,NI_C,NONE,https://ojibwe.lib.umn.edu/main-entry/oshtigwaanzhaabonigan-ni
oziisigobimizhiins,oziisigobimizhiins,NA,NA_C,NONE,UnpublishedOPD
waawaashkeshiwide',waawaashkeshiwide',NI,NI_C,NONE,https://ojibwe.lib.umn.edu/main-entry/waawaashkeshiwide-ni
onaga'ay,onaga'ay,NA,NA_C,NONE,UnpublishedOPD
oziisigobimizhiins,oziisigobimizhiins,NI,NI_C,NONE,UnpublishedOPD
waasigani-bimide,waasigani-bimidew2,NI,NI_VV,NONE,https://ojibwe.lib.umn.edu/main-entry/waasigani-bimide-ni
onaga'ens,onaga'ens,NA,NA_C,NONE,UnpublishedOPD
waawaashkeshiwigan,waawaashkeshiwigan,NI,NI_C,NONE,https://ojibwe.lib.umn.edu/main-entry/waawaashkeshiwigan-ni
oshki-anishinaabe-niimiwin,oshki-anishinaabe-niimiwin,NI,NI_C,NONE,UnpublishedOPD
-nagaakininjaan,-nagaakininjaan,NID,NID_C,NONE,UnpublishedOPD
waawaashkeshiwiganzh,waawaashkeshiwiganzh,NA,NA_C,NONE,UnpublishedOPD
-sigaagwan,-sigaagwan,NID,NID_C,NONE,UnpublishedOPD
waasigani-bimide-atoobaan,waasigani-bimide-atoobaan,NI,NI_C,NONE,https://ojibwe.lib.umn.edu/main-entry/waasigani-bimide-atoobaan-ni
waasaakoga'igan,waasaakoga'igan,NI,NI_C,NONE,UnpublishedOPD
onagaakizid,onagaakizid,NI,NI_C,NONE,UnpublishedOPD
waawaashkeshiwiiyaas,waawaashkeshiwiiyaas,NI,NI_C,NONE,UnpublishedOPD
ozhaashi-manoomin,ozhaashi-manoomin,NI,NI_C,NONE,UnpublishedOPD
waasigani-bimide-biiwaabik,waasigani-bimide-biiwaabikw2,NI,NI_Cw,NONE,https://ojibwe.lib.umn.edu/main-entry/waasigani-bimide-biiwaabik-ni
onowaangigan,onowaangigan,NID,NID_C,NONE,UnpublishedOPD
oshki-aya'aans,oshki-ayah'aans,NA,NA_C,NONE,UnpublishedOPD
-nagaakizidaan,-nagaakizidaan,NID,NID_C,NONE,UnpublishedOPD
waawaashkeshiwikon,waawaashkeshiwikon,NI,NI_C,NONE,https://ojibwe.lib.umn.edu/main-entry/waawaashkeshiwikon-ni
waanada'igan,waanada'igan,NI,NI_C,NONE,UnpublishedOPD
waabimon,waabimon,NI,NI_C,NONE,https://ojibwe.lib.umn.edu/main-entry/waabimon-ni
waasaakoganjigan,waasaakoganjigan,NI,NI_C,NONE,UnpublishedOPD
waasigani-bimidewidaabaan,waasigani-bimidewidaabaan,NI,NI_C,NONE,UnpublishedOPD
nagaskw,nagaskw2,NID,NID_Cw,NONE,https://ojibwe.lib.umn.edu/main-entry/onagask-nid
waabishkiminens,waabishkiminens,NA,NA_C,NONE,UnpublishedOPD
waawaashkeshiwimoo,waawaashkeshiwimoow2,NI,NI_VV,NONE,UnpublishedOPD
waabanda'iwewin,waabanda'iwewin,NI,NI_C,NONE,https://ojibwe.lib.umn.edu/main-entry/waabanda-iwewin-ni
oshki-aya'ii,oshki-aya'iiw2,NI,NI_VV,NONE,https://ojibwe.lib.umn.edu/main-entry/oshki-aya-ii-ni
waawaashkeshiwipigens,waawaashkeshiwipigens,NA,NA_C,NONE,UnpublishedOPD
waasigani-bimidewigamig,waasigani-bimidewigamigw2,NI,NI_Cw,NONE,https://ojibwe.lib.umn.edu/main-entry/waasigani-bimidewigamig-ni
waasaakwa'igan,waasaakwa'igan,NI,NI_C,NONE,UnpublishedOPD
waawaashkesi-odikon,waawaashkesi-odikon,NA,NA_C,NONE,UnpublishedOPD
waasigani-bimideyaab,waasigani-bimideyaaby2,NI,NI_Cy,NONE,https://ojibwe.lib.umn.edu/main-entry/waasigani-bimideyaab-ni
oshki-ayi'ii,oshki-ayi'iiw2,NI,NI_VV,NONE,UnpublishedOPD
ozaawakik,ozaawakikw2,NA,NA_Cw,NONE,https://ojibwe.lib.umn.edu/main-entry/ozaawakik-na
-skatigw,-skatigw2,NID,NID_Cw,NONE,UnpublishedOPD
waasigani-boodawaanaabik,waasigani-boodawaanaabikw2,NI,NI_Cw,NONE,UnpublishedOPD
oshki-azaadiins,oshki-azaadiins,NI,NI_C,NONE,UnpublishedOPD
waasigani-giishkiboojigan,waasigani-giishkiboojigan,NI,NI_C,NONE,https://ojibwe.lib.umn.edu/main-entry/waasigani-giishkiboojigan-ni
waasaakwanjiganens,waasaakwanjiganens,NI,NI_C,NONE,UnpublishedOPD
waawaasiingwaagan,waawaasiingwaagan,NA,NA_C,NONE,UnpublishedOPD
oskawewag,oskawewag,NA,NA_C,NONE,UnpublishedOPD
ozaawamik,ozaawamikw2,NA,NA_Cw,NONE,https://ojibwe.lib.umn.edu/main-entry/ozaawamik-na
waagikomaan,waagikomaan,NI,NI_C,NONE,https://ojibwe.lib.umn.edu/main-entry/waagikomaan-ni
ozhiigizhigan,ozhiigizhigan,NI,NI_C,NONE,UnpublishedOPD
waasigani-jiimaan,waasigani-jiimaan,NI,NI_C,NONE,UnpublishedOPD
-zhiigwan,-zhiigwan,NID,NID_C,NONE,UnpublishedOPD
oskiigom,oskiigom,NAD,NAD_C,NONE,UnpublishedOPD
onwaachigewinini,onwaachigewininiw2,NA,NA_Vw,NONE,UnpublishedOPD
ozosodamoo-mashkiki,ozosodamoo-mashkikiw2,NI,NI_Vw,NONE,https://ojibwe.lib.umn.edu/main-entry/ozosodamoo-mashkiki-ni
ozhiimeyimaa,ozhiimeyimaaw2,NA,NA_VV,NONE,UnpublishedOPD
waasigani-makakoons,waasigani-makakoons,NI,NI_C,NONE,https://ojibwe.lib.umn.edu/main-entry/waasigani-makakoons-ni
waabishibens,waabishibens,NA,NA_C,NONE,UnpublishedOPD
waasigani-waasakwanenjigan,waasigani-waasakwanenjigan,NI,NI_C,NONE,UnpublishedOPD
ozaawasabaab,ozaawasabaaby,NI,NI_C,NONE,UnpublishedOPD
-skweyaaby,-skweyaaby2,NID,NID_Cy,NONE,UnpublishedOPD
waabandizon,waabandizon,NI,NI_C,NONE,UnpublishedOPD
ozosodamwaapinewin,ozosodamwaapinewin,NI,NI_C,NONE,https://ojibwe.lib.umn.edu/main-entry/ozosodamwaapinewin-ni
waawaatesi,waawaatesiw2,NA,NA_Vw,NONE,https://ojibwe.lib.umn.edu/main-entry/waawaatesi-na
waasiganidaabaanikana,waasiganidaabaanikan,NI,NI_Kana,NONE,https://ojibwe.lib.umn.edu/main-entry/waasiganidaabaanikana-ni
waabishkaa-banangoziins,waabishkaa-banangoziins,NA,NA_C,NONE,UnpublishedOPD
ososodamoo-mashkiki,ososodamoo-mashkikiw2,NI,NI_Vw,NONE,UnpublishedOPD
oshki-ikwe,oshki-ikwew2,NA,NA_VVw,NONE,https://ojibwe.lib.umn.edu/main-entry/oshki-ikwe-na
oshki-ikwe,oshki-ikwew2,NA,NA_VV,NONE,https://ojibwe.lib.umn.edu/main-entry/oshki-ikwe-na
waabandizowin,waabandizowin,NI,NI_C,NONE,https://ojibwe.lib.umn.edu/main-entry/waabandizowin-ni
waaginaa,waaginaaw2,NA,NA_VV,NONE,https://ojibwe.lib.umn.edu/main-entry/waaginaa-na
ozhaashigob,ozhaashigoby2,NA,NA_Cy,NONE,https://ojibwe.lib.umn.edu/main-entry/ozhaashigob-na
oshki-ikwens,oshki-ikwens,NA,NA_C,NONE,UnpublishedOPD
waawaateskijiisi,waawaateskijiisiw2,NA,NA_Vw,NONE,UnpublishedOPD
waasiingwaagan,waasiingwaagan,NA,NA_C,NONE,https://ojibwe.lib.umn.edu/main-entry/waasiingwaagan-ni
ososodamwaapinewin,ososodamwaapinewin,NI,NI_C,NONE,UnpublishedOPD
waasakonenjigan,waasakonenjigan,NI,NI_C,NONE,UnpublishedOPD
waawaateskijiisiw,waawaateskijiisiw,NA,NA_C,NONE,UnpublishedOPD
waaginaak,waaginaakw2,NA,NA_Cw,NONE,UnpublishedOPD
ozowaanowashk,ozowaanowashkw2,NI,NI_Cw,NONE,https://ojibwe.lib.umn.edu/main-entry/ozowaanowashk-ni
oshki-inini,oshki-ininiw2,NA,NA_Vw,NONE,https://ojibwe.lib.umn.edu/main-entry/oshki-inini-na
waaginaakwaan,waaginaakwaan,NI,NI_C,NONE,UnpublishedOPD
waabani-noodin,waabani-noodinw2,NI,NI_Cw,NONE,https://ojibwe.lib.umn.edu/main-entry/waabani-noodin-ni
waasakonenjiganens,waasakonenjiganens,NI,NI_C,NONE,UnpublishedOPD
ozowigegan,ozowigegan,NID,NID_C,NONE,UnpublishedOPD
waawan,waawanw2,NI,NI_Cw,NONE,https://ojibwe.lib.umn.edu/main-entry/waawan-ni
tawag,tawag,NID,NID_aa,NONE,https://ojibwe.lib.umn.edu/main-entry/otawag-nid
waasiingwechigewin,waasiingwechigewin,NI,NI_C,NONE,UnpublishedOPD
ozhaawashkwasabaab,ozhaawashkwasabaaby,NI,NI_C,NONE,UnpublishedOPD
oshki-ininiins,oshki-ininiins,NA,NA_C,NONE,UnpublishedOPD
waasiko-manidoominens,waasiko-manidoominens,NA,NA_C,NONE,UnpublishedOPD
otigwaan,otigwaan,NI,NI_C,NONE,UnpublishedOPD
waasakwanejiisi,waasakwanejiisiw2,NA,NA_Vw,NONE,UnpublishedOPD
pigemagw,pigemagw2,NID,NID_Cw,NONE,https://ojibwe.lib.umn.edu/main-entry/pigemagw-nid
onzaabiwin,onzaabiwin,NI,NI_C,NONE,https://ojibwe.lib.umn.edu/main-entry/onzaabiwin-ni
wakikaandag,wakikaandagw2,NA,NA_Cw,NONE,UnpublishedOPD
otigwaan,otigwaan,NID,NID_C,NONE,https://ojibwe.lib.umn.edu/main-entry/otigwaan-nid
waasakwanenjigan,waasakwanenjigan,NI,NI_C,NONE,UnpublishedOPD
waaginogaan,waaginogaan,NI,NI_C,NONE,https://ojibwe.lib.umn.edu/main-entry/waaginogaan-ni
pikwan,pikwan,NID,NID_C,NONE,https://ojibwe.lib.umn.edu/main-entry/pikwan-nid
oshki-manoomin,oshki-manoomin,NI,NI_C,NONE,https://ojibwe.lib.umn.edu/main-entry/oshki-manoomin-ni
waasakwanenjiganens,waasakwanenjiganens,NI,NI_C,NONE,UnpublishedOPD
otigwaaneyaab,otigwaaneyaaby2,NI,NI_Cy,NONE,UnpublishedOPD
ozhiminaga'igan,ozhiminaga'igan,NI,NI_C,NONE,UnpublishedOPD
ozhaawasko-waabooyaan,ozhaawasko-waabooyaan,NI,NI_C,NONE,UnpublishedOPD
waaginogaanaak,waaginogaanaakw2,NI,NI_Cw,NONE,UnpublishedOPD
ozhaawaskoningwiishibens,ozhaawaskoningwiishibens,NA,NA_C,NONE,UnpublishedOPD
waangoomaagan,waangoomaagan,NA,NA_C,NONE,UnpublishedOPD
wanazidens,wanazidens,NA,NA_C,NONE,UnpublishedOPD
otigwaanigegan,otigwaanigegan,NID,NID_C,NONE,UnpublishedOPD
waasamodaabaan,waasamodaabaan,NA,NA_C,NONE,UnpublishedOPD
waaginogaanaatig,waaginogaanaatigw2,NI,NI_Cw,NONE,UnpublishedOPD
wanazidensiwigan,wanazidensiwigan,NI,NI_C,NONE,UnpublishedOPD
waaginogaanens,waaginogaanens,NI,NI_C,NONE,UnpublishedOPD
waabizhagaakodiyesi,waabizhagaakodiyesiw2,NA,NA_Vw,NONE,UnpublishedOPD
zhaga'ay,zhaga'ay,NAD,NAD_C,NONE,https://ojibwe.lib.umn.edu/main-entry/ozhaga-e-nad
waasamoo-anokiiwinini,waasamoo-anokiiwininiw2,NA,NA_Vw,NONE,https://ojibwe.lib.umn.edu/main-entry/waasamoo-anokiiwinini-na
oshki-nitaage-wiikondiwin,oshki-nitaage-wiikondiwin,NI,NI_C,NONE,https://ojibwe.lib.umn.edu/main-entry/oshki-nitaage-wiikondiwin-ni
ozaawi-jiis,ozaawi-jiis,NI,NI_C,NONE,https://ojibwe.lib.umn.edu/main-entry/ozaawi-jiis-ni
waanibiiyaa,waanibiiyaaw2,NI,NI_VV,NONE,UnpublishedOPD
waabizheshi,waabizheshiw2,NA,NA_Vw,NONE,https://ojibwe.lib.umn.edu/main-entry/waabizheshi-na
waasamoo-biiwaabikoons,waasamoo-biiwaabikoons,NI,NI_C,NONE,UnpublishedOPD
ozaawi-manidoominens,ozaawi-manidoominens,NA,NA_C,NONE,https://ojibwe.lib.umn.edu/main-entry/ozaawi-manidoominens-na
waasamoo-bimide,waasamoo-bimidew2,NI,NI_VV,NONE,https://ojibwe.lib.umn.edu/main-entry/waasamoo-bimide-ni
waabizheshi-wanii'iganens,waabizheshi-wanii'iganens,NI,NI_C,NONE,UnpublishedOPD
waawiyezhigan,waawiyezhigan,NI,NI_C,NONE,UnpublishedOPD
ozaawi-okandamoo,ozaawi-okandamoow2,NA,NA_VV,NONE,UnpublishedOPD
opin,opiny2,NA,NA_Cy,NONE,https://ojibwe.lib.umn.edu/main-entry/opin-na
waasamoo-bimide-noogishkaawin,waasamoo-bimide-noogishkaawin,NI,NI_C,NONE,UnpublishedOPD
waanikaan,waanikaan,NI,NI_C,NONE,https://ojibwe.lib.umn.edu/main-entry/waanikaan-ni
ozaawi-ombisijigan,ozaawi-ombisijigan,NI,NI_C,NONE,UnpublishedOPD
waasamoo-jiimaan,waasamoo-jiimaan,NI,NI_C,NONE,https://ojibwe.lib.umn.edu/main-entry/waasamoo-jiimaan-ni
waabizheshiwayaan,waabizheshiwayaan,NA,NA_C,NONE,https://ojibwe.lib.umn.edu/main-entry/waabizheshiwayaan-na
owaazisii,owaazisiiw2,NA,NA_VV,NONE,UnpublishedOPD
ozaawi-zhiiwaabo,ozaawi-zhiiwaabow2,NI,NI_Vw,NONE,UnpublishedOPD
shimis,shimis,NAD,NAD_C,NONE,https://ojibwe.lib.umn.edu/main-entry/shimis-nad
waasamoo-jiimaanens,waasamoo-jiimaanens,NI,NI_C,NONE,https://ojibwe.lib.umn.edu/main-entry/waasamoo-jiimaanens-ni
opinii-manidoons,opinii-manidoons,NA,NA_C,NONE,https://ojibwe.lib.umn.edu/main-entry/opinii-manidoons-na
ozaawi-zhooniyaawaabik,ozaawi-zhooniyaawaabik,NA,NA_C,NONE,https://ojibwe.lib.umn.edu/main-entry/ozaawi-zhooniyaawaabik-na
waasamoo-makakoons,waasamoo-makakoons,NI,NI_C,NONE,UnpublishedOPD
waabizii,waabiziiw2,NA,NA_VV,NONE,https://ojibwe.lib.umn.edu/main-entry/waabizii-na
ozaawi-ziinzibaakwad,ozaawi-ziinzibaakwadw2,NI,NI_Cw,NONE,https://ojibwe.lib.umn.edu/main-entry/ozaawi-ziinzibaakwad-ni
waabanoo-nagamon,waabanoo-nagamon,NI,NI_C,NONE,https://ojibwe.lib.umn.edu/main-entry/waabanoo-nagamon-ni
waasamoo-waazakonenjigan,waasamoo-waazakonenjigan,NI,NI_C,NONE,https://ojibwe.lib.umn.edu/main-entry/waasamoo-waazakonenjigan-ni
shkatay,shkatay,NID,NID_C,NONE,UnpublishedOPD
waagosh,waagosh,NA,NA_C,NONE,https://ojibwe.lib.umn.edu/main-entry/waagosh-na
waabiziiwanwi,waabiziiwanwy2,NI,NI_ShortCy,NONE,https://ojibwe.lib.umn.edu/main-entry/waabiziiwanwi-ni
waasikwa'igan,waasikwa'igan,NI,NI_C,NONE,UnpublishedOPD
waasamoo-wese'on,waasamoo-wese'on,NI,NI_C,NONE,UnpublishedOPD
waabowaan,waabowaan,NI,NI_C,NONE,UnpublishedOPD
waasamoo-wiikwanjigan,waasamoo-wiikwanjigan,NI,NI_C,NONE,UnpublishedOPD
waasamoowidaabaan,waasamoowidaabaan,NA,NA_C,NONE,https://ojibwe.lib.umn.edu/main-entry/waasamoowidaabaan-na
waaboowaanegin,waaboowaaneginw2,NI,NI_Cw,NONE,UnpublishedOPD
waagoshi-nagwaagan,waagoshi-nagwaagan,NI,NI_C,NONE,https://ojibwe.lib.umn.edu/main-entry/waagoshi-nagwaagan-ni
waabanoowiwin,waabanoowiwin,NI,NI_C,NONE,https://ojibwe.lib.umn.edu/main-entry/waabanoowiwin-ni
waaboowaaniigin,waaboowaaniiginw2,NI,NI_Cw,NONE,UnpublishedOPD
ozhibii'amaadiwin,ozhibii'amaadiwin,NI,NI_C,NONE,UnpublishedOPD
waagoshi-wanii'igan,waagoshi-wanii'igan,NI,NI_C,NONE,UnpublishedOPD
waasamoowinini,waasamoowininiw2,NA,NA_Vw,NONE,UnpublishedOPD
onzekwaan,onzekwaan,NI,NI_C,NONE,UnpublishedOPD
waaboowayaan,waaboowayaan,NI,NI_C,NONE,UnpublishedOPD
waazakonebijigan,waazakonebijigan,NI,NI_C,NONE,https://ojibwe.lib.umn.edu/main-entry/waazakonebijigan-ni
waasamowi-ditibiwebishkigan,waasamowi-ditibiwebishkigan,NA,NA_C,NONE,UnpublishedOPD
waagoshiwayaan,waagoshiwayaan,NA,NA_C,NONE,https://ojibwe.lib.umn.edu/main-entry/waagoshiwayaan-na
waabooyaan,waabooyaan,NI,NI_C,NONE,https://ojibwe.lib.umn.edu/main-entry/waabooyaan-ni
waasamowidaabaan,waasamowidaabaan,NA,NA_C,NONE,UnpublishedOPD
waak,waakw2,NA,NA_irrCw,NONE,https://ojibwe.lib.umn.edu/main-entry/waak-na
waasamowin,waasamowin,NI,NI_C,NONE,https://ojibwe.lib.umn.edu/main-entry/waasamowin-ni
onzekwewakik,onzekwewakikw2,NA,NA_Cw,NONE,UnpublishedOPD
waazakonenjigan,waazakonenjigan,NI,NI_C,NONE,https://ojibwe.lib.umn.edu/main-entry/waazakonenjigan-ni
waabooyaaniigin,waabooyaaniiginw2,NI,NI_Cw,NONE,UnpublishedOPD
tawag,tawag,NID,NID_C,NONE,https://ojibwe.lib.umn.edu/main-entry/tawag-nid
waabashki-moose,waabashki-moosew2,NA,NA_VV,NONE,UnpublishedOPD
waasikwakizin,waasikwakizin,NI,NI_C,NONE,UnpublishedOPD
waakaa'igaans,waakaa'igaans,NI,NI_C,NONE,UnpublishedOPD
waazakonenjiganaaboo,waazakonenjiganaaboow2,NI,NI_VV,NONE,https://ojibwe.lib.umn.edu/main-entry/waazakonenjiganaaboo-ni
waabooyowaan,waabooyowaan,NI,NI_C,NONE,UnpublishedOPD
waakaa'igan,waakaa'igan,NI,NI_C,NONE,https://ojibwe.lib.umn.edu/main-entry/waakaa-igan-ni
waabashkiki,waabashkiky2,NI,NI_ShortCy,NONE,https://ojibwe.lib.umn.edu/main-entry/waabashkiki-ni
ozaawikaadaak,ozaawikaadaakw2,NI,NI_Cw,NONE,https://ojibwe.lib.umn.edu/main-entry/ozaawikaadaak-ni
waabooz,waaboozw2,NA,NA_Cw,NONE,https://ojibwe.lib.umn.edu/main-entry/waabooz-na
waazakonenjiganaaboo-adaawewigamig,waazakonenjiganaaboo-adaawewigamigw2,NI,NI_Cw,NONE,https://ojibwe.lib.umn.edu/main-entry/waazakonenjiganaaboo-adaawewigamig-ni
waakaa'iganens,waakaa'iganens,NI,NI_C,NONE,https://ojibwe.lib.umn.edu/main-entry/waakaa-iganens-ni
waazakonenjiganaaboo-gizhaabikizigan,waazakonenjiganaaboo-gizhaabikizigan,NI,NI_C,NONE,UnpublishedOPD
ozaawikaadaakoons,ozaawikaadaakoons,NI,NI_C,NONE,UnpublishedOPD
waazakonenjiganaaboo-zhaaboobiiginigan,waazakonenjiganaaboo-zhaaboobiiginigan,NI,NI_C,NONE,UnpublishedOPD
waakaa'iganikaan,waakaa'iganikaan,NI,NI_C,NONE,UnpublishedOPD
waazakonenjiganaaboowadaawewigamig,waazakonenjiganaaboowadaawewigamigw2,NI,NI_Cw,NONE,https://ojibwe.lib.umn.edu/main-entry/waazakonenjiganaaboowadaawewigamig-ni
waaboozekon,waaboozekon,NI,NI_C,NONE,https://ojibwe.lib.umn.edu/main-entry/waaboozekon-ni
waase'igan,waase'igan,NI,NI_C,NONE,UnpublishedOPD
waabasim,waabasimw2,NA,NA_Cw,NONE,https://ojibwe.lib.umn.edu/main-entry/waabasim-na
waazakonenjiganaaboowakik,waazakonenjiganaaboowakikw2,NA,NA_Cw,NONE,https://ojibwe.lib.umn.edu/main-entry/waazakonenjiganaaboowakik-na
waaboozekone-biinzikawaagan,waaboozekone-biinzikawaagan,NI,NI_C,NONE,UnpublishedOPD
waabasimoons,waabasimoons,NA,NA_C,NONE,UnpublishedOPD
waazakonenjiganaatig,waazakonenjiganaatigw2,NI,NI_Cw,NONE,https://ojibwe.lib.umn.edu/main-entry/waazakonenjiganaatig-ni
waaboozekoni-waaboowaan,waaboozekoni-waaboowaan,NI,NI_C,NONE,UnpublishedOPD
waaniniingwe'akisin,waaniniingwe'akisin,NI,NI_C,NONE,UnpublishedOPD
waabazhashkwaan,waabazhashkwaan,NI,NI_C,NONE,UnpublishedOPD
waakaa'igewinini,waakaa'igewininiw2,NA,NA_Vw,NONE,https://ojibwe.lib.umn.edu/main-entry/waakaa-igewinini-na
ozhibii'iganaabo,ozhibii'iganaabow2,NI,NI_Vw,NONE,https://ojibwe.lib.umn.edu/main-entry/ozhibii-iganaabo-ni
ozhaawaa-zhooniyaa,ozhaawaa-zhooniyaaw2,NA,NA_VV,NONE,UnpublishedOPD
waazakonenjiganeyaab,waazakonenjiganeyaaby2,NI,NI_Cy,NONE,UnpublishedOPD
waasechigan,waasechigan,NI,NI_C,NONE,https://ojibwe.lib.umn.edu/main-entry/waasechigan-ni
waaninijaane-mookomaan,waaninijaane-mookomaan,NI,NI_C,NONE,UnpublishedOPD
ozhibii'iganaaboo,ozhibii'iganaaboow2,NI,NI_VV,NONE,https://ojibwe.lib.umn.edu/main-entry/ozhibii-iganaaboo-ni
ozhaawaa-zhooniyaa,ozhaawaa-zhooniyaaw2,NI,NI_VV,NONE,UnpublishedOPD
waabi-gookooko'oo,waabi-gookooko'oow2,NA,NA_VV,NONE,UnpublishedOPD
ozhaawashjko-asiniins,ozhaawashjko-asiniins,NA,NA_C,NONE,UnpublishedOPD
waaboozo-moowens,waaboozo-moowens,NI,NI_C,NONE,https://ojibwe.lib.umn.edu/main-entry/waaboozo-moo-ni
ozhibii'iganaaboo-ozhibii'iganaatig,ozhibii'iganaaboo-ozhibii'iganaatigw2,NI,NI_Cw,NONE,UnpublishedOPD
waabi-makade,waabi-makadew2,NI,NI_VV,NONE,https://ojibwe.lib.umn.edu/main-entry/waabi-makade-ni
waasechiganaabik,waasechiganaabikw2,NI,NI_Cw,NONE,https://ojibwe.lib.umn.edu/main-entry/waasechiganaabik-ni
waaboozo-naboob,waaboozo-nabooby2,NI,NI_Cy,NONE,UnpublishedOPD
ozhibii'iganaak,ozhibii'iganaakw2,NI,NI_Cw,NONE,https://ojibwe.lib.umn.edu/main-entry/ozhibii-iganaak-ni
waabi-manoomin,waabi-manoomin,NI,NI_C,NONE,https://ojibwe.lib.umn.edu/main-entry/waabi-manoomin-ni
waazhaabaan,waazhaabaan,NI,NI_C,NONE,https://ojibwe.lib.umn.edu/main-entry/waazhaabaan-ni
waabishkakizin,waabishkakizin,NI,NI_C,NONE,UnpublishedOPD
waaswaagan,waaswaagan,NI,NI_C,NONE,https://ojibwe.lib.umn.edu/main-entry/waaswaagan-ni
waawiizhaandi-nagamon,waawiizhaandi-nagamon,NI,NI_C,NONE,UnpublishedOPD
waasechiganiigin,waasechiganiiginw2,NI,NI_Cw,NONE,UnpublishedOPD
waaboozo-nagamon,waaboozo-nagamon,NI,NI_C,NONE,UnpublishedOPD
ozhibii'iganaako-giishkiboojigan,ozhibii'iganaako-giishkiboojigan,NI,NI_C,NONE,UnpublishedOPD
waaboozo-nagwaagan,waaboozo-nagwaagan,NI,NI_C,NONE,https://ojibwe.lib.umn.edu/main-entry/waaboozo-nagwaagan-ni
waabaabigan,waabaabigan,NA,NA_C,NONE,https://ojibwe.lib.umn.edu/main-entry/waabaabigan-na
waanishkobaa,waanishkobaaw2,NI,NI_VV,NONE,UnpublishedOPD
waabidii,waabidiiw2,NA,NA_VV,NONE,UnpublishedOPD
ozhibii'ige-adoopowin,ozhibii'ige-adoopowin,NI,NI_C,NONE,https://ojibwe.lib.umn.edu/main-entry/ozhibii-ige-adoopowin-ni
waabishkasabaab,waabishkasabaaby,NI,NI_C,NONE,UnpublishedOPD
waanzh,waanzh,NI,NI_C,NONE,https://ojibwe.lib.umn.edu/main-entry/waanzh-ni
waabigan,waabigan,NA,NA_C,NONE,https://ojibwe.lib.umn.edu/main-entry/waabigan-na
waaboozo-niimi'idiwin,waaboozo-niimi'idiwin,NI,NI_C,NONE,UnpublishedOPD
waabishkasim,waabishkasimw2,NA,NA_Cw,NONE,UnpublishedOPD
ozhibii'ige-ataason,ozhibii'ige-ataason,NI,NI_C,NONE,UnpublishedOPD
waaboozo-wiiyaas,waaboozo-wiiyaas,NI,NI_C,NONE,https://ojibwe.lib.umn.edu/main-entry/waaboozo-wiiyaas-ni
waakaagwaajigan,waakaagwaajigan,NI,NI_C,NONE,https://ojibwe.lib.umn.edu/main-entry/waakaagwaajigan-ni
waanzhibii,waanzhibiiw2,NI,NI_VV,NONE,UnpublishedOPD
waabiganabinoojiinh,waabiganabinoojiinhy1,NA,NA_VVny,NONE,UnpublishedOPD
waatebagaa-giizis,waatebagaa-giizisw2,NA,NA_Cw,NONE,https://ojibwe.lib.umn.edu/main-entry/waatebagaa-giizis-na
waaboozodiniiganens,waaboozodiniiganens,NI,NI_C,NONE,UnpublishedOPD
waabiganakik,waabiganakik,NA,NA_C,NONE,UnpublishedOPD
waawiye-makakosag,waawiye-makakosagw2,NI,NI_Cw,NONE,UnpublishedOPD
ozhibii'igewaaboo,ozhibii'igewaaboow2,NI,NI_VV,NONE,UnpublishedOPD
ozhobii'igan,ozhobii'igan,NI,NI_C,NONE,UnpublishedOPD
waaboozodoondanekizin,waaboozodoondanekizin,NI,NI_C,NONE,UnpublishedOPD
waatebagaawi-giizis,waatebagaawi-giizisw2,NA,NA_Cw,NONE,https://ojibwe.lib.umn.edu/main-entry/waatebagaawi-giizis-na
waabiganens,waabiganens,NA,NA_C,NONE,UnpublishedOPD
waakaakizijigan,waakaakizijigan,NI,NI_C,NONE,UnpublishedOPD
waawiye-zisiboojigan,waawiye-zisiboojigan,NI,NI_C,NONE,https://ojibwe.lib.umn.edu/main-entry/waawiye-zisiboojigan-ni
ozhobii'iganaabo,ozhobii'iganaabow2,NI,NI_Vw,NONE,UnpublishedOPD
waabigani-aabajichigan,waabigani-aabajichigan,NI,NI_C,NONE,UnpublishedOPD
waaboozowaan,waaboozowaan,NA,NA_C,NONE,UnpublishedOPD
waabigani-michisag,waabigani-michisagw2,NI,NI_Cw,NONE,UnpublishedOPD
ozhobii'iganaak,ozhobii'iganaakw2,NI,NI_Cw,NONE,UnpublishedOPD
waaboozowaazh,waaboozowaazh,NI,NI_C,NONE,UnpublishedOPD
waakaasagibizon,waakaasagibizon,NI,NI_C,NONE,UnpublishedOPD
waabishkazaadi,waabishkazaadiw2,NA,NA_Vw,NONE,UnpublishedOPD
waaboozwaaboo,waaboozwaaboow2,NI,NI_VV,NONE,https://ojibwe.lib.umn.edu/main-entry/waaboozwaaboo-ni
ozhobii'iganaatig,ozhobii'iganaatigw2,NI,NI_Cw,NONE,UnpublishedOPD
waaboozwaazh,waaboozwaazh,NI,NI_C,NONE,UnpublishedOPD
wadab,wadaby2,NA,NA_Cy,NONE,https://ojibwe.lib.umn.edu/main-entry/wadab-na
wanadeshkoojigan,wanadeshkoojigan,NA,NA_C,NONE,UnpublishedOPD
waabishkazhigan,waabishkazhigan,NI,NI_C,NONE,UnpublishedOPD
waaboozwayaan,waaboozwayaan,NA,NA_C,NONE,https://ojibwe.lib.umn.edu/main-entry/waaboozwayaan-na
wanaga'ay,wanaga'ay,NA,NA_C,NONE,UnpublishedOPD
ozhobii'igewigamig,ozhobii'igewigamigw2,NI,NI_Cw,NONE,UnpublishedOPD
wadabii-makak,wadabii-makakw2,NI,NI_Cw,NONE,https://ojibwe.lib.umn.edu/main-entry/wadabii-makak-ni
waaboozwegin,waaboozweginw2,NI,NI_Cw,NONE,UnpublishedOPD
wanagek,wanagekw2,NA,NA_irrCw,NONE,https://ojibwe.lib.umn.edu/main-entry/wanagek-na
waawaabiganooji-wanii'igan,waawaabiganooji-wanii'igan,NI,NI_C,NONE,UnpublishedOPD
waabiganikaan,waabiganikaan,NI,NI_C,NONE,UnpublishedOPD
ozhobii'igewikwe,ozhobii'igewikwew2,NA,NA_VV,NONE,UnpublishedOPD
waabishki-babagiwayaan,waabishki-babagiwayaan,NI,NI_C,NONE,UnpublishedOPD
waabowayaan,waabowayaan,NI,NI_C,NONE,https://ojibwe.lib.umn.edu/main-entry/waabowayaan-ni
waawaabiganoojiinh,waawaabiganoojiinhy1,NA,NA_VVny,NONE,https://ojibwe.lib.umn.edu/main-entry/waawaabiganoojiinh-na
waabiganikaanens,waabiganikaanens,NA,NA_C,NONE,UnpublishedOPD
waabishki-bimide,waabishki-bimidew2,NI,NI_VV,NONE,https://ojibwe.lib.umn.edu/main-entry/waabishki-bimide-ni
wanagekogamig,wanagekogamigw2,NI,NI_Cw,NONE,https://ojibwe.lib.umn.edu/main-entry/wanagekogamig-ni
ozhobii'igewinini,ozhobii'igewininiw2,NA,NA_Vw,NONE,UnpublishedOPD
wadabiins,wadabiins,NA,NA_C,NONE,UnpublishedOPD
waabishki-magooday,waabishki-magooday,NI,NI_C,NONE,UnpublishedOPD
waabiganimooday,waabiganimooday,NA,NA_C,NONE,https://ojibwe.lib.umn.edu/main-entry/waabiganimooday-na
waawaabiganoojiinh-wanii'igan,waawaabiganoojiinh-wanii'igan,NI,NI_C,NONE,UnpublishedOPD
waabozo-miikanens,waabozo-miikanens,NI,NI_C,NONE,UnpublishedOPD
wanagekoons,wanagekoons,NA,NA_C,NONE,UnpublishedOPD
waabiganiwazh,waabiganiwazh,NI,NI_C,NONE,UnpublishedOPD
wadabiiwapishimon,wadabiiwapishimon,NI,NI_C,NONE,UnpublishedOPD
wanagens,wanagens,NA,NA_C,NONE,UnpublishedOPD
waabigoni-giizis,waabigoni-giizisw2,NA,NA_Cw,NONE,UnpublishedOPD
wadabiiwazh,wadabiiwazh,NI,NI_C,NONE,UnpublishedOPD
wadikwan,wadikwan,NI,NI_C,NONE,https://ojibwe.lib.umn.edu/main-entry/wadikwan-ni
waaseyiigin,waaseyiiginw2,NI,NI_Cw,NONE,UnpublishedOPD
ozhowashk,ozhowashkw2,NI,NI_Cw,NONE,UnpublishedOPD
wadiswan,wadiswan,NI,NI_C,NONE,https://ojibwe.lib.umn.edu/main-entry/wadiswan-ni
waakaayaakobijigan,waakaayaakobijigan,NI,NI_C,NONE,UnpublishedOPD
wadow,wadow,NA,NA_C,NONE,https://ojibwe.lib.umn.edu/main-entry/wadow-na
wadoob,wadooby2,NI,NI_Cy,NONE,UnpublishedOPD
wanako-minis,wanako-minis,NI,NI_C,NONE,UnpublishedOPD
wanii'igan,wanii'igan,NI,NI_C,NONE,https://ojibwe.lib.umn.edu/main-entry/wanii-igan-ni
wadow,wadow,NI,NI_C,NONE,UnpublishedOPD
wadway,wadway,NA,NA_C,NONE,UnpublishedOPD
waawaashkeshi,waawaashkeshiw2,NA,NA_Vw,NONE,https://ojibwe.lib.umn.edu/main-entry/waawaashkeshi-na
wanakojaa'oonag,wanakojaa'oonagw2,NI,NI_Cw,NONE,https://ojibwe.lib.umn.edu/main-entry/wanakojaa-oonag-ni
wanii'ige-makakoons,wanii'ige-makakoons,NI,NI_C,NONE,https://ojibwe.lib.umn.edu/main-entry/wanii-ige-makakoons-ni
waawaashkeshi-biiminik,waawaashkeshi-biiminik,NI,NI_C,NONE,UnpublishedOPD
wanii'ige-mazina'igaans,wanii'ige-mazina'igaans,NI,NI_C,NONE,https://ojibwe.lib.umn.edu/main-entry/wanii-ige-mazina-igaans-ni
waawaashkeshiinsiwegin,waawaashkeshiinsiweginw2,NI,NI_Cw,NONE,UnpublishedOPD
waawaashkeshiwaanow,waawaashkeshiwaanow,NI,NI_C,NONE,https://ojibwe.lib.umn.edu/main-entry/waawaashkeshiwaanow-ni
wanii'igewaki,wanii'igewaky2,NI,NI_ShortCy,NONE,https://ojibwe.lib.umn.edu/main-entry/wanii-igewaki-ni
waawaashkeshiwayaan,waawaashkeshiwayaan,NA,NA_C,NONE,https://ojibwe.lib.umn.edu/main-entry/waawaashkeshiwayaan-na
wanii'igewi-makakoons,wanii'igewi-makakoons,NI,NI_C,NONE,UnpublishedOPD
wanii'igewigamig,wanii'igewigamigw2,NI,NI_Cw,NONE,UnpublishedOPD
waawaashkeshiwegin,waawaashkeshiweginw2,NI,NI_Cw,NONE,UnpublishedOPD
wanakwaatig,wanakwaatigw2,NI,NI_Cw,NONE,https://ojibwe.lib.umn.edu/main-entry/wanakwaatig-adv-loc
waawaashkeshiweshkan,waawaashkeshiweshkan,NA,NA_C,NONE,https://ojibwe.lib.umn.edu/main-entry/waawaashkeshiweshkan-na
wanii'igewinaakonigewin,wanii'igewinaakonigewin,NI,NI_C,NONE,UnpublishedOPD
wanakwajiwaa'oonag,wanakwajiwaa'oonag,NI,NI_C,NONE,UnpublishedOPD
wanii'igewinini,wanii'igewininiw2,NA,NA_Vw,NONE,https://ojibwe.lib.umn.edu/main-entry/wanii-igewinini-na
waawaashkeshiwi-bimide,waawaashkeshiwi-bimidew2,NI,NI_VV,NONE,https://ojibwe.lib.umn.edu/main-entry/waawaashkeshiwi-bimide-ni
wanamak,wanamak,NI,NI_C,NONE,UnpublishedOPD
wanaman,wanaman,NA,NA_C,NONE,UnpublishedOPD
wanasad,wanasad,NI,NI_C,NONE,UnpublishedOPD
wajiw,wajiw,NI,NI_C,NONE,https://ojibwe.lib.umn.edu/main-entry/wajiw-ni
wanashkid,wanashkidy2,NI,NI_Cy,NONE,https://ojibwe.lib.umn.edu/main-entry/wanashkid-nq
wanashkidii-miigwan,wanashkidii-miigwan,NA,NA_C,NONE,UnpublishedOPD
wawaasisii,wawaasisiiw2,NA,NA_VV,NONE,UnpublishedOPD
waninawe'igan,waninawe'igan,NI,NI_C,NONE,https://ojibwe.lib.umn.edu/main-entry/waninawe-igan-ni
ozaawi-mishiimin,ozaawi-mishiimin,NA,NA_C,NONE,https://ojibwe.lib.umn.edu/main-entry/ozaawi-mishiimin-na
waabigwanii-gitigaan,waabigwanii-gitigaan,NI,NI_C,NONE,https://ojibwe.lib.umn.edu/main-entry/waabigwanii-gitigaan-ni
omba'igan,omba'igan,NI,NI_C,NONE,https://ojibwe.lib.umn.edu/main-entry/omba-igan-ni
ozaawigwan,ozaawigwan,NA,NA_C,NONE,https://ojibwe.lib.umn.edu/main-entry/ozaawigwan-na
wanawe'igan,wanawe'igan,NI,NI_C,NONE,https://ojibwe.lib.umn.edu/main-entry/wanawe-igan-ni
zhiigan,zhiigan,NID,NID_C,NONE,https://ojibwe.lib.umn.edu/main-entry/ozhiigan-nid
oshki-aya'aa,oshki-aya'aaw2,NA,NA_VV,NONE,https://ojibwe.lib.umn.edu/main-entry/oshki-aya-aa-na
oshkabinoojiinyens,oshkabinoojiinyens,NA,NA_C,NONE,UnpublishedOPD
ozhibii'igan,ozhibii'igan,NI,NI_C,NONE,https://ojibwe.lib.umn.edu/main-entry/ozhibii-igan-ni
ozhibii'iganaatig,ozhibii'iganaatigw2,NI,NI_Cw,NONE,https://ojibwe.lib.umn.edu/main-entry/ozhibii-iganaatig-ni
ozaawi-bimide,ozaawi-bimidew2,NI,NI_VV,NONE,https://ojibwe.lib.umn.edu/main-entry/ozaawi-bimide-ni
oojii,oojiiw2,NA,NA_VV,NONE,https://ojibwe.lib.umn.edu/main-entry/oojii-na
jaan,jaan,NID,NID_C,NONE,https://ojibwe.lib.umn.edu/main-entry/ojaan-nid
onaagamisijigan,onaagamisijigan,NI,NI_C,NONE,UnpublishedOPD
wanii'igewin,wanii'igewin,NI,NI_C,NONE,UnpublishedOPD
waapijiibizoneyaab,waapijiibizoneyaaby2,NI,NI_Cy,NONE,https://ojibwe.lib.umn.edu/main-entry/waapijiibizoneyaab-ni
ningwiigan,ningwiigan,NID,NID_aa,NONE,https://ojibwe.lib.umn.edu/main-entry/oningwiigan-nid
jiingwan,jiingwan,NID,NID_C,NONE,https://ojibwe.lib.umn.edu/main-entry/ojiingwan-nid
ogimaa,ogimaaw2,NA,NA_VV,NONE,https://ojibwe.lib.umn.edu/main-entry/ogimaa-na
onaabiiginigan,onaabiiginigan,NI,NI_C,NONE,UnpublishedOPD
ozhaashaaboo,ozhaashaaboow2,NI,NI_VV,NONE,UnpublishedOPD
waaniniingwe-makizin,waaniniingwe-makizin,NI,NI_C,NONE,UnpublishedOPD
waaniniingweyaakwa'igan,waaniniingweyaakwa'igan,NI,NI_C,NONE,UnpublishedOPD
waawiyebii'igan,waawiyebii'igan,NI,NI_C,NONE,https://ojibwe.lib.umn.edu/main-entry/waawiyebii-igan-ni
wazhashkwiish,wazhashkwiish,NI,NI_C,NONE,https://ojibwe.lib.umn.edu/main-entry/wazhashkwiish-ni
wazhiwashk,wazhiwashkw2,NI,NI_Cw,NONE,UnpublishedOPD
wazison,wazison,NI,NI_C,NONE,https://ojibwe.lib.umn.edu/main-entry/wazison-ni
waziswan,waziswan,NI,NI_C,NONE,https://ojibwe.lib.umn.edu/main-entry/waziswan-ni
wazoswan,wazoswan,NI,NI_C,NONE,UnpublishedOPD
weba'aagwanaan,weba'aagwanaan,NI,NI_C,NONE,UnpublishedOPD
wekwaagam,wekwaagamy,NI,NI_C,NONE,https://ojibwe.lib.umn.edu/main-entry/wekwaagam-adv-loc
wawezhi'on,wawezhi'on,NI,NI_C,NONE,UnpublishedOPD
wekwaasag,wekwaasagw2,NI,NI_Cw,NONE,UnpublishedOPD
wese'on,wese'on,NI,NI_C,NONE,UnpublishedOPD
wiikwa'ibaan,wiikwa'ibaan,NI,NI_C,NONE,https://ojibwe.lib.umn.edu/main-entry/wiikwa-ibaan-ni
wewaatesi,wewaatesiw2,NA,NA_Vw,NONE,UnpublishedOPD
wiikwa'igan,wiikwa'igan,NI,NI_C,NONE,UnpublishedOPD
iidabinoojiinyy,iidabinoojiinyy2,NAD,NAD_Cy,NONE,UnpublishedOPD
wiikwaabiigibijigan,wiikwaabiigibijigan,NI,NI_C,NONE,UnpublishedOPD
wiisagendamowin,wiisagendamowin,NI,NI_C,NONE,https://ojibwe.lib.umn.edu/main-entry/wiisagendamowin-ni
webaagone'igewebizowin,webaagone'igewebizowin,NI,NI_C,NONE,UnpublishedOPD
wiinindibaaboo,wiinindibaaboow2,NI,NI_VV,NONE,UnpublishedOPD
wiidanokiimaagan,wiidanokiimaagan,NA,NA_C,NONE,https://ojibwe.lib.umn.edu/main-entry/wiidanokiimaagan-na
wiisagad,wiisagad,NI,NI_C,NONE,https://ojibwe.lib.umn.edu/main-entry/wiisagad-ni
wewebanaabaanaak,wewebanaabaanaakw2,NI,NI_Cw,NONE,https://ojibwe.lib.umn.edu/main-entry/wewebanaabaanaak-ni
wewebanaabaaneyaab,wewebanaabaaneyaaby2,NI,NI_Cy,NONE,https://ojibwe.lib.umn.edu/main-entry/wewebanaabaaneyaab-ni
wiinaange,wiinaangew2,NA,NA_VV,NONE,https://ojibwe.lib.umn.edu/main-entry/wiinaange-na
wiidigemaagan,wiidigemaagan,NA,NA_C,NONE,https://ojibwe.lib.umn.edu/main-entry/wiidigemaagan-na
wemiitigoozhiikwe,wemiitigoozhiikwew2,NA,NA_VV,NONE,UnpublishedOPD
wiishkoni-bakwezhigaans,wiishkoni-bakwezhigaans,NA,NA_C,NONE,UnpublishedOPD
wewebanaabiiwinini,wewebanaabiiwininiw2,NA,NA_Vw,NONE,https://ojibwe.lib.umn.edu/main-entry/wewebanaabiiwinini-na
wiisagasim,wiisagasimw2,NA,NA_Cw,NONE,UnpublishedOPD
wiizhaandiwin,wiizhaandiwin,NI,NI_C,NONE,UnpublishedOPD
wemitigoozhii-nagamon,wemitigoozhii-nagamon,NI,NI_C,NONE,UnpublishedOPD
wiinag,wiinag,NID,NID_aa,NONE,https://ojibwe.lib.umn.edu/main-entry/wiinag-nid
wiidookaagewinini,wiidookaagewininiw2,NA,NA_Vw,NONE,https://ojibwe.lib.umn.edu/main-entry/wiidookaagewinini-na
wiishobi-bakwezhigaans,wiishobi-bakwezhigaans,NA,NA_C,NONE,UnpublishedOPD
wiishwate,wiishwatew2,NI,NI_VV,NONE,UnpublishedOPD
wazason,wazason,NI,NI_C,NONE,UnpublishedOPD
wemitigoozhiikwe,wemitigoozhiikwew2,NA,NA_VV,NONE,UnpublishedOPD
wazhashk,wazhashkw2,NA,NA_irrCw,NONE,https://ojibwe.lib.umn.edu/main-entry/wazhashk-na
wazhashk,wazhashkw2,NA,NA_Cw,NONE,https://ojibwe.lib.umn.edu/main-entry/wazhashk-na
wewebinaabaan,wewebinaabaan,NI,NI_C,NONE,UnpublishedOPD
wazhashkedoons,wazhashkedoons,NA,NA_C,NONE,UnpublishedOPD
wazhashko-waazh,wazhashko-waazh,NI,NI_C,NONE,UnpublishedOPD
wawiyadendamowin,wawiyadendamowin,NI,NI_C,NONE,https://ojibwe.lib.umn.edu/main-entry/wawiyadendamowin-ni
wiisagi-baagesaan,wiisagi-baagesaan,NA,NA_C,NONE,UnpublishedOPD
wiinakizigan,wiinakizigan,NI,NI_C,NONE,UnpublishedOPD
wazhashko-wiinzhinaa,wazhashko-wiinzhinaaw2,NA,NA_VV,NONE,UnpublishedOPD
webiibigwaangens,webiibigwaangens,NA,NA_C,NONE,UnpublishedOPD
wiikwan,wiikwan,NAD,NAD_C,NONE,UnpublishedOPD
wazhashko-wiish,wazhashko-wiish,NI,NI_C,NONE,UnpublishedOPD
wiisagi-jiis,wiisagi-jiis,NI,NI_C,NONE,UnpublishedOPD
wiisagi-jiisens,wiisagi-jiisens,NI,NI_C,NONE,https://ojibwe.lib.umn.edu/main-entry/wiisagi-jiisens-ni
wemitigoozhiimowin,wemitigoozhiimowin,NI,NI_C,NONE,https://ojibwe.lib.umn.edu/main-entry/wemitigoozhiimowin-ni
wazhashko-wiiyaas,wazhashko-wiiyaas,NI,NI_C,NONE,https://ojibwe.lib.umn.edu/main-entry/wazhashko-wiiyaas-ni
wiisinii-adaawewigamig,wiisinii-adaawewigamigw2,NI,NI_Cw,NONE,https://ojibwe.lib.umn.edu/main-entry/wiisinii-adaawewigamig-ni
wazhashko-zhiiba'ataanaak,wazhashko-zhiiba'ataanaakw2,NI,NI_Cw,NONE,UnpublishedOPD
wiisagi-mitigominzh,wiisagi-mitigominzhy2,NA,NA_Cy,NONE,https://ojibwe.lib.umn.edu/main-entry/wiisagi-mitigomizh-na
wiinishagaandibaan,wiinishagaandibaan,NI,NI_C,NONE,https://ojibwe.lib.umn.edu/main-entry/wiinishagaandibaan-ni
wazhashkobiiway,wazhashkobiiway,NI,NI_C,NONE,UnpublishedOPD
wiisiniiwadaawewigamig,wiisiniiwadaawewigamigw2,NI,NI_Cw,NONE,UnpublishedOPD
wiijigimaagan,wiijigimaagan,NA,NA_C,NONE,https://ojibwe.lib.umn.edu/main-entry/wiijigimaagan-na
wemitigoozhiiwikwe,wemitigoozhiiwikwew2,NA,NA_VV,NONE,UnpublishedOPD
wazhashkwaanzo,wazhashkwaanzow2,NI,NI_Vw,NONE,UnpublishedOPD
wazhashkwadabii,wazhashkwadabiiw2,NA,NA_VV,NONE,UnpublishedOPD
wiisiniiwidaabaan,wiisiniiwidaabaan,NA,NA_C,NONE,UnpublishedOPD
wiikwandiwin,wiikwandiwin,NI,NI_C,NONE,https://ojibwe.lib.umn.edu/main-entry/wiikwandiwin-ni
wewebizon,wewebizon,NI,NI_C,NONE,https://ojibwe.lib.umn.edu/main-entry/wewebizon-ni
wazhashkwayaan,wazhashkwayaan,NA,NA_C,NONE,https://ojibwe.lib.umn.edu/main-entry/wazhashkwayaan-na
wiisiniiwikomaan,wiisiniiwikomaan,NI,NI_C,NONE,https://ojibwe.lib.umn.edu/main-entry/wiisiniiwikomaan-ni
wiisiniwin,wiisiniwin,NI,NI_C,NONE,https://ojibwe.lib.umn.edu/main-entry/wiisiniwin-ni
wazhashkwedow,wazhashkwedow,NA,NA_C,NONE,https://ojibwe.lib.umn.edu/main-entry/wazhashkwedo-na
wemitigoozi-opiniig,wemitigoozi-opiny1,NA,NA_VVny,NONE,UnpublishedOPD
wewebizoneyaab,wewebizoneyaaby2,NI,NI_Cy,NONE,UnpublishedOPD
wazhashkwedo-baakaakwa'igan,wazhashkwedo-baakaakwa'igan,NI,NI_C,NONE,UnpublishedOPD
wenabozho'-asawaanan,wenabozho'-asawaanan,NI,NI_C,NONE,UnpublishedOPD
wiiskway,wiiskway,NI,NI_C,NONE,UnpublishedOPD
wazhashkwedowens,wazhashkwedowens,NA,NA_C,NONE,https://ojibwe.lib.umn.edu/main-entry/wazhashkwedoons-na
wiinisii-adaawewigamig,wiinisii-adaawewigamigw2,NI,NI_Cw,NONE,UnpublishedOPD
wenabozhonzowan,wenabozhonzowan,NI,NI_C,NONE,UnpublishedOPD
wiinisiibag,wiinisiibagw2,NI,NI_Cw,NONE,https://ojibwe.lib.umn.edu/main-entry/wiinisiibag-ni
wiinisiimin,wiinisiimin,NI,NI_C,NONE,UnpublishedOPD
zaaga'amoowigamig,zaaga'amoowigamigw2,NI,NI_Cw,NONE,https://ojibwe.lib.umn.edu/main-entry/zaaga-amoowigamig-ni
wiikwed,wiikwedw2,NI,NI_Cw,NONE,https://ojibwe.lib.umn.edu/main-entry/wiikwed-ni
wiisagijiibikoons,wiisagijiibikoons,NI,NI_C,NONE,https://ojibwe.lib.umn.edu/main-entry/wiisagijiibikoons-ni
wiinisik,wiinisik,NA,NA_C,NONE,UnpublishedOPD
wiidow,wiidow,NI,NI_C,NONE,UnpublishedOPD
wewebizoo-apabiwin,wewebizoo-apabiwin,NI,NI_C,NONE,https://ojibwe.lib.umn.edu/main-entry/wewebizoo-apabiwin-ni
wiijiiwaagan,wiijiiwaagan,NA,NA_C,NONE,https://ojibwe.lib.umn.edu/main-entry/wiijiiwaagan-na
wazhashkwedowensi-naboob,wazhashkwedowensi-nabooby2,NI,NI_Cy,NONE,UnpublishedOPD
zaaga'igaans,zaaga'igaans,NI,NI_C,NONE,UnpublishedOPD
wiinisikaatig,wiinisikaatigw2,NA,NA_Cw,NONE,UnpublishedOPD
wiidoy,wiidoy,NA,NA_C,NONE,UnpublishedOPD
webinigan,webinigan,NA,NA_C,NONE,https://ojibwe.lib.umn.edu/main-entry/webinigan-na
wenda-mitigiminzh,wenda-mitigiminzhy,NA,NA_C,NONE,UnpublishedOPD
wewebizowin,wewebizowin,NI,NI_C,NONE,UnpublishedOPD
zaaga'igan,zaaga'igany1,NI,NI_VVny,NONE,https://ojibwe.lib.umn.edu/main-entry/zaaga-igan-ni
zaaga'igan,zaaga'igany2,NI,NI_Cy,NONE,https://ojibwe.lib.umn.edu/main-entry/zaaga-igan-ni
wiigiwaam,wiigiwaam,NI,NI_C,NONE,https://ojibwe.lib.umn.edu/main-entry/wiigiwaam-ni
wiiniskiigomaan,wiiniskiigomaan,NA,NA_C,NONE,https://ojibwe.lib.umn.edu/main-entry/wiiniskiigomaan-na
wiigiwaamaak,wiigiwaamaakw2,NI,NI_Cw,NONE,https://ojibwe.lib.umn.edu/main-entry/wiigiwaamaak-ni
wiikwegamaans,wiikwegamaans,NI,NI_C,NONE,UnpublishedOPD
wiigiwaamaatig,wiigiwaamaatigw2,NI,NI_Cw,NONE,https://ojibwe.lib.umn.edu/main-entry/wiigiwaamaatig-ni
wiigiwaamens,wiigiwaamens,NI,NI_C,NONE,UnpublishedOPD
wiiwakwaan,wiiwakwaan,NI,NI_C,NONE,https://ojibwe.lib.umn.edu/main-entry/wiiwakwaan-ni
wiindibaaboo,wiindibaaboow2,NI,NI_VV,NONE,UnpublishedOPD
wewese'igan,wewese'igan,NI,NI_C,NONE,https://ojibwe.lib.umn.edu/main-entry/wewese-igan-ni
wiindigoo,wiindigoow2,NA,NA_VV,NONE,https://ojibwe.lib.umn.edu/main-entry/wiindigoo-na
wiiwakwaandibepizon,wiiwakwaandibepizon,NA,NA_C,NONE,UnpublishedOPD
wiindigoo-bineshiinh,wiindigoo-bineshiinhy1,NA,NA_VVny,NONE,https://ojibwe.lib.umn.edu/main-entry/wiindigoo-bineshiinh-na
wiiwakwediyepizon,wiiwakwediyepizon,NI,NI_C,NONE,UnpublishedOPD
wiikenh,wiikenhy1,NA,NA_VVny,NONE,https://ojibwe.lib.umn.edu/main-entry/wiikenh-na
wiindigookwe,wiindigookwew2,NA,NA_VV,NONE,UnpublishedOPD
wiigob,wiigoby2,NA,NA_Cy,NONE,https://ojibwe.lib.umn.edu/main-entry/wiigob-na
wiigob,wiigoby2,NI,NI_Cy,NONE,https://ojibwe.lib.umn.edu/main-entry/wiigob-ni
wewese'on,wewese'on,NI,NI_C,NONE,https://ojibwe.lib.umn.edu/main-entry/wewese-on-ni
wiigobaatig,wiigobaatigw2,NA,NA_Cw,NONE,https://ojibwe.lib.umn.edu/main-entry/wiigobaatig-na
zaangwewe-magooday,zaangwewe-magooday,NI,NI_C,NONE,https://ojibwe.lib.umn.edu/main-entry/zaangwewe-magooday-ni
wewibingwaange,wewibingwaangew2,NA,NA_VV,NONE,UnpublishedOPD
wiigobii-mashkimod,wiigobii-mashkimod,NI,NI_C,NONE,UnpublishedOPD
wiinizik,wiinizikw2,NA,NA_Cw,NONE,https://ojibwe.lib.umn.edu/main-entry/wiinizik-na
wiinizisi-biizikwaanjigan,wiinizisi-biizikwaanjigan,NI,NI_C,NONE,UnpublishedOPD
wiigobiiwazh,wiigobiiwazh,NI,NI_C,NONE,UnpublishedOPD
wiinizisi-zagaakwa'igaans,wiinizisi-zagaakwa'igaans,NI,NI_C,NONE,UnpublishedOPD
wiigobimizh,wiigobimizhy2,NA,NA_Cy,NONE,https://ojibwe.lib.umn.edu/main-entry/wiigobimizh-na
wiinizisii-bengwaasijigan,wiinizisii-bengwaasijigan,NI,NI_C,NONE,https://ojibwe.lib.umn.edu/main-entry/wiinizisii-bengwaasijigan-ni
wiimbaabik,wiimbaabikw2,NI,NI_Cw,NONE,UnpublishedOPD
wiigwaas,wiigwaas,NA,NA_C,NONE,https://ojibwe.lib.umn.edu/main-entry/wiigwaas-na
wiinizisimaan,wiinizisimaan,NI,NI_C,NONE,https://ojibwe.lib.umn.edu/main-entry/wiinizisimaan-ni
wiikobijigaansi-mazina'igan,wiikobijigaansi-mazina'igan,NI,NI_C,NONE,UnpublishedOPD
wiing,wiingw2,NA,NA_Cw,NONE,UnpublishedOPD
wiinizisimaani-ginebigoons,wiinizisimaani-ginebigoons,NA,NA_C,NONE,UnpublishedOPD
wiingashk,wiingashkw2,NI,NI_Cw,NONE,https://ojibwe.lib.umn.edu/main-entry/wiingashk-ni
zaasaabikizigan,zaasaabikizigan,NI,NI_C,NONE,UnpublishedOPD
wewiibingwaange,wewiibingwaangew2,NA,NA_VV,NONE,https://ojibwe.lib.umn.edu/main-entry/wewiibingwaange-na
wiinizisimaani-zagaakwa'igan,wiinizisimaani-zagaakwa'igan,NI,NI_C,NONE,https://ojibwe.lib.umn.edu/main-entry/wiinizisimaani-zagaakwa-igan-ni
wiigwaas,wiigwaas,NI,NI_C,NONE,https://ojibwe.lib.umn.edu/main-entry/wiigwaas-ni
wiikobijigan,wiikobijigan,NI,NI_C,NONE,https://ojibwe.lib.umn.edu/main-entry/wiikobijigan-ni
zaagijiwebinigan,zaagijiwebinigan,NI,NI_C,NONE,https://ojibwe.lib.umn.edu/main-entry/zaagijiwebinigan-ni
wewiibingwaangens,wewiibingwaangens,NA,NA_C,NONE,UnpublishedOPD
wiiweginigan,wiiweginigan,NI,NI_C,NONE,https://ojibwe.lib.umn.edu/main-entry/wiiweginigan-ni
wiigwaasaatig,wiigwaasaatigw2,NA,NA_Cw,NONE,https://ojibwe.lib.umn.edu/main-entry/wiigwaasaatig-na
zaasaabikwaan,zaasaabikwaan,NI,NI_C,NONE,UnpublishedOPD
wiigwaasabak,wiigwaasabakw2,NI,NI_Cw,NONE,https://ojibwe.lib.umn.edu/main-entry/wiigwaasabak-ni
wiingosh,wiingosh,NI,NI_C,NONE,UnpublishedOPD
wiiweginige-mazina'igan,wiiweginige-mazina'igan,NI,NI_C,NONE,UnpublishedOPD
wiigwaasabakwaan,wiigwaasabakwaan,NA,NA_C,NONE,https://ojibwe.lib.umn.edu/main-entry/wiigwaasabakwaan-na
wiinzhinaa,wiinzhinaaw2,NA,NA_VV,NONE,https://ojibwe.lib.umn.edu/main-entry/wiinzhinaa-na
wiimbaatig,wiimbaatigw2,NA,NA_Cw,NONE,https://ojibwe.lib.umn.edu/main-entry/wiimbaatig-na
zagaabiigapizowin,zagaabiigapizowin,NI,NI_C,NONE,https://ojibwe.lib.umn.edu/main-entry/zagaabiigapizowin-ni
wiigwaasabakway,wiigwaasabakway,NI,NI_C,NONE,https://ojibwe.lib.umn.edu/main-entry/wiigwaasabakway-ni
wiiwiish,wiiwiish,NA,NA_C,NONE,UnpublishedOPD
wiigwaasanakoons,wiigwaasanakoons,NI,NI_C,NONE,https://ojibwe.lib.umn.edu/main-entry/wiigwaasanakoons-ni
wiiwindibebizon,wiiwindibebizon,NA,NA_C,NONE,UnpublishedOPD
wiinzowin,wiinzowin,NI,NI_C,NONE,https://ojibwe.lib.umn.edu/main-entry/wiinzowin-ni
wiiwindibepizon,wiiwindibepizon,NA,NA_C,NONE,UnpublishedOPD
wiigwaasi-biskitenaagan,wiigwaasi-biskitenaagan,NI,NI_C,NONE,UnpublishedOPD
wiinibiigoo,wiinibiigoow2,NA,NA_VV,NONE,https://ojibwe.lib.umn.edu/main-entry/wiinibiigoo-na
wiigwaasi-jiimaan,wiigwaasi-jiimaan,NI,NI_C,NONE,https://ojibwe.lib.umn.edu/main-entry/wiigwaasi-jiimaan-ni
wiiwish,wiiwish,NA,NA_C,NONE,https://ojibwe.lib.umn.edu/main-entry/wiiwish-na
zaasagokwaan,zaasagokwaan,NA,NA_C,NONE,https://ojibwe.lib.umn.edu/main-entry/zaasagokwaan-na
zago-binaakwaan,zago-binaakwaan,NI,NI_C,NONE,UnpublishedOPD
wiigwaasi-makak,wiigwaasi-makakw2,NI,NI_Cw,NONE,https://ojibwe.lib.umn.edu/main-entry/wiigwaasi-makak-ni
wiikojiweba'igan,wiikojiweba'igan,NI,NI_C,NONE,UnpublishedOPD
wiigwaasi-makakoons,wiigwaasi-makakoons,NI,NI_C,NONE,UnpublishedOPD
zagwaandagaa,zagwaandagaaw2,NA,NA_VV,NONE,UnpublishedOPD
wiipemaagan,wiipemaagan,NA,NA_C,NONE,https://ojibwe.lib.umn.edu/main-entry/wiipemaagan-na
zagaabinikaajigan,zagaabinikaajigan,NI,NI_C,NONE,UnpublishedOPD
wiigwaasi-mitig,wiigwaasi-mitigw2,NA,NA_Cw,NONE,https://ojibwe.lib.umn.edu/main-entry/wiigwaasi-mitig-na
zegibanaanishiinh,zegibanaanishiinhy1,NA,NA_VVny,NONE,https://ojibwe.lib.umn.edu/main-entry/zegibanaanishiinh-na
wiiyaas-adaawewigamig,wiiyaas-adaawewigamigw2,NI,NI_Cw,NONE,https://ojibwe.lib.umn.edu/main-entry/wiiyaas-adaawewigamig-ni
zagwaandagaawinini,zagwaandagaawininiw2,NA,NA_Vw,NONE,UnpublishedOPD
-iibid,-iibid,NID,NID_C,NONE,https://ojibwe.lib.umn.edu/main-entry/wiibid-nid
zegibanwaajiinh,zegibanwaajiinhy1,NA,NA_VVny,NONE,UnpublishedOPD
wiigwaasibag,wiigwaasibagw2,NI,NI_Cw,NONE,https://ojibwe.lib.umn.edu/main-entry/wiigwaasibag-ni
zhaabwaate-mashkimodens,zhaabwaate-mashkimodens,NI,NI_C,NONE,UnpublishedOPD
wiiyaasaaboo,wiiyaasaaboow2,NI,NI_VV,NONE,https://ojibwe.lib.umn.edu/main-entry/wiiyaasaaboo-ni
zegibanwaan,zegibanwaan,NI,NI_C,NONE,UnpublishedOPD
wiikondii-nagamon,wiikondii-nagamon,NI,NI_C,NONE,UnpublishedOPD
zhaabwaazhigawichigan,zhaabwaazhigawichigan,NI,NI_C,NONE,UnpublishedOPD
wiigwaasigamig,wiigwaasigamigw2,NI,NI_Cw,NONE,https://ojibwe.lib.umn.edu/main-entry/wiigwaasigamig-ni
wiiyaasi-adaawewigamig,wiiyaasi-adaawewigamigw2,NI,NI_Cw,NONE,UnpublishedOPD
zaasakokwaajigan,zaasakokwaajigan,NA,NA_C,NONE,UnpublishedOPD
wiibidaa-mashkiki,wiibidaa-mashkikiw2,NI,NI_Vw,NONE,UnpublishedOPD
zegibanwaanishiinh,zegibanwaanishiinhy1,NA,NA_VVny,NONE,https://ojibwe.lib.umn.edu/main-entry/zegibanwaanishiinh-na
wiiyaasi-dakoniwewinini,wiiyaasi-dakoniwewininiw2,NA,NA_Vw,NONE,https://ojibwe.lib.umn.edu/main-entry/wiiyaasi-dakoniwewinini-na
wiish,wiish,NI,NI_C,NONE,https://ojibwe.lib.umn.edu/main-entry/wiish-ni
zaasakokwaajigan,zaasakokwaajigan,NI,NI_C,NONE,UnpublishedOPD
zagwasap,zagwasapy2,NA,NA_Cy,NONE,UnpublishedOPD
wiibidaa-mashkikiiwinini,wiibidaa-mashkikiiwininiw2,NA,NA_Vw,NONE,https://ojibwe.lib.umn.edu/main-entry/wiibidaa-mashkikiiwinini-na
zaagikweshinoowayaan,zaagikweshinoowayaan,NI,NI_C,NONE,UnpublishedOPD
wiimbinaagan,wiimbinaagan,NI,NI_C,NONE,https://ojibwe.lib.umn.edu/main-entry/wiimbinaagan-ni
zagaako'on,zagaako'on,NA,NA_C,NONE,UnpublishedOPD
zaasakokwaan,zaasakokwaan,NA,NA_C,NONE,https://ojibwe.lib.umn.edu/main-entry/zaasakokwaan-na
wiis,wiis,NI,NI_C,NONE,https://ojibwe.lib.umn.edu/main-entry/wiis-ni
wiiyaasi-giishkiboojigan,wiiyaasi-giishkiboojigan,NI,NI_C,NONE,https://ojibwe.lib.umn.edu/main-entry/wiiyaasi-giishkiboojigan-ni
zagaako'on,zagaako'on,NI,NI_C,NONE,UnpublishedOPD
wiibidaakaajiganan,wiibidaakaajigan,NI,NI_C,NONE,https://ojibwe.lib.umn.edu/main-entry/wiibidaakaajiganan-ni
wiiyaasi-naboob,wiiyaasi-nabooby2,NI,NI_Cy,NONE,https://ojibwe.lib.umn.edu/main-entry/wiiyaasi-naboob-ni
zaasakokwaanaabik,zaasakokwaanaabikw2,NI,NI_Cw,NONE,UnpublishedOPD
zegibwanwaajiinh,zegibwanwaajiinhy1,NA,NA_VVny,NONE,UnpublishedOPD
wiibidaakaan,wiibidaakaan,NI,NI_C,NONE,UnpublishedOPD
zaasakokwaani-bakwezhigan,zaasakokwaani-bakwezhigan,NA,NA_C,NONE,https://ojibwe.lib.umn.edu/main-entry/zaasakokwaani-bakwezhigan-na
wiiyaasi-zhishigoboojigan,wiiyaasi-zhishigoboojigan,NI,NI_C,NONE,UnpublishedOPD
wiibidaakaanan,wiibidaakaan,NI,NI_C,NONE,https://ojibwe.lib.umn.edu/main-entry/wiibidaakaanan-ni
zagaakonaagan,zagaakonaagan,NI,NI_C,NONE,UnpublishedOPD
wiishikaan,wiishikaan,NI,NI_C,NONE,UnpublishedOPD
wiigwaasinaagan,wiigwaasinaagan,NI,NI_C,NONE,https://ojibwe.lib.umn.edu/main-entry/wiigwaasinaagan-ni
wiibidekaade-wanii'igan,wiibidekaade-wanii'igan,NI,NI_C,NONE,UnpublishedOPD
wiiyaasikewinini,wiiyaasikewininiw2,NA,NA_Vw,NONE,UnpublishedOPD
wiibijiinh,wiibijiiny1,NA,NA_VVny,NONE,https://ojibwe.lib.umn.edu/main-entry/wiibijiinh-na
wiiyaasiwaabo,wiiyaasiwaabow2,NI,NI_Vw,NONE,UnpublishedOPD
wiigwaasinaaganens,wiigwaasinaaganens,NI,NI_C,NONE,UnpublishedOPD
wiisaakodewanishinaabe,wiisaakodewanishinaabew2,NA,NA_VV,NONE,UnpublishedOPD
wiibinjii,wiibinjiiy1,NA,NA_VVy,NONE,UnpublishedOPD
wiisaakodewikwe,wiisaakodewikwew2,NA,NA_VV,NONE,https://ojibwe.lib.umn.edu/main-entry/wiisaakodewikwe-na
wiisaakodewinini,wiisaakodewininiw2,NA,NA_Vw,NONE,https://ojibwe.lib.umn.edu/main-entry/wiisaakodewinini-na
wiisaakwadewikwe,wiisaakwadewikwew2,NA,NA_VV,NONE,UnpublishedOPD
wiishkobaaboo,wiishkobaaboow2,NI,NI_VV,NONE,https://ojibwe.lib.umn.edu/main-entry/wiishkobaaboo-ni
zaagi'aagan,zaagi'aagan,NA,NA_C,NONE,UnpublishedOPD
wiisaakwadewinini,wiisaakwadewininiw2,NA,NA_Vw,NONE,UnpublishedOPD
zaasigan,zaasigan,NA,NA_C,NONE,https://ojibwe.lib.umn.edu/main-entry/zaasigan-na
wiiyagasenh,wiiyagasenhy1,NI,NI_VVny,NONE,https://ojibwe.lib.umn.edu/main-entry/wiiyagasenh-ni
zhaashaabwaabiiginigan,zhaashaabwaabiiginigan,NI,NI_C,NONE,UnpublishedOPD
zhaabwiminaabo,zhaabwiminaabow2,NI,NI_Vw,NONE,UnpublishedOPD
zhaashaaganashk,zhaashaaganashkw2,NI,NI_Cw,NONE,UnpublishedOPD
zaka'igan,zaka'igan,NI,NI_C,NONE,https://ojibwe.lib.umn.edu/main-entry/zaka-igan-ni
wiisabejaakon,wiisabejaakon,NI,NI_C,NONE,UnpublishedOPD
zhaabonigaans,zhaabonigaans,NI,NI_C,NONE,UnpublishedOPD
zhaaganaashiiwikwe,zhaaganaashiiwikwew2,NA,NA_VV,NONE,https://ojibwe.lib.umn.edu/main-entry/zhaaganaashiiwikwe-na
zhaaganaash,zhaaganaash,NA,NA_C,NONE,https://ojibwe.lib.umn.edu/main-entry/zhaaganaash-na
zhaabonigan,zhaabonigan,NI,NI_C,NONE,https://ojibwe.lib.umn.edu/main-entry/zhaabonigan-ni
zhaashaagawashkoogisii,zhaashaagawashkoogisiiw2,NA,NA_VV,NONE,UnpublishedOPD
zaasijiins,zaasijiins,NI,NI_C,NONE,UnpublishedOPD
zagaakwa'igaans,zagaakwa'igaans,NI,NI_C,NONE,UnpublishedOPD
zhaaganaashi,zhaaganaashiw2,NA,NA_Vw,NONE,UnpublishedOPD
zagaakwa'igan,zagaakwa'igan,NI,NI_C,NONE,https://ojibwe.lib.umn.edu/main-entry/zagaakwa-igan-ni
zaagibagaa-giizis,zaagibagaa-giizisw2,NA,NA_Cw,NONE,https://ojibwe.lib.umn.edu/main-entry/zaagibagaa-giizis-na
zaka'on,zaka'on,NI,NI_C,NONE,https://ojibwe.lib.umn.edu/main-entry/zaka-on-ni
zaagibagaawi-giizis,zaagibagaawi-giizisw2,NA,NA_Cw,NONE,https://ojibwe.lib.umn.edu/main-entry/zaagibagaawi-giizis-na
wiishkobi-bakwezhigan,wiishkobi-bakwezhigan,NA,NA_C,NONE,https://ojibwe.lib.umn.edu/main-entry/wiishkobi-bakwezhigan-na
zhaashaagominan,zhaashaagomin,NI,NI_C,NONE,UnpublishedOPD
zhaaboomin,zhaaboomin,NA,NA_C,NONE,https://ojibwe.lib.umn.edu/main-entry/zhaaboomin-na
wiishkobi-jiis,wiishkobi-jiis,NI,NI_C,NONE,https://ojibwe.lib.umn.edu/main-entry/wiishkobi-jiis-ni
zakaabiiginigan,zakaabiiginigan,NI,NI_C,NONE,UnpublishedOPD
Zhaaganaashiimowin,zhaaganaashiimowin,NI,NI_C,NONE,https://ojibwe.lib.umn.edu/main-entry/zhaaganaashiimowin-ni
wiishkobi-mitigomin,wiishkobi-mitigomin,NA,NA_C,NONE,UnpublishedOPD
zhaaboominagaawanzh,zhaaboominagaawanzhy2,NA,NA_Cy,NONE,https://ojibwe.lib.umn.edu/main-entry/zhaaboominagaawanzh-na
zagaskwaajime,zagaskwaajimew2,NA,NA_VV,NONE,https://ojibwe.lib.umn.edu/main-entry/zagaskwaajime-na
zhaangaso-biiwaabikoons,zhaangaso-biiwaabikoons,NA,NA_C,NONE,UnpublishedOPD
wiishkobi-mitigomin,wiishkobi-mitigomin,NI,NI_C,NONE,UnpublishedOPD
zhaaganaashiiwaki,zhaaganaashiiwaky2,NI,NI_ShortCy,NONE,https://ojibwe.lib.umn.edu/main-entry/zhaaganaashiiwaki-ni
wiishkobi-mitigominzh,wiishkobi-mitigominzhy2,NA,NA_Cy,NONE,https://ojibwe.lib.umn.edu/main-entry/wiishkobi-mitigomizh-na
zhaaboominaganzh,zhaaboominaganzhy2,NA,NA_Cy,NONE,UnpublishedOPD
wiishkobi-opin,wiishkobi-opiny1,NA,NA_VVny,NONE,UnpublishedOPD
zhegosagininjiishinowin,zhegosagininjiishinowin,NI,NI_C,NONE,https://ojibwe.lib.umn.edu/main-entry/zhegosagininjiishinowin-ni
zhaabondawaan,zhaabondawaan,NI,NI_C,NONE,https://ojibwe.lib.umn.edu/main-entry/zhaabondawaan-ni
zhashagi,zhashagiw2,NA,NA_Vw,NONE,https://ojibwe.lib.umn.edu/main-entry/zhashagi-na
zakaasenigan,zakaasenigan,NI,NI_C,NONE,UnpublishedOPD
zakaasigan,zakaasigan,NI,NI_C,NONE,https://ojibwe.lib.umn.edu/main-entry/zakaasigan-ni
zhigiwin,zhigiwin,NI,NI_C,NONE,https://ojibwe.lib.umn.edu/main-entry/zhigiwin-ni
zhaashaagwaabiiginigan,zhaashaagwaabiiginigan,NI,NI_C,NONE,UnpublishedOPD
wiinin,wiininw2,NI,NI_Cw,NONE,https://ojibwe.lib.umn.edu/main-entry/wiinin-ni
zakaatenigan,zakaatenigan,NI,NI_C,NONE,UnpublishedOPD
zhaagashkade-mookomaan,zhaagashkade-mookomaan,NI,NI_C,NONE,UnpublishedOPD
zagaanowenigan,zagaanowenigan,NI,NI_C,NONE,UnpublishedOPD
zazaagiz,zazaagiz,NA,NA_C,NONE,https://ojibwe.lib.umn.edu/main-entry/zazaagiz-na
zhaaboshkaachigan,zhaaboshkaachigan,NI,NI_C,NONE,https://ojibwe.lib.umn.edu/main-entry/zhaaboshkaachigan-ni
zenibaa,zenibaay1,NA,NA_VVy,NONE,UnpublishedOPD
zhaashaawanibiisens,zhaashaawanibiisens,NA,NA_C,NONE,https://ojibwe.lib.umn.edu/main-entry/zhaashaawanibiisens-na
zenibaanh,zenibaanhy1,NA,NA_VVny,NONE,https://ojibwe.lib.umn.edu/main-entry/zenibaanh-na
zhawabaagijigan,zhawabaagijigan,NI,NI_C,NONE,UnpublishedOPD
zhaashaawanibiisi,zhaashaawanibiisiw2,NA,NA_Vw,NONE,https://ojibwe.lib.umn.edu/main-entry/zhaashaawanibiisi-na
zenibaanh-babagiwayaan,zenibaanh-babagiwayaan,NI,NI_C,NONE,https://ojibwe.lib.umn.edu/main-entry/zenibaanh-babagiwayaan-ni
zhiibaayaakizigan,zhiibaayaakizigan,NI,NI_C,NONE,UnpublishedOPD
zazegaa-ikwe,zazegaa-ikwew2,NA,NA_VV,NONE,https://ojibwe.lib.umn.edu/main-entry/zazegaa-ikwe-na
zazegaa-ikwe,zazegaa-ikwew2,NA,NA_VVw,NONE,https://ojibwe.lib.umn.edu/main-entry/zazegaa-ikwe-na
zagaswe'idiiwinini,zagaswe'idiiwininiw2,NA,NA_Vw,NONE,https://ojibwe.lib.umn.edu/main-entry/zagaswe-idiiwinini-na
zenibaanh-majigoodenh,zenibaanh-majigoodeny1,NI,NI_VVny,NONE,https://ojibwe.lib.umn.edu/main-entry/zenibaanh-majigoodenh-ni
zhegwaabanjigewinini,zhegwaabanjigewininiw2,NA,NA_Vw,NONE,UnpublishedOPD
zhaaboshkaasigan,zhaaboshkaasigan,NI,NI_C,NONE,UnpublishedOPD
zenibaaniigin,zenibaaniiginw2,NI,NI_Cw,NONE,UnpublishedOPD
zazegaa-inini,zazegaa-ininiw2,NA,NA_Vw,NONE,https://ojibwe.lib.umn.edu/main-entry/zazegaa-inini-na
zenibaans,zenibaans,NA,NA_C,NONE,UnpublishedOPD
zagaswe'idiwin,zagaswe'idiwin,NI,NI_C,NONE,https://ojibwe.lib.umn.edu/main-entry/zagaswe-idiwin-ni
zenibaawegin,zenibaaweginw2,NI,NI_Cw,NONE,https://ojibwe.lib.umn.edu/main-entry/zenibaawegin-ni
zhegwaabide'on,zhegwaabide'on,NI,NI_C,NONE,https://ojibwe.lib.umn.edu/main-entry/zhegwaabide-on-ni
zesab,zesaby2,NA,NA_Cy,NONE,https://ojibwe.lib.umn.edu/main-entry/zesab-na
zagataagan,zagataagan,NA,NA_C,NONE,https://ojibwe.lib.umn.edu/main-entry/zagataagan-na
zagakamiga'igan,zagakamiga'igan,NI,NI_C,NONE,UnpublishedOPD
zesegaandag,zesegaandagw2,NA,NA_Cw,NONE,https://ojibwe.lib.umn.edu/main-entry/zesegaandag-na
zagibanweyaab,zagibanweyaaby2,NI,NI_Cy,NONE,UnpublishedOPD
zazegaachigan,zazegaachigan,NI,NI_C,NONE,UnpublishedOPD
zhigwa'igan,zhigwa'igan,NI,NI_C,NONE,UnpublishedOPD
zhiiwizhigan,zhiiwizhigan,NI,NI_C,NONE,UnpublishedOPD
zagibijigan,zagibijigan,NI,NI_C,NONE,UnpublishedOPD
zhaawani-noodin,zhaawani-noodinw2,NA,NA_Cw,NONE,https://ojibwe.lib.umn.edu/main-entry/zhaawani-noodin-na
zesegwaabide'igan,zesegwaabide'igan,NI,NI_C,NONE,UnpublishedOPD
zhaawanidikom,zhaawanidikom,NA,NA_C,NONE,UnpublishedOPD
zagidoonebijigan,zagidoonebijigan,NI,NI_C,NONE,https://ojibwe.lib.umn.edu/main-entry/zagidoonebijigan-ni
zhimaagan,zhimaagan,NI,NI_C,NONE,https://ojibwe.lib.umn.edu/main-entry/zhimaagan-ni
zhiishada'igan,zhiishada'igan,NI,NI_C,NONE,https://ojibwe.lib.umn.edu/main-entry/zhiishada-igan-ni
zhigwaajiganaak,zhigwaajiganaakw2,NI,NI_Cw,NONE,https://ojibwe.lib.umn.edu/main-entry/zhigwaajiganaak-ni
zhiibwaatenaaganens,zhiibwaatenaaganens,NI,NI_C,NONE,UnpublishedOPD
zhaangasoobii'igan,zhaangasoobii'igan,NA,NA_C,NONE,https://ojibwe.lib.umn.edu/main-entry/zhaangasoobii-igan-na
zesegwaabide'on,zesegwaabide'on,NI,NI_C,NONE,https://ojibwe.lib.umn.edu/main-entry/zesegwaabide-on-ni
zaasaagininjiishin,zhaawanoowininiw,NA,NA_C,NONE,UnpublishedOPD
zhiishiib,zhiishiib,NA,NA_C,NONE,https://ojibwe.lib.umn.edu/main-entry/zhiishiib-na
zhiishiibaabo,zhiishiibaabow2,NI,NI_Vw,NONE,UnpublishedOPD
zhimaaganishii-aakoziiwigamig,zhimaaganishii-aakoziiwigamigw2,NI,NI_Cw,NONE,https://ojibwe.lib.umn.edu/main-entry/zhimaaganishii-aakoziiwigamig-ni
zhiiga'ashkimod,zhiiga'ashkimod,NI,NI_C,NONE,UnpublishedOPD
zhiishiibakik,zhiishiibakikw2,NA,NA_Cw,NONE,https://ojibwe.lib.umn.edu/main-entry/zhiishiibakik-na
zhaga'ay,zhaga'ay,NID,NID_C,NONE,https://ojibwe.lib.umn.edu/main-entry/zhaga-ay-nid
zhiigaa,zhiigaaw2,NA,NA_VV,NONE,https://ojibwe.lib.umn.edu/main-entry/zhiigaa-na
zhaabozigan,zhaabozigan,NI,NI_C,NONE,https://ojibwe.lib.umn.edu/main-entry/zhaabozigan-ni
zhimaaganishii-dewe'igan,zhimaaganishii-dewe'igan,NA,NA_C,NONE,UnpublishedOPD
zhiishiibanwi,zhiishiibanwy2,NI,NI_ShortCy,NONE,https://ojibwe.lib.umn.edu/main-entry/zhiishiibanwi-ni
zhagaashkaaten,zhagaashkaaten,NI,NI_C,NONE,UnpublishedOPD
zhimaaganishii-ogimaa,zhimaaganishii-ogimaaw2,NA,NA_VV,NONE,https://ojibwe.lib.umn.edu/main-entry/zhimaaganishii-ogimaa-na
zhigwameg,zhigwamegw2,NA,NA_irrCw,NONE,https://ojibwe.lib.umn.edu/main-entry/zhigwameg-na
zhimaaganishii-ogimaans,zhimaaganishii-ogimaans,NA,NA_C,NONE,UnpublishedOPD
zhiishiibanwii-baashkizigan,zhiishiibanwii-baashkizigan,NI,NI_C,NONE,https://ojibwe.lib.umn.edu/main-entry/zhiishiibanwii-baashkizigan-ni
zhiigoboojigan,zhiigoboojigan,NA,NA_C,NONE,UnpublishedOPD
zhigwanaabik,zhigwanaabikw2,NA,NA_Cw,NONE,UnpublishedOPD
zhiishiibi-naboob,zhiishiibi-nabooby2,NI,NI_Cy,NONE,UnpublishedOPD
zhigwanaabikoons,zhigwanaabikoons,NA,NA_C,NONE,UnpublishedOPD
zhimaaganishiiwidaabaan,zhimaaganishiiwidaabaan,NI,NI_C,NONE,UnpublishedOPD
zhiishiibi-wiiyaas,zhiishiibi-wiiyaas,NI,NI_C,NONE,https://ojibwe.lib.umn.edu/main-entry/zhiishiibi-wiiyaas-ni
zhimaaganishiiwigamig,zhimaaganishiiwigamigw2,NI,NI_Cw,NONE,https://ojibwe.lib.umn.edu/main-entry/zhimaaganishiiwigamig-ni
zhawenindiwin,zhawenindiwin,NI,NI_C,NONE,https://ojibwe.lib.umn.edu/main-entry/zhawenindiwin-ni
zhiishiibidis,zhiishiibidisy2,NI,NI_Cy,NONE,https://ojibwe.lib.umn.edu/main-entry/zhiishiibidis-ni
zhemaagiwebinigan,zhemaagiwebinigan,NA,NA_C,NONE,UnpublishedOPD
zhimaaganishiiwogimaa,zhimaaganishiiwogimaaw2,NA,NA_VV,NONE,UnpublishedOPD
zhiishiibidoon,zhiishiibidoon,NI,NI_C,NONE,UnpublishedOPD
zhigwayaabanjigan,zhigwayaabanjigan,NI,NI_C,NONE,UnpublishedOPD
zhinawa'oojigan,zhinawa'oojigan,NI,NI_C,NONE,https://ojibwe.lib.umn.edu/main-entry/zhinawa-oojigan-ni
zhigwayaabanjigewinini,zhigwayaabanjigewininiw2,NA,NA_Vw,NONE,UnpublishedOPD
zagime,zagimew2,NA,NA_VV,NONE,https://ojibwe.lib.umn.edu/main-entry/zagime-na
zhawimin,zhawimin,NI,NI_C,NONE,https://ojibwe.lib.umn.edu/main-entry/zhawimin-ni
zhinawa'oojiganens,zhinawa'oojiganens,NI,NI_C,NONE,UnpublishedOPD
zhiishiibigwan,zhiishiibigwan,NA,NA_C,NONE,https://ojibwe.lib.umn.edu/main-entry/zhiishiibigwan-na
zheshaawi-gookoosh,zheshaawi-gookoosh,NA,NA_C,NONE,UnpublishedOPD
zhagashkaanaamikwesi,zhagashkaanaamikwesiw2,NA,NA_Vw,NONE,https://ojibwe.lib.umn.edu/main-entry/zhagashkaanaamikwesi-na
zagime-mashkiki,zagime-mashkikiw2,NI,NI_Vw,NONE,UnpublishedOPD
zhagashkaandawe,zhagashkaandawew2,NA,NA_VV,NONE,https://ojibwe.lib.umn.edu/main-entry/zhagashkaandawe-na
zhiishiibikojigan,zhiishiibikojigan,NA,NA_C,NONE,https://ojibwe.lib.umn.edu/main-entry/zhiishiibikojigan-na
zhagashkaandawewayaan,zhagashkaandawewayaan,NA,NA_C,NONE,UnpublishedOPD
zagimewaaniigin,zagimewaaniiginw2,NI,NI_Cw,NONE,https://ojibwe.lib.umn.edu/main-entry/zagimewaaniigin-ni
zhiishiibitigwaan,zhiishiibitigwaan,NI,NI_C,NONE,UnpublishedOPD
zagimewayaan,zagimewayaan,NA,NA_C,NONE,https://ojibwe.lib.umn.edu/main-entry/zagimewayaan-na
zhii(n)gwaabi(n)gonde,zhii(n)gwaabi(n)gondew2,NI,NI_VV,NONE,UnpublishedOPD
zhiiba'ataan,zhiiba'ataan,NA,NA_C,NONE,https://ojibwe.lib.umn.edu/main-entry/zhiiba-ataan-na
zhaabwaabikisijiganens,zhaabwaabikisijiganens,NI,NI_C,NONE,UnpublishedOPD
zhiiba'ataanaak,zhiiba'ataanaakw2,NI,NI_Cw,NONE,https://ojibwe.lib.umn.edu/main-entry/zhiiba-ataanaak-ni
zhiishiigimeminzh,zhiishiigimeminzhy2,NA,NA_Cy,NONE,UnpublishedOPD
zhaabobii'ige-mazina'igan,zhaabobii'ige-mazina'igan,NI,NI_C,NONE,UnpublishedOPD
zhiishiigwaa,zhiishiigwaaw2,NA,NA_VV,NONE,UnpublishedOPD
zhiishiigwaan,zhiishiigwaan,NA,NA_C,NONE,UnpublishedOPD
zhiishiigwaan,zhiishiigwaan,NI,NI_C,NONE,UnpublishedOPD
zaginigan,zaginigan,NI,NI_C,NONE,UnpublishedOPD
zhiishiigwaans,zhiishiigwaans,NA,NA_C,NONE,https://ojibwe.lib.umn.edu/main-entry/zhiishiigwaans-na
zhaabobiiginigan,zhaabobiiginigan,NI,NI_C,NONE,https://ojibwe.lib.umn.edu/main-entry/zhaabobiiginigan-ni
zhiishiigwan,zhiishiigwan,NA,NA_C,NONE,https://ojibwe.lib.umn.edu/main-entry/zhiishiigwan-na
zhinawinigan,zhinawinigan,NI,NI_C,NONE,UnpublishedOPD
zhiishiigwe,zhiishiigwew2,NA,NA_VV,NONE,https://ojibwe.lib.umn.edu/main-entry/zhiishiigwe-na
zhaabwaakizigan,zhaabwaakizigan,NI,NI_C,NONE,https://ojibwe.lib.umn.edu/main-entry/zhaabwaakizigan-ni
zhiiw-aniibiishensan,zhiiw-aniibiishens,NI,NI_C,NONE,UnpublishedOPD
zhede,zhedew2,NA,NA_VV,NONE,https://ojibwe.lib.umn.edu/main-entry/zhede-na
zhigaag,zhigaagw2,NA,NA_irrCw,NONE,https://ojibwe.lib.umn.edu/main-entry/zhigaag-na
zhaabodaawanginigan,zhaabodaawanginigan,NI,NI_C,NONE,UnpublishedOPD
zhiiwaabo,zhiiwaabow2,NI,NI_Vw,NONE,https://ojibwe.lib.umn.edu/main-entry/zhiiwaabo-ni
zhaangweshi,zhaangweshiw2,NA,NA_Vw,NONE,https://ojibwe.lib.umn.edu/main-entry/zhaangweshi-na
zhigaagawanzh,zhigaagawanzhy2,NA,NA_Cy,NONE,https://ojibwe.lib.umn.edu/main-entry/zhigaagawanzh-na
zhiiwaaboo,zhiiwaaboow2,NI,NI_VV,NONE,https://ojibwe.lib.umn.edu/main-entry/zhiiwaaboo-ni
zhaangweshii-zhiiba'ataanaak,zhaangweshii-zhiiba'ataanaakw2,NI,NI_Cw,NONE,UnpublishedOPD
zhaangweshiwanii'igan,zhaangweshiwanii'igan,NI,NI_C,NONE,https://ojibwe.lib.umn.edu/main-entry/zhaangweshiwanii-igan-ni
zhigaagawinzh,zhigaagawinzhy2,NA,NA_Cy,NONE,https://ojibwe.lib.umn.edu/main-entry/zhigaagawinzh-na
zhaangweshiwayaan,zhaangweshiwayaan,NA,NA_C,NONE,https://ojibwe.lib.umn.edu/main-entry/zhaangweshiwayaan-na
zhigaagominzh,zhigaagominzh,NA,NA_C,NONE,https://ojibwe.lib.umn.edu/main-entry/zhigaagominzh-na
zhigaagominzhiins,zhigaagominzhiins,NA,NA_C,NONE,UnpublishedOPD
zhiigoshkigan,zhiigoshkigan,NI,NI_C,NONE,https://ojibwe.lib.umn.edu/main-entry/zhiigoshkigan-ni
zhiiwaabookaan,zhiiwaabookaan,NI,NI_C,NONE,UnpublishedOPD
zhigaagowanzhii-naboob,zhigaagowanzhii-nabooby2,NI,NI_Cy,NONE,UnpublishedOPD
zhiigoshkigani-adaawewigamig,zhiigoshkigani-adaawewigamigw2,NI,NI_Cw,NONE,https://ojibwe.lib.umn.edu/main-entry/zhiigoshkigani-adaawewigamig-ni
zhigaagowiido,zhigaagowiidow2,NA,NA_Vw,NONE,UnpublishedOPD
zhigaagwayaan,zhigaagwayaan,NA,NA_C,NONE,UnpublishedOPD
zhinawisijigan,zhinawisijigan,NI,NI_C,NONE,https://ojibwe.lib.umn.edu/main-entry/zhinawisijigan-ni
zhiibaakwa'ataan,zhiibaakwa'ataan,NI,NI_C,NONE,https://ojibwe.lib.umn.edu/main-entry/zhiibaakwa-ataan-ni
zhiibaakwa'igan,zhiibaakwa'igan,NI,NI_C,NONE,UnpublishedOPD
zhiibaandawaan,zhiibaandawaan,NI,NI_C,NONE,UnpublishedOPD
zhiigozhigan,zhiigozhigan,NI,NI_C,NONE,https://ojibwe.lib.umn.edu/main-entry/zhiigozhigan-ni
zhinawoojigan,zhinawoojigan,NI,NI_C,NONE,UnpublishedOPD
zhiiwaagamizigan,zhiiwaagamizigan,NI,NI_C,NONE,https://ojibwe.lib.umn.edu/main-entry/zhiiwaagamizigan-ni
zhiibaashka'igan,zhiibaashka'igan,NI,NI_C,NONE,https://ojibwe.lib.umn.edu/main-entry/zhiibaashka-igan-ni
zhingaangawinzh,zhingaangawinzhy2,NA,NA_Cy,NONE,https://ojibwe.lib.umn.edu/main-entry/zhingaangawinzh-na
zhiibaashka'igani-magoodaas,zhiibaashka'igani-magoodaas,NI,NI_C,NONE,https://ojibwe.lib.umn.edu/main-entry/zhiibaashka-igani-magoodaas-ni
zhiibaashka'igani-magooday,zhiibaashka'igani-magooday,NI,NI_C,NONE,UnpublishedOPD
zhiigwaagaminigan,zhiigwaagaminigan,NI,NI_C,NONE,UnpublishedOPD
zhiibaataanaak,zhiibaataanaakw2,NI,NI_Cw,NONE,UnpublishedOPD
zhiibiigibijigan,zhiibiigibijigan,NI,NI_C,NONE,UnpublishedOPD
zhiigwanaabik,zhiigwanaabikw2,NA,NA_Cw,NONE,https://ojibwe.lib.umn.edu/main-entry/zhiigwanaabik-na
zhiiwaya'ii,zhiiwaya'iiw2,NI,NI_VV,NONE,UnpublishedOPD
zhiiweshkanaabizhiishi,zhiiweshkanaabizhiishiw2,NA,NA_Vw,NONE,UnpublishedOPD
zhiigwanaabikoons,zhiigwanaabikoons,NA,NA_C,NONE,https://ojibwe.lib.umn.edu/main-entry/zhiigwanaabikoons-na
zhiiwi-bakwezhigan,zhiiwi-bakwezhigan,NA,NA_C,NONE,https://ojibwe.lib.umn.edu/main-entry/zhiiwi-bakwezhigan-na
zhiimaaganishii-nagamon,zhiimaaganishii-nagamon,NI,NI_C,NONE,UnpublishedOPD
zhiiwi-bakwezhiganens,zhiiwi-bakwezhiganens,NA,NA_C,NONE,UnpublishedOPD
zhimaaganishiiwi-baashkizigan,zhimaaganishiiwi-baashkizigan,NI,NI_C,NONE,https://ojibwe.lib.umn.edu/main-entry/zhiimaaganishiiwi-baashkizigan-ni
zhiibiigishkaa-babiinzikawaagan,zhiibiigishkaa-babiinzikawaagan,NI,NI_C,NONE,UnpublishedOPD
zhiiwi-bikwakombens,zhiiwi-bikwakombens,NI,NI_C,NONE,UnpublishedOPD
zhiiwi-bipakoombens,zhiiwi-bipakoombens,NI,NI_C,NONE,https://ojibwe.lib.umn.edu/main-entry/zhiiwi-bipakoombens-ni
zhiibiigishkaawayaan,zhiibiigishkaawayaan,NI,NI_C,NONE,https://ojibwe.lib.umn.edu/main-entry/zhiibiigishkaawayaan-ni
zhiibaayaabanjigan,zhiibaayaabanjigan,NI,NI_C,NONE,https://ojibwe.lib.umn.edu/main-entry/zhiibaayaabanjigan-ni
zhiiwi-doodooshaaboo,zhiiwi-doodooshaaboow2,NI,NI_VV,NONE,UnpublishedOPD
zhiiwi-opiniig,zhiiwi-opiny1,NA,NA_VVny,NONE,UnpublishedOPD
zhiiwibag,zhiiwibagw2,NI,NI_Cw,NONE,https://ojibwe.lib.umn.edu/main-entry/zhiiwibag-ni
zhiibiigishki-wiiwakwaan,zhiibiigishki-wiiwakwaan,NI,NI_C,NONE,UnpublishedOPD
zhiiwisijigaans,zhiiwisijigaans,NA,NA_C,NONE,https://ojibwe.lib.umn.edu/main-entry/zhiiwisijigaans-na
zhiiwisijigan,zhiiwisijigan,NA,NA_C,NONE,https://ojibwe.lib.umn.edu/main-entry/zhiiwisijigan-na
zhiiwisijigani-bakwezhigan,zhiiwisijigani-bakwezhigan,NA,NA_C,NONE,UnpublishedOPD
zhiiwitaagan,zhiiwitaagan,NI,NI_C,NONE,https://ojibwe.lib.umn.edu/main-entry/zhiiwitaagan-ni
zhiiwitaaganaabo,zhiiwitaaganaabow2,NI,NI_Vw,NONE,https://ojibwe.lib.umn.edu/main-entry/zhiiwitaaganaabo-ni
zhiiwitaagani-gookoosh,zhiiwitaagani-gookoosh,NA,NA_C,NONE,https://ojibwe.lib.umn.edu/main-entry/zhiiwitaagani-gookoosh-na
zhiiwitaagani-zhaabozigan,zhiiwitaagani-zhaabozigan,NI,NI_C,NONE,UnpublishedOPD
zhawiminaabo,zhawiminaabow2,NI,NI_Vw,NONE,https://ojibwe.lib.umn.edu/main-entry/zhawiminaaboo-ni
wewebanaabaan,wewebanaabaan,NI,NI_C,NONE,https://ojibwe.lib.umn.edu/main-entry/wewebanaabaan-ni
wiikondiwin,wiikondiwin,NI,NI_C,NONE,https://ojibwe.lib.umn.edu/main-entry/wiikondiwin-ni
wenda-zhingwaak,wenda-zhingwaakw2,NA,NA_irrCw,NONE,https://ojibwe.lib.umn.edu/main-entry/wenda-zhingwaak-na
zhiiwitaaganaaboo,zhiiwitaaganaaboow2,NI,NI_VV,NONE,https://ojibwe.lib.umn.edu/main-entry/zhiiwitaaganaaboo-ni
zagaskway,zagaskway,NA,NA_C,NONE,https://ojibwe.lib.umn.edu/main-entry/zagaskway-na
wiisiniiwigamig,wiisiniiwigamigw2,NI,NI_Cw,NONE,https://ojibwe.lib.umn.edu/main-entry/wiisiniiwigamig-ni
zagaabiiginigan,zagaabiiginigan,NI,NI_C,NONE,https://ojibwe.lib.umn.edu/main-entry/zagaabiiginigan-ni
zagaakwa'onens,zagaakwa'onens,NA,NA_C,NONE,UnpublishedOPD
zazegaa-wiisiniwin,zazegaa-wiisiniwin,NI,NI_C,NONE,https://ojibwe.lib.umn.edu/main-entry/zazegaa-wiisiniwin-ni
wiiyaas,wiiyaas,NI,NI_C,NONE,https://ojibwe.lib.umn.edu/main-entry/wiiyaas-ni
zaagi'idiwin,zaagi'idiwin,NI,NI_C,NONE,https://ojibwe.lib.umn.edu/main-entry/zaagi-idiwin-ni
we'we,we'wew2,NA,NA_VV,NONE,https://ojibwe.lib.umn.edu/main-entry/we-we-na
zagaakwa'on,zagaakwa'on,NA,NA_C,NONE,https://ojibwe.lib.umn.edu/main-entry/zagaakwa-on-na
wewebanaabaanaatig,wewebanaabaanaatigw2,NI,NI_Cw,NONE,https://ojibwe.lib.umn.edu/main-entry/wewebanaabaanaatig-ni
zhiibiigishkaa-wiiwakwaan,zhiibiigishkaa-wiiwakwaan,NI,NI_C,NONE,https://ojibwe.lib.umn.edu/main-entry/zhiibiigishkaa-wiiwakwaan-ni
zaga'igan,zaga'igan,NI,NI_C,NONE,https://ojibwe.lib.umn.edu/main-entry/zaga-igan-ni
wayaan,wayaan,NA,NA_C,NONE,https://ojibwe.lib.umn.edu/main-entry/wayaan-na
wemitigoozhi,wemitigoozhiw2,NA,NA_Vw,NONE,https://ojibwe.lib.umn.edu/main-entry/wemitigoozhi-na
wiyagasenh,wiyagasenhy1,NA,NA_VVny,NONE,UnpublishedOPD
zagapijigan,zagapijigan,NI,NI_C,NONE,https://ojibwe.lib.umn.edu/main-entry/zagapijigan-ni
zhimaaganish,zhimaaganish,NA,NA_C,NONE,https://ojibwe.lib.umn.edu/main-entry/zhimaaganish-na
zhingobigamig,zhingobigamigw2,NI,NI_Cw,NONE,UnpublishedOPD
zhingobiigaan,zhingobiigaan,NI,NI_C,NONE,UnpublishedOPD
zhingobiiwaabo,zhingobiiwaabow2,NI,NI_Vw,NONE,UnpublishedOPD
zhingobiiyaatig,zhingobiiyaatigw2,NA,NA_Cw,NONE,UnpublishedOPD
zhingobiiwaandag,zhingobiiwaandagw2,NA,NA_Cw,NONE,UnpublishedOPD
zhingos,zhingos,NA,NA_C,NONE,https://ojibwe.lib.umn.edu/main-entry/zhingos-na
zhizhide-miikana,zhizhide-miikan,NI,NI_Kana,NONE,UnpublishedOPD
zhingosiwayaan,zhingosiwayaan,NA,NA_C,NONE,https://ojibwe.lib.umn.edu/main-entry/zhingosiwayaan-na
zhingwaako-bigiw,zhingwaako-bigiw,NA,NA_C,NONE,https://ojibwe.lib.umn.edu/main-entry/zhingwaako-bigiw-ni
zhoonzhoo-mishtadim,zhoonzhoo-mishtadim,NA,NA_C,NONE,UnpublishedOPD
zhingwaako-mishiimin,zhingwaako-mishiimin,NA,NA_C,NONE,https://ojibwe.lib.umn.edu/main-entry/zhingwaako-mishiimin-na
zhooshimaan,zhooshimaan,NA,NA_C,NONE,https://ojibwe.lib.umn.edu/main-entry/zhooshimaan-na
zhingwaako-mishiiminaaboo,zhingwaako-mishiiminaaboow2,NI,NI_VV,NONE,UnpublishedOPD
zhooshko-mishiimin,zhooshko-mishiimin,NA,NA_C,NONE,UnpublishedOPD
zhingwaako-wadikwan,zhingwaako-wadikwan,NI,NI_C,NONE,UnpublishedOPD
zhingwaakosag,zhingwaakosag,NA,NA_C,NONE,UnpublishedOPD
zhingwaakwaandag,zhingwaakwaandagw2,NA,NA_Cw,NONE,https://ojibwe.lib.umn.edu/main-entry/zhingwaakwaandag-na
zhooshkwe'iganaatig,zhooshkwe'iganaatigw2,NI,NI_Cw,NONE,UnpublishedOPD
zhingwaakwadikom,zhingwaakwadikom,NA,NA_C,NONE,UnpublishedOPD
zhingwab,zhingwaby2,NA,NA_Cy,NONE,UnpublishedOPD
zhooshkobizowin,zhooshkobizowin,NI,NI_C,NONE,UnpublishedOPD
zhingwabaandag,zhingwabaandagw2,NI,NI_Cw,NONE,UnpublishedOPD
zhingwabigaan,zhingwabigaan,NI,NI_C,NONE,UnpublishedOPD
zhooshkwega'igan,zhooshkwega'igan,NI,NI_C,NONE,https://ojibwe.lib.umn.edu/main-entry/zhooshkwega-igan-ni
zhinobaabo,zhinobaabow2,NI,NI_Vw,NONE,UnpublishedOPD
zhooshkwega'iganaatig,zhooshkwega'iganaatigw2,NI,NI_Cw,NONE,https://ojibwe.lib.umn.edu/main-entry/zhooshkwega-iganaatig-ni
zhooshkodaabaan,zhooshkodaabaan,NA,NA_C,NONE,https://ojibwe.lib.umn.edu/main-entry/zhooshkodaabaan-na
zhinoodaaganens,zhinoodaaganens,NI,NI_C,NONE,UnpublishedOPD
zhinoodaaganeyaab,zhinoodaaganeyaaby2,NI,NI_Cy,NONE,UnpublishedOPD
zhooshkodaabaanaak,zhooshkodaabaanaakw2,NA,NA_irrCw,NONE,UnpublishedOPD
zhisheny,zhisheny1,NAD,NAD_VVny,NONE,https://ojibwe.lib.umn.edu/main-entry/zhisheny-nad
zhishigagowaan,zhishigagowaan,NI,NI_C,NONE,https://ojibwe.lib.umn.edu/main-entry/zhishigagowaan-ni
zhishigagowe-mashkikiiwaaboo,zhishigagowe-mashkikiiwaaboow2,NI,NI_VV,NONE,UnpublishedOPD
ziinzibaakwadokewaamoo,ziinzibaakwadokewaamoow2,NA,NA_VV,NONE,UnpublishedOPD
ziinzibaakwadonaagaans,ziinzibaakwadonaagaans,NI,NI_C,NONE,UnpublishedOPD
ziinzibaakwadoons,ziinzibaakwadoons,NI,NI_C,NONE,https://ojibwe.lib.umn.edu/main-entry/ziinzibaakwadoons-ni
ziboobijigan,ziboobijigan,NI,NI_C,NONE,UnpublishedOPD
ziinzibaakwadoons-adaawewigamig,ziinzibaakwadoons-adaawewigamigw2,NI,NI_Cw,NONE,https://ojibwe.lib.umn.edu/main-entry/ziinzibaakwadoons-adaawewigamig-ni
zhishigagowezigan,zhishigagowezigan,NI,NI_C,NONE,https://ojibwe.lib.umn.edu/main-entry/zhishigagowezigan-ni
zhishigagoweziganaatig,zhishigagoweziganaatigw2,NI,NI_Cw,NONE,UnpublishedOPD
ziinaakwa'igan,ziinaakwa'igan,NI,NI_C,NONE,https://ojibwe.lib.umn.edu/main-entry/ziinaakwa-igan-ni
zhizhoobii'igan,zhizhoobii'igan,NI,NI_C,NONE,https://ojibwe.lib.umn.edu/main-entry/zhizhoobii-igan-ni
ziinzibaakwadwaabo,ziinzibaakwadwaabow2,NI,NI_Vw,NONE,https://ojibwe.lib.umn.edu/main-entry/ziinzibaakwadwaabo-ni
ziinzibaakwadwaaboo,ziinzibaakwadwaaboow2,NI,NI_VV,NONE,https://ojibwe.lib.umn.edu/main-entry/ziinzibaakwadwaaboo-ni
ziinaakwa'iganaatig,ziinaakwa'iganaatigw2,NI,NI_Cw,NONE,UnpublishedOPD
zhizhoobii'iganaabo,zhizhoobii'iganaabow2,NI,NI_Vw,NONE,UnpublishedOPD
zigozis,zigozis,NAD,NAD_C,NONE,https://ojibwe.lib.umn.edu/main-entry/zigozis-nad
zhizhoobii'iganaatig,zhizhoobii'iganaatigw2,NI,NI_Cw,NONE,https://ojibwe.lib.umn.edu/main-entry/zhizhoobii-iganaatig-ni
zii'amoo,zii'amoow2,NA,NA_VV,NONE,UnpublishedOPD
ziinzibaakwadwaatig,ziinzibaakwadwaatigw2,NA,NA_Cw,NONE,https://ojibwe.lib.umn.edu/main-entry/ziinzibaakwadwaatig-na
ziibaaska'igan,ziibaaska'igan,NI,NI_C,NONE,https://ojibwe.lib.umn.edu/main-entry/ziibaaska-igan-ni
ziibaaska'iganagooday,ziibaaska'iganagooday,NI,NI_C,NONE,https://ojibwe.lib.umn.edu/main-entry/ziibaaska-iganagooday-ni
zhizhoobii'igewinini,zhizhoobii'igewininiw2,NA,NA_Vw,NONE,https://ojibwe.lib.umn.edu/main-entry/zhizhoobii-igewinini-na
zhooshkonigan,zhooshkonigan,NA,NA_C,NONE,https://ojibwe.lib.umn.edu/main-entry/zhooshkonigan-na
ziibaaska'igani-majigoodenh,ziibaaska'igani-majigoodeny1,NI,NI_VVny,NONE,UnpublishedOPD
zhizhoobii'on,zhizhoobii'on,NI,NI_C,NONE,https://ojibwe.lib.umn.edu/main-entry/zhizhoobii-on-ni
ziiginigewigamig,ziiginigewigamigw2,NI,NI_Cw,NONE,https://ojibwe.lib.umn.edu/main-entry/ziiginigewigamig-ni
ziibaaskwa'igan,ziibaaskwa'igan,NI,NI_C,NONE,UnpublishedOPD
ziibaaskwa'igewagooday,ziibaaskwa'igewagooday,NI,NI_C,NONE,UnpublishedOPD
zhizhoobiigii-mashkiki,zhizhoobiigii-mashkikiw2,NI,NI_Vw,NONE,UnpublishedOPD
ziiginigewikwe,ziiginigewikwew2,NA,NA_VV,NONE,https://ojibwe.lib.umn.edu/main-entry/ziiginigewikwe-na
ziinzoobizon,ziinzoobizon,NI,NI_C,NONE,UnpublishedOPD
ziiginigewinini,ziiginigewininiw2,NA,NA_Vw,NONE,https://ojibwe.lib.umn.edu/main-entry/ziiginigewinini-na
ziibi,ziibiw2,NI,NI_Vw,NONE,https://ojibwe.lib.umn.edu/main-entry/ziibi-ni
zhooshkoshimaagan,zhooshkoshimaagan,NA,NA_C,NONE,UnpublishedOPD
ziiginiingwaan,ziiginiingwaan,NI,NI_C,NONE,https://ojibwe.lib.umn.edu/main-entry/ziiginiingwaan-ni
ziibii-gookoosh,ziibii-gookoosh,NA,NA_C,NONE,https://ojibwe.lib.umn.edu/main-entry/ziibii-gookoosh-na
zhooshkoshimaan,zhooshkoshimaan,NA,NA_C,NONE,https://ojibwe.lib.umn.edu/main-entry/zhooshkoshimaan-na
zhooshkoshime-aagim,zhooshkoshime-aagim,NA,NA_C,NONE,UnpublishedOPD
zhooshkoshino-aagim,zhooshkoshino-aagim,NA,NA_C,NONE,UnpublishedOPD
ziibiikaan,ziibiikaan,NI,NI_C,NONE,UnpublishedOPD
ziibiins,ziibiins,NI,NI_C,NONE,https://ojibwe.lib.umn.edu/main-entry/ziibiins-ni
ziinzoopijigan,ziinzoopijigan,NI,NI_C,NONE,UnpublishedOPD
zhizhookiwa'igan,zhizhookiwa'igan,NI,NI_C,NONE,UnpublishedOPD
ziiginingwaan,ziiginingwaan,NI,NI_C,NONE,UnpublishedOPD
ziinzoopizon,ziinzoopizon,NI,NI_C,NONE,https://ojibwe.lib.umn.edu/main-entry/ziinzoopizon-ni
ziiginishaan,ziiginishaan,NI,NI_C,NONE,https://ojibwe.lib.umn.edu/main-entry/ziiginishaan-ni
ziishiigwe,ziishiigwew2,NA,NA_VV,NONE,UnpublishedOPD
zinigwaabika'igan,zinigwaabika'igan,NI,NI_C,NONE,UnpublishedOPD
zoongide'ewin,zoongide'ewin,NI,NI_C,NONE,https://ojibwe.lib.umn.edu/main-entry/zoongide-ewin-ni
ziibwaagani-ziinzibaakwad,ziibwaagani-ziinzibaakwadw2,NI,NI_Cw,NONE,UnpublishedOPD
ziindaakwa'igaans,ziindaakwa'igaans,NI,NI_C,NONE,UnpublishedOPD
zhoobi'igowin,zhoobi'igowin,NI,NI_C,NONE,UnpublishedOPD
zinigwazhewin,zinigwazhewin,NI,NI_C,NONE,UnpublishedOPD
zhishigwa'igan,zhishigwa'igan,NI,NI_C,NONE,https://ojibwe.lib.umn.edu/main-entry/zhishigwa-igan-ni
zhooshkwaabika'igewinini,zhooshkwaabika'igewinim,NA,NA_C,NONE,UnpublishedOPD
zhingibataanaak,zhingibataanaakw2,NI,NI_Cw,NONE,UnpublishedOPD
zhishigwada'igan,zhishigwada'igan,NI,NI_C,NONE,UnpublishedOPD
ziinginiingwaan,ziinginiingwaan,NI,NI_C,NONE,https://ojibwe.lib.umn.edu/main-entry/ziinginiingwaan-ni
zhingibijiganaak,zhingibijiganaakw2,NI,NI_Cw,NONE,https://ojibwe.lib.umn.edu/main-entry/zhingibijiganaak-ni
zinis,zinis,NAD,NAD_C,NONE,https://ojibwe.lib.umn.edu/main-entry/zinis-nad
zhingibijiganaatig,zhingibijiganaatigw2,NI,NI_Cw,NONE,UnpublishedOPD
zhoomin,zhoomin,NI,NI_C,NONE,UnpublishedOPD
zhoominaabo,zhoominaabow2,NI,NI_Vw,NONE,https://ojibwe.lib.umn.edu/main-entry/zhoominaabo-ni
zhingibinataanaak,zhingibinataanaakw2,NI,NI_Cw,NONE,UnpublishedOPD
zikowin,zikowin,NI,NI_C,NONE,https://ojibwe.lib.umn.edu/main-entry/zikowin-ni
zhoominaaboo,zhoominaaboow2,NI,NI_VV,NONE,https://ojibwe.lib.umn.edu/main-entry/zhoominaaboo-ni
zhingibis,zhingibis,NA,NA_C,NONE,https://ojibwe.lib.umn.edu/main-entry/zhingibis-na
zikowinaagan,zikowinaagan,NI,NI_C,NONE,https://ojibwe.lib.umn.edu/main-entry/zikowinaagan-ni
ziigwanishib,ziigwanishib,NA,NA_C,NONE,UnpublishedOPD
zhooshkwaada'e-aabajichigan,zhooshkwaada'e-aabajichigan,NI,NI_C,NONE,https://ojibwe.lib.umn.edu/main-entry/zhooshkwaada-e-aabajichigan-ni
zhoominens,zhoominens,NI,NI_C,NONE,https://ojibwe.lib.umn.edu/main-entry/zhoominens-ni
zhooshkwaada'e-gichitwaawinaagaans,zhooshkwaada'e-gichitwaawinaagaans,NI,NI_C,NONE,UnpublishedOPD
zhoominensi-bakwezhigan,zhoominensi-bakwezhigan,NA,NA_C,NONE,UnpublishedOPD
zhooshkwaada'e-mitig,zhooshkwaada'e-mitigw2,NI,NI_Cw,NONE,UnpublishedOPD
zhooniyaa,zhooniyaaw2,NA,NA_VV,NONE,https://ojibwe.lib.umn.edu/main-entry/zhooniyaa-na
zhingisaga'iganaak,zhingisaga'iganaakw2,NI,NI_Cw,NONE,UnpublishedOPD
zhooshkwaada'e-wiiwakwaan,zhooshkwaada'e-wiiwakwaan,NI,NI_C,NONE,UnpublishedOPD
ziinibijigan,ziinibijigan,NI,NI_C,NONE,UnpublishedOPD
zhooshkwaada'ewi-babagiwayaan,zhooshkwaada'ewi-babagiwayaan,NI,NI_C,NONE,UnpublishedOPD
ziinibijiganaaboo,ziinibijiganaaboow2,NI,NI_VV,NONE,UnpublishedOPD
zhooshkwaada'ewi-gigishkigan,zhooshkwaada'ewi-gigishkigan,NI,NI_C,NONE,UnpublishedOPD
zikwaagan,zikwaagan,NI,NI_C,NONE,https://ojibwe.lib.umn.edu/main-entry/zikwaagan-ni
zhooniyaa-biisa'igan,zhooniyaa-biisa'igan,NI,NI_C,NONE,UnpublishedOPD
zisaweminaganzh,zisaweminaganzhy2,NI,NI_Cy,NONE,UnpublishedOPD
zhooshkwaada'ewigamig,zhooshkwaada'ewigamigw2,NI,NI_Cw,NONE,https://ojibwe.lib.umn.edu/main-entry/zhooshkwaada-ewigamig-ni
zhooniyaa-mashkimod,zhooniyaa-mashkimod,NI,NI_aa,NONE,https://ojibwe.lib.umn.edu/main-entry/zhooniyaa-mashkimod-ni
ziigwebinakak,ziigwebinakakw2,NI,NI_Cw,NONE,UnpublishedOPD
zhooshkwaada'ewinini,zhooshkwaada'ewininiw2,NA,NA_Vw,NONE,UnpublishedOPD
ziiga'igaans,ziiga'igaans,NI,NI_C,NONE,UnpublishedOPD
zhooniyaa-mashkimodens,zhooniyaa-mashkimodens,NI,NI_C,NONE,https://ojibwe.lib.umn.edu/main-entry/zhooniyaa-mashkimodens-ni
ziiga'igan,ziiga'igan,NI,NI_C,NONE,https://ojibwe.lib.umn.edu/main-entry/ziiga-igan-ni
zhooshkwaagim,zhooshkwaagim,NA,NA_C,NONE,https://ojibwe.lib.umn.edu/main-entry/zhooshkwaagim-na
zhooniyaa-mazina'igan,zhooniyaa-mazina'igan,NI,NI_C,NONE,https://ojibwe.lib.umn.edu/main-entry/zhooniyaa-mazina-igan-ni
ziinikiigomaan,ziinikiigomaan,NA,NA_C,NONE,https://ojibwe.lib.umn.edu/main-entry/ziinikiigomaan-na
ziiga'iganens,ziiga'iganens,NI,NI_C,NONE,UnpublishedOPD
ziinikiigomaan,ziinikiigomaan,NAD,NAD_C,NONE,UnpublishedOPD
zisiboojigan,zisiboojigan,NI,NI_C,NONE,https://ojibwe.lib.umn.edu/main-entry/zisiboojigan-ni
zhooniyaa-naabikawaagan,zhooniyaa-naabikawaagan,NI,NI_C,NONE,UnpublishedOPD
zhooniyaa-ogimaa,zhooniyaa-ogimaaw2,NA,NA_VV,NONE,UnpublishedOPD
zingos,zingos,NA,NA_C,NONE,UnpublishedOPD
zhooniyaa-waagosh,zhooniyaa-waagosh,NA,NA_C,NONE,https://ojibwe.lib.umn.edu/main-entry/zhooniyaa-waagosh-na
zhingobaaboo,zhingobaaboow2,NI,NI_VV,NONE,https://ojibwe.lib.umn.edu/main-entry/zhingobaaboo-ni
ziigwebinigan,ziigwebinigan,NI,NI_C,NONE,https://ojibwe.lib.umn.edu/main-entry/ziigwebinigan-ni
zhingobaandag,zhingobaandagw2,NA,NA_Cw,NONE,https://ojibwe.lib.umn.edu/main-entry/zhingobaandag-na
ziiniminagibijigan,ziiniminagibijigan,NI,NI_C,NONE,UnpublishedOPD
zhingobaatig,zhingobaatigw2,NA,NA_Cw,NONE,UnpublishedOPD
zhingobigaan,zhingobigaan,NI,NI_C,NONE,UnpublishedOPD
ziigwebinigewakik,ziigwebinigewakikw2,NA,NA_Cw,NONE,https://ojibwe.lib.umn.edu/main-entry/ziigwebinigewakik-na
zhooniyaawaabid,zhooniyaawaabid,NI,NI_C,NONE,UnpublishedOPD
ziigwebinigewinini,ziigwebinigewininiw2,NA,NA_Vw,NONE,https://ojibwe.lib.umn.edu/main-entry/ziigwebinigewinini-na
zow,zow,NID,NID_aa,NONE,https://ojibwe.lib.umn.edu/main-entry/zow-nid
zhooniyaawaabik,zhooniyaawaabikw2,NA,NA_Cw,NONE,https://ojibwe.lib.umn.edu/main-entry/zhooniyaawaabik-na
zhooniyaawaabik,zhooniyaawaabikw2,NI,NI_Cw,NONE,https://ojibwe.lib.umn.edu/main-entry/zhooniyaawaabik-ni
zhooniyaawaabo,zhooniyaawaabow2,NI,NI_Vw,NONE,UnpublishedOPD
ziiniskiigome'onens,ziiniskiigome'onens,NI,NI_C,NONE,UnpublishedOPD
zhooniyaawigamig,zhooniyaawigamigw2,NI,NI_Cw,NONE,https://ojibwe.lib.umn.edu/main-entry/zhooniyaawigamig-ni
ziikaa,ziikaaw2,NA,NA_VV,NONE,https://ojibwe.lib.umn.edu/main-entry/ziikaa-na
zhooniyaawigamigookewikwe,zhooniyaawigamigookewikwew2,NA,NA_VV,NONE,UnpublishedOPD
zhooniyaawigamigookewinini,zhooniyaawigamigookewininiw2,NA,NA_Vw,NONE,UnpublishedOPD
ziinzibaakwadwaapinewin,ziinzibaakwadwaapinewin,NI,NI_C,NONE,https://ojibwe.lib.umn.edu/main-entry/ziinsibaakwadwaapinewin-ni
ziinzibaakwad,ziinzibaakwadw2,NI,NI_Cw,NONE,https://ojibwe.lib.umn.edu/main-entry/ziinzibaakwad-ni
ziinzibaakwad-onaagaans,ziinzibaakwad-onaagaans,NI,NI_C,NONE,https://ojibwe.lib.umn.edu/main-entry/ziinzibaakwad-onaagaans-ni
ziinzibaakwadaaboo,ziinzibaakwadaaboow2,NI,NI_VV,NONE,https://ojibwe.lib.umn.edu/main-entry/ziinzibaakwadaaboo-ni
ziinzibaakwado-makak,ziinzibaakwado-makakw2,NI,NI_Cw,NONE,https://ojibwe.lib.umn.edu/main-entry/ziinzibaakwado-makak-ni
ziikoobiiginigan,ziikoobiiginigan,NI,NI_C,NONE,https://ojibwe.lib.umn.edu/main-entry/ziikoobiiginigan-ni
bawa'iganaak,bawa'iganaakw2,NI,NI_Cw,NONE,https://ojibwe.lib.umn.edu/main-entry/bawa-iganaak-ni
manoominii,manoominiiw2,NA,NA_VV,NONE,https://ojibwe.lib.umn.edu/main-entry/manoominii-na
manoominikewin,manoominikewin,NI,NI_C,NONE,https://ojibwe.lib.umn.edu/main-entry/manoominikewin-ni
atoobaan,atoobaan,NA,NA_C,NONE,https://ojibwe.lib.umn.edu/main-entry/atoobaan-na
miskojiisimin,miskojiisimin,NA,NA_C,NONE,https://ojibwe.lib.umn.edu/main-entry/miskojiisimin-na
ozaawikaadaak,ozaawikaadaakw2,NA,NA_Cw,NONE,https://ojibwe.lib.umn.edu/main-entry/ozaawikaadaak-na
daaangosheny,daaangosheny1,NAD,NAD_VVny,NONE,https://ojibwe.lib.umn.edu/main-entry/odaangoshenyan-nad
noondaagochigan,noondaagochigan,NA,NA_C,NONE,https://ojibwe.lib.umn.edu/main-entry/noondaagochigan-na
niboowidaabaan,niboowidaabaan,NI,NI_C,NONE,https://ojibwe.lib.umn.edu/main-entry/niboowidaabaan-ni
mide,midew2,NA,NA_VV,NONE,https://ojibwe.lib.umn.edu/main-entry/mide
wadoop,wadoopy2,NA,NA_Cy,NONE,https://ojibwe.lib.umn.edu/main-entry/wadoop-na
minisi,minisy2,NI,NI_ShortCy,NONE,https://ojibwe.lib.umn.edu/main-entry/minisi-ni-adffa151-621a-493f-9610-09973c71c2f1
miin,miin,NI,NI_C,NONE,https://ojibwe.lib.umn.edu/main-entry/miin-ni
mitigwaab,mitigwaaby2,NI,NI_Cy,NONE,https://ojibwe.lib.umn.edu/main-entry/mitigwaab-ni
aadizookaan,aadizookaan,NI,NI_C,NONE,https://ojibwe.lib.umn.edu/main-entry/aadizookaan-ni
gaagaagiw,gaagaagiw,NA,NA_C,NONE,https://ojibwe.lib.umn.edu/main-entry/gaagaagiw-na
giboodiyegwaazon,giboodiyegwaazon,NI,NI_C,NONE,https://ojibwe.lib.umn.edu/main-entry/giboodiyegwaazon-ni
giizhoopizon,giizhoopizon,NI,NI_C,NONE,https://ojibwe.lib.umn.edu/main-entry/giizhoopizon-ni
nagaskway,nagaskway,NID,NID_aa,NONE,https://ojibwe.lib.umn.edu/main-entry/onagaskway-nid
-tawag,-tawag,NID,NID_aa,NONE,https://ojibwe.lib.umn.edu/main-entry/nitawag-nid-de86f22e-c393-4601-aa55-934f4fb92e86
iiyawen'eny,iiyawen'eny1,NAD,NAD_VVny,NONE,https://ojibwe.lib.umn.edu/main-entry/wiiyawen-enyan-nad
giziingwe'on,giziingwe'on,NA,NA_C,NONE,https://ojibwe.lib.umn.edu/main-entry/giziingwe-on-na
zhoominens,zhoominens,NA,NA_C,NONE,https://ojibwe.lib.umn.edu/main-entry/zhoominens-na
iitaaw,iitaaw2,NAD,NAD_VV,NONE,https://ojibwe.lib.umn.edu/main-entry/wiitaan-nad
adikinaagan,adikinaagan,NI,NI_C,NONE,https://ojibwe.lib.umn.edu/main-entry/adikinaagan-ni
gidigw,gidigw,NID,NID_aa,NONE,https://ojibwe.lib.umn.edu/main-entry/ogidig-nid
zhiishiigwan,zhiishiigwan,NI,NI_C,NONE,https://ojibwe.lib.umn.edu/main-entry/zhiishiigwan-ni
niimi'idiwin,niimi'idiwin,NI,NI_C,NONE,https://ojibwe.lib.umn.edu/main-entry/niimi-idiwin-ni
gidigw,gidigw2,NID,NID_Cw,NONE,https://ojibwe.lib.umn.edu/main-entry/gidigw-nid
bwaanimowin,bwaanimowin,NI,NI_C,NONE,https://ojibwe.lib.umn.edu/main-entry/bwaanimowin-ni
bootaagan,bootaagan,NI,NI_C,NONE,https://ojibwe.lib.umn.edu/main-entry/bootaagan-ni
biitoosijigani-bakwezhigan,biitoosijigani-bakwezhigan,NA,NA_C,NONE,https://ojibwe.lib.umn.edu/main-entry/biitoosijigani-bakwezhigan-na
baashkiminasigani-biitoosijigan,baashkiminasigani-biitoosijigan,NA,NA_C,NONE,https://ojibwe.lib.umn.edu/main-entry/baashkiminasigani-biitoosijigan-na
baashkiminasigani-biitoosijigani-bakwezhigan,baashkiminasigani-biitoosijigani-bakwezhigan,NA,NA_C,NONE,https://ojibwe.lib.umn.edu/main-entry/baashkiminasigani-biitoosijigani-bakwezhigan-na
miini-baashkiminasigani-biitoosijigani-bakwezhigan,miini-baashkiminasigani-biitoosijigani-bakwezhigan,NA,NA_C,NONE,https://ojibwe.lib.umn.edu/main-entry/miini-baashkiminasigani-biitoosijigani-bakwezhigan-na
miskomini-baashkiminasigani-biitoosijigani-bakwezhigan,miskomini-baashkiminasigani-biitoosijigani-bakwezhigan,NA,NA_C,NONE,https://ojibwe.lib.umn.edu/main-entry/miskomini-biitoosijigani-baashkiminasigani-biitoosijigan-na
ode'imini-biitoosijigani-baashkiminasigani-biitoos,ode'imini-biitoosijigani-baashkiminasigani-biitoosijigan,NA,NA_C,NONE,UnpublishedOPD
madoodison,madoodison,NI,NI_C,NONE,https://ojibwe.lib.umn.edu/main-entry/madoodison-ni
okaadaak,okaadaakw2,NA,NA_Cw,NONE,https://ojibwe.lib.umn.edu/main-entry/okaadaak-na
gaa-bikwaawiganed,gaa-bikwaawiganed,NA,NA_C,NONE,UnpublishedOPD
naw,naw,NID,NID_C,NONE,https://ojibwe.lib.umn.edu/main-entry/naw-nid
bimoonjigan,bimoonjigan,NA,NA_C,NONE,https://ojibwe.lib.umn.edu/main-entry/bimoonjigan-na
bawa'igan,bawa'igan,NI,NI_C,NONE,https://ojibwe.lib.umn.edu/main-entry/bawa-igan-ni
zid,zid,NID,NID_aa,NONE,https://ojibwe.lib.umn.edu/main-entry/ozid-nid-bba76250-937a-4368-80a5-4a401fe47854
ozhibii'iganaak,ozhibii'iganaakw2,NA,NA_Cw,NONE,https://ojibwe.lib.umn.edu/main-entry/ozhibii-iganaak-na
zhooniyaa,zhooniyaaw2,NI,NI_VV,NONE,https://ojibwe.lib.umn.edu/main-entry/zhooniyaa-ni
zhingwaak,zhingwaakw2,NA,NA_irrCw,NONE,https://ojibwe.lib.umn.edu/main-entry/zhingwaak-na
zhingwaak,zhingwaakw2,NA,NA_Cw,NONE,https://ojibwe.lib.umn.edu/main-entry/zhingwaak-na
ziigwebinakik,ziigwebinakikw2,NA,NA_Cw,NONE,https://ojibwe.lib.umn.edu/main-entry/ziigwebinakik-na
zhooshkwaada'aagan,zhooshkwaada'aagan,NA,NA_C,NONE,https://ojibwe.lib.umn.edu/main-entry/zhooshkwaada-aagan-na
zhooshkwaada'aagan,zhooshkwaada'aagan,NI,NI_C,NONE,https://ojibwe.lib.umn.edu/main-entry/zhooshkwaada-aagan-ni
zhinoodaagan,zhinoodaagan,NI,NI_C,NONE,https://ojibwe.lib.umn.edu/main-entry/zhinoodaagan-ni
zhooniyaawasin,zhooniyaawasin,NI,NI_C,NONE,UnpublishedOPD
zhingob,zhingoby2,NA,NA_Cy,NONE,https://ojibwe.lib.umn.edu/main-entry/zhingob-na
zhooshkwa'igan,zhooshkwa'igan,NA,NA_C,NONE,https://ojibwe.lib.umn.edu/main-entry/zhooshkwa-igan-na
zhishawe-zhaabonigan,zhishawe-zhaabonigan,NI,NI_C,NONE,UnpublishedOPD
zhizhoojiishkiwe'igan,zhizhoojiishkiwe'igan,NI,NI_C,NONE,UnpublishedOPD
zhooniyaans,zhooniyaans,NA,NA_C,NONE,https://ojibwe.lib.umn.edu/main-entry/zhooniyaans-na
odaabaan,odaabaan,NI,NI_C,NONE,https://ojibwe.lib.umn.edu/main-entry/odaabaan-ni
gibozigan,gibozigan,NA,NA_C,NONE,https://ojibwe.lib.umn.edu/main-entry/gibozigan-na
wiisiniwin-adaawewigamig,wiisiniwin-adaawewigamigw2,NI,NI_Cw,NONE,https://ojibwe.lib.umn.edu/main-entry/wiisiniwin-adaawewigamig-ni
odaabii'iwe-mazina'igaans,odaabii'iwe-mazina'igaans,NI,NI_C,NONE,https://ojibwe.lib.umn.edu/main-entry/odaabii-iwe-mazina-igaans-ni
wanii'ige-mazina'igan,wanii'ige-mazina'igan,NI,NI_C,NONE,https://ojibwe.lib.umn.edu/main-entry/wanii-ige-mazina-igan-ni
gashkigwaason,gashkigwaason,NI,NI_C,NONE,https://ojibwe.lib.umn.edu/main-entry/gashkigwaason-ni
daangwew,daangwew2,NAD,NAD_VV,NONE,https://ojibwe.lib.umn.edu/main-entry/nindaangwe-nad
nagaakizid,nagaakizid,NID,NID_aa,NONE,https://ojibwe.lib.umn.edu/main-entry/ginagaakizid-nid
apikanan,aoikan,NI,NI_C,NONE,UnpublishedOPD
aawazhiwewidaabaan,aawazhiwewidaabaan,NI,NI_C,NONE,https://ojibwe.lib.umn.edu/main-entry/aawazhiwewidaabaan-ni
onik,onik,NI,NI_C,NONE,https://ojibwe.lib.umn.edu/main-entry/onik-ni
bagidanaamochigan,bagidanaamochigan,NI,NI_C,NONE,https://ojibwe.lib.umn.edu/main-entry/bagidanaamochigan-ni
giziibiigidaabaanewigamig,giziibiigidaabaanewigamigw2,NI,NI_Cw,NONE,https://ojibwe.lib.umn.edu/main-entry/giziibiigidaabaanewigamig-ni
wiibidaakewinini,wiibidaakewininiw2,NA,NA_Vw,NONE,https://ojibwe.lib.umn.edu/main-entry/wiibidaakewinini-na
gichi-gikinoo'amaagewinini,gichi-gikinoo'amaagewininiw2,NA,NA_Vw,NONE,https://ojibwe.lib.umn.edu/main-entry/gichi-gikinoo-amaagewinini-n
gichi-gikinoo'amaagewikwe,gichi-gikinoo'amaagewikwew2,NA,NA_VV,NONE,https://ojibwe.lib.umn.edu/main-entry/gichi-gikinoo-amaagewikwe-na
gitigewikwe,gitigewikwew2,NA,NA_VV,NONE,https://ojibwe.lib.umn.edu/main-entry/gitigewikwe
oshkaya'ii,oshkaya'iiw2,NA,NA_VV,NONE,https://ojibwe.lib.umn.edu/main-entry/oshkaya-ii-na
meskwananiisi,meskwananiisiw2,NA,NA_Vw,NONE,https://ojibwe.lib.umn.edu/main-entry/meskwananiisi-na
waabishkananiisi,waabishkananiisiw2,NA,NA_Vw,NONE,https://ojibwe.lib.umn.edu/main-entry/waabishkananiisi-na
dakoniwewikwe,dakoniwewikwew2,NA,NA_VV,NONE,https://ojibwe.lib.umn.edu/main-entry/dakoniwewikwe-na
wiiyaasi-dakoniwewikwe,wiiyaasi-dakoniwewikwew2,NA,NA_VV,NONE,UnpublishedOPD
dengway,dengway,NID,NID_aa,NONE,https://ojibwe.lib.umn.edu/main-entry/indengway-nid
giimoodishkiiwikwe,giimoodishkiiwikwew2,NA,NA_VV,NONE,https://ojibwe.lib.umn.edu/main-entry/giimoodishkiiwikwe-na
gikachigan,gikachigan,NI,NI_C,NONE,https://ojibwe.lib.umn.edu/main-entry/gikachigan-ni
wanii'igewikwe,wanii'igewikwew2,NA,NA_VV,NONE,https://ojibwe.lib.umn.edu/main-entry/wanii-igewikwe-na
niibini-babiinzikawaagan,niibini-babiinzikawaagan,NI,NI_C,NONE,https://ojibwe.lib.umn.edu/main-entry/niibini-babiinzikawaagan-ni
wiidookaagewikwe,wiidookaagewikwew2,NA,NA_VV,NONE,https://ojibwe.lib.umn.edu/main-entry/wiidookaagewikwe-na
baaka'aakwenh-wiiyaas,baaka'aakwenh-wiiyaas,NI,NI_C,NONE,https://ojibwe.lib.umn.edu/main-entry/baaka-aakwenh-wiiyaas-ni
bibooni-babiinzikawaagan,bibooni-babiinzikawaagan,NI,NI_C,NONE,https://ojibwe.lib.umn.edu/main-entry/bibooni-babiinzikawaagan-ni
mizise-wiiyaas,mizise-wiiyaas,NI,NI_C,NONE,https://ojibwe.lib.umn.edu/main-entry/mizise-wiiyaas-ni
giingoo,giingooy1,NA,NA_VVy,NONE,https://ojibwe.lib.umn.edu/main-entry/giingoo-na
zipobijigan,zipobijigan,NI,NI_C,NONE,https://ojibwe.lib.umn.edu/main-entry/zipobijigan-ni
zhooshkwega'igan,zhooshkwega'igan,NA,NA_C,NONE,https://ojibwe.lib.umn.edu/main-entry/zhooshkwega-igan-na
biindaagibagizowin,biindaagibagizowin,NI,NI_C,NONE,https://ojibwe.lib.umn.edu/main-entry/biindaagibagizowin-ni
gashkibidaagan,gashkibidaagan,NI,NI_C,NONE,https://ojibwe.lib.umn.edu/main-entry/gashkibidaagan-ni
babaamiziiwayaan,babaamiziiwayaan,NI,NI_C,NONE,https://ojibwe.lib.umn.edu/main-entry/babaamiziiwayaan-ni
mamaanjigwapizon,mamaanjigwapizon,NI,NI_C,NONE,https://ojibwe.lib.umn.edu/main-entry/mamaanjigwapizon-ni
mitigo-emikwaan,mitigo-emikwaan,NI,NI_C,NONE,https://ojibwe.lib.umn.edu/main-entry/mitigo-emikwaan-ni
zagapijigan,zagapijigan,NA,NA_C,NONE,https://ojibwe.lib.umn.edu/main-entry/zagapijigan-na
omashkiigoomowin,omashkiigoomowin,NI,NI_C,NONE,https://ojibwe.lib.umn.edu/main-entry/omashkiigoomowin-ni
biiwaabiko-moona'igan,biiwaabiko-moona'igan,NI,NI_C,NONE,https://ojibwe.lib.umn.edu/main-entry/biiwaabiko-moona-igan-ni
onaagoshi-wiisiniwin,onaagoshi-wiisiniwin,NI,NI_C,NONE,https://ojibwe.lib.umn.edu/main-entry/onaagoshi-wiisiniwin-ni
agongosimowin,agongosimowin,NI,NI_C,NONE,https://ojibwe.lib.umn.edu/main-entry/agongosimowin-ni
maanishtaanishens,maanishtaanishens,NA,NA_C,NONE,https://ojibwe.lib.umn.edu/main-entry/maanishtaanishens-na
zaasagokwaani-bakwezhigan,zaasagokwaani-bakwezhigan,NA,NA_C,NONE,UnpublishedOPD
boozikinaagaans,boozikinaagaans,NI,NI_C,NONE,UnpublishedOPD
bakwezhigani-ozaawaakizigan,bakwezhigani-ozaawaakizigan,NI,NI_C,NONE,https://ojibwe.lib.umn.edu/main-entry/bakwezhigani-ozaawaakizigan-ni
nigwanis,nigwanis,NAD,NAD_C,NONE,https://ojibwe.lib.umn.edu/main-entry/giningwanis-nad
gagwedwewin,gagwedwewin,NI,NI_C,NONE,https://ojibwe.lib.umn.edu/main-entry/gagwedwewin
bagite'igan,bagite'igan,NI,NI_C,NONE,https://ojibwe.lib.umn.edu/main-entry/bagite-igan-ni
bishagaakwa'igan,bishagaakwa'igan,NI,NI_C,NONE,https://ojibwe.lib.umn.edu/main-entry/bishagaakwa-igan-ni
gayaashkogwan,gayaashkogwan,NA,NA_C,NONE,https://ojibwe.lib.umn.edu/main-entry/gayaashkogwan-na
zinigojiibizhiwewinini,zinigojiibizhiwewininiw2,NA,NA_Vw,NONE,https://ojibwe.lib.umn.edu/main-entry/zinigojiibizhiwewinini-na
animikiiwazison,animikiiwazison,NI,NI_C,NONE,https://ojibwe.lib.umn.edu/main-entry/animikiiwazison-ni
gichi-minikwewin,gichi-minikwewin,NI,NI_C,NONE,UnpublishedOPD
wiigobiiwaatig,wiigobiiwaatigw2,NA,NA_Cw,NONE,https://ojibwe.lib.umn.edu/main-entry/wiigobiiwaatig-na
zinigojiibizhiwewikwe,zinigojiibizhiwewikwew2,NA,NA_VV,NONE,https://ojibwe.lib.umn.edu/main-entry/zinigojiibizhiwewikwe-na
iijikiweny,iijikiweny1,NAD,NAD_VVny,NONE,https://ojibwe.lib.umn.edu/main-entry/giijikiwenh-na
gayaashkwazison,gayaashkwazison,NI,NI_C,NONE,https://ojibwe.lib.umn.edu/main-entry/gayaashkwazison-ni
zhooniyaawinini,zhooniyaawininiw2,NA,NA_Vw,NONE,https://ojibwe.lib.umn.edu/main-entry/zhooniyaawinini-na
animikiins,animikiins,NA,NA_C,NONE,UnpublishedOPD
zhooniyaawikwe,zhooniyaawikwew2,NA,NA_VV,NONE,https://ojibwe.lib.umn.edu/main-entry/zhooniyaawikwe-na
ashawenaniisi,ashawenaniisiw2,NA,NA_Vw,NONE,https://ojibwe.lib.umn.edu/main-entry/ashawenaniinsi-na
iskigamizigewigamig,iskigamizigewigamigw2,NI,NI_Cw,NONE,https://ojibwe.lib.umn.edu/main-entry/iskigamizigewigamig-ni
giigidoowikwe,giigidoowikwew2,NA,NA_VV,NONE,https://ojibwe.lib.umn.edu/main-entry/giigidoowikwe-na
bapashki,bapashkiw2,NA,NA_Vw,NONE,UnpublishedOPD
basweweyaabiigibijigan,basweweyaabiigibijigan,NI,NI_C,NONE,https://ojibwe.lib.umn.edu/main-entry/basweweyaabiigibijigan-ni
giniwiganzh,giniwiganzhy2,NA,NA_Cy,NONE,UnpublishedOPD
waakoons,waakoons,NA,NA_C,NONE,https://ojibwe.lib.umn.edu/main-entry/waakoons-na
madweyaabiigibijigani-biiwaabikoons,madweyaabiigibijigani-biiwaabikoons,NI,NI_C,NONE,https://ojibwe.lib.umn.edu/main-entry/madweyaabiigibijigani-biiwaabikoons-ni
waakoonsiwi-bakwezhigan,waakoonsiwi-bakwezhigan,NA,NA_C,NONE,https://ojibwe.lib.umn.edu/main-entry/waakoonsiwi-bakwezhigan-na
maanendamowin,maanendamowin,NI,NI_C,NONE,https://ojibwe.lib.umn.edu/main-entry/maanendamowin-ni
nitaminikaazowin,nitaminikaazowin,NI,NI_C,NONE,https://ojibwe.lib.umn.edu/main-entry/nitaminikaazowin-ni
doondan,doondan,NID,NID_aa,NONE,https://ojibwe.lib.umn.edu/main-entry/indoondan-nid
zhooshkonigewin,zhooshkonigewin,NI,NI_C,NONE,https://ojibwe.lib.umn.edu/main-entry/zhooshkonigewin-ni
ishkwaajinikaazowin,ishkwaajinikaazowin,NI,NI_C,NONE,https://ojibwe.lib.umn.edu/main-entry/ishkwaajinikaazowin-ni
mashkosi,mashkosiw2,NI,NI_Vw,NONE,https://ojibwe.lib.umn.edu/main-entry/mashkosi-ni
gimoodiwin,gimoodiwin,NI,NI_C,NONE,https://ojibwe.lib.umn.edu/main-entry/gimoodiwin-ni
amiko-gibaakwa'igan,amiko-gibaakwa'igan,NI,NI_C,NONE,https://ojibwe.lib.umn.edu/main-entry/amiko-gibaakwa-igan-ni
nitaagewin,nitaagewin,NI,NI_C,NONE,https://ojibwe.lib.umn.edu/main-entry/nitaagewin-ni
nookaadiziwin,nookaadiziwin,NI,NI_C,NONE,https://ojibwe.lib.umn.edu/main-entry/nookaadiziwin-ni
inaabandamowin,inaabandamowin,NI,NI_C,NONE,https://ojibwe.lib.umn.edu/main-entry/inaabandamowin-ni
jiishaakwa'iganaak,jiishaakwa'iganaakw2,NI,NI_Cw,NONE,https://ojibwe.lib.umn.edu/main-entry/jiishaakwa-iganaak-ni
noojimo'iwewin,noojimo'iwewin,NI,NI_C,NONE,https://ojibwe.lib.umn.edu/main-entry/noojimo-iwewin-ni
badakijigan,badakijigan,NI,NI_C,NONE,https://ojibwe.lib.umn.edu/main-entry/badakijigan-ni
onaakonigewin,onaakonigewin,NI,NI_C,NONE,https://ojibwe.lib.umn.edu/main-entry/onaakonigewin-ni
gwaashkwanodaagewin,gwaashkwanodaagewin,NI,NI_C,NONE,https://ojibwe.lib.umn.edu/main-entry/gwaashkwanodaagewin-ni
jiishaakwa'iganaabik,jiishaakwa'iganaabikw2,NI,NI_Cw,NONE,https://ojibwe.lib.umn.edu/main-entry/jiishaakwa-iganaabik-ni
zesegaandagwadab,zesegaandagwadaby2,NA,NA_Cy,NONE,https://ojibwe.lib.umn.edu/main-entry/zesegaandagwadab
gichi-nemaab,gichi-nemaab,NA,NA_C,NONE,https://ojibwe.lib.umn.edu/main-entry/gichi-nemaab-na
gikendamowin,gikendamowin,NI,NI_C,NONE,https://ojibwe.lib.umn.edu/main-entry/gikendamowin-ni
misawendamowin,misawendamowin,NI,NI_C,NONE,https://ojibwe.lib.umn.edu/main-entry/misawendamowin-ni
debweyendamowin,debweyendamowin,NI,NI_C,NONE,https://ojibwe.lib.umn.edu/main-entry/debweyendamowin-ni
ganawenindizowin,ganawenindizowin,NI,NI_C,NONE,https://ojibwe.lib.umn.edu/main-entry/ganawenindizowin-ni
ogimaans,ogimaans,NA,NA_C,NONE,https://ojibwe.lib.umn.edu/main-entry/ogimaans-na
webinidii-mazina'igan,webinidii-mazina'igan,NI,NI_C,NONE,UnpublishedOPD
gichigaad,gichigaad,NI,NI_C,NONE,https://ojibwe.lib.umn.edu/main-entry/gichigaad-ni
nibewi-mashkiki,nibewi-mashkikiw2,NI,NI_Vw,NONE,https://ojibwe.lib.umn.edu/main-entry/nibewi-mashkiki-ni
gaanda'igwaason,gaanda'igwaason,NA,NA_C,NONE,https://ojibwe.lib.umn.edu/main-entry/gaanda-igwaason-na
waasamoobii'igan,waasamoobii'igan,NI,NI_C,NONE,https://ojibwe.lib.umn.edu/main-entry/waasamoobii-igan-ni
moozo-wiinin,moozo-wiininw2,NI,NI_Cw,NONE,https://ojibwe.lib.umn.edu/main-entry/moozo-wiinin-ni
mazinaabidoo'igeyaatig,mazinaabidoo'igeyaatigw2,NI,NI_Cw,NONE,https://ojibwe.lib.umn.edu/main-entry/mazinaabidoo-igeyaatig-ni
mikwamiiwinini,mikwamiiwininiw2,NA,NA_Vw,NONE,https://ojibwe.lib.umn.edu/main-entry/mikwamiiwinini-na
ozaawi-bineshiinh,ozaawi-bineshiiny1,NA,NA_VVny,NONE,https://ojibwe.lib.umn.edu/main-entry/ozaawi-bineshiinh-na
moozopigay,moozopigay,NA,NA_C,NONE,https://ojibwe.lib.umn.edu/main-entry/moozopigay-na
gii'igoshimowin,gii'igoshimowin,NI,NI_C,NONE,https://ojibwe.lib.umn.edu/main-entry/gii-igoshimowin-ni
moozo-wiinindib,moozo-wiinindib,NI,NI_C,NONE,UnpublishedOPD
manidookewin,manidookewin,NI,NI_C,NONE,https://ojibwe.lib.umn.edu/main-entry/manidookewin-ni
dookinaabikoons,dookinaabikoons,NI,NI_C,NONE,UnpublishedOPD
waaboozoninj,waaboozoninjy2,NI,NI_Cy,NONE,https://ojibwe.lib.umn.edu/main-entry/waaboozoninj-ni
dakokiiwin,dakokiiwin,NI,NI_C,NONE,https://ojibwe.lib.umn.edu/main-entry/dakokiiwin-ni
gibichiiwagwaakwa'igan,gibichiiwagwaakwa'igan,NI,NI_C,NONE,https://ojibwe.lib.umn.edu/main-entry/gibichiiwagwaakwa-igan-ni
zhaaganaashiiwianishinaabe,zhaaganaashiiwianishinaabew2,NA,NA_VV,NONE,UnpublishedOPD
gizhibanagwe-zhiibiigishkaawayaan,gizhibanagwe-zhiibiigishkaawayaan,NI,NI_C,NONE,UnpublishedOPD
wiindaawasowin,wiindaawasowin,NI,NI_C,NONE,https://ojibwe.lib.umn.edu/main-entry/wiindaawasowin-ni
aazhawa'adoowagwaakwa'igan,aazhawa'adoowagwaakwa'igan,NI,NI_C,NONE,https://ojibwe.lib.umn.edu/main-entry/aazhawa-adoowagwaakwa-igan-ni
ooji'ikwewe-nagamon,ooji'ikwewe-nagamon,NI,NI_C,NONE,UnpublishedOPD
nanaa'ichigewinini,nanaa'ichigewininiw2,NA,NA_Vw,NONE,https://ojibwe.lib.umn.edu/main-entry/nanaa-ichigewinini-na
apiichibizoowagwaakwa'igan,apiichibizoowagwaakwa'igan,NI,NI_C,NONE,https://ojibwe.lib.umn.edu/main-entry/apiichibizoowagwaakwa-igan-ni
nenookaasiins,nenookaasiins,NA,NA_C,NONE,https://ojibwe.lib.umn.edu/main-entry/nenookaasiins-na
zanagiz,zanagiz,NA,NA_C,NONE,https://ojibwe.lib.umn.edu/main-entry/zanagiz-na
wiinisikiwaatig,wiinisikiwaatigw2,NA,NA_Cw,NONE,UnpublishedOPD
waawaashkeshiiwaazhawa'adoowagwaakwa'igan,waawaashkeshiiwaazhawa'adoowagwaakwa'igan,NI,NI_C,NONE,https://ojibwe.lib.umn.edu/main-entry/waawaashkeshiiwaazhawa-adoowagwaakwa-igan-ni
gaagaagiwaandagomin,gaagaagiwaandagomin,NI,NI_C,NONE,https://ojibwe.lib.umn.edu/main-entry/gaagaagiwaandagomin-ni
moozowaazhawa'adoowagwaakwa'igan,moozowaazhawa'adoowagwaakwa'igan,NI,NI_C,NONE,https://ojibwe.lib.umn.edu/main-entry/moozowaazhawa-adoowagwaakwa-igan-ni
agonaan,agonaan,NA,NA_C,NONE,UnpublishedOPD
maajaa'iwewin,maajaa'iwewin,NI,NI_C,NONE,https://ojibwe.lib.umn.edu/main-entry/maajaa-iwewin-ni
ziigwebinigewidaabaan,ziigwebinigewidaabaan,NA,NA_C,NONE,https://ojibwe.lib.umn.edu/main-entry/ziigwebinigewidaabaan-na
gayaashkwaabik,gayaashkwaabikw2,NI,NI_Cw,NONE,https://ojibwe.lib.umn.edu/main-entry/gayaashkwaabik-ni
baapi'idiwin,baapi'idiwin,NI,NI_C,NONE,https://ojibwe.lib.umn.edu/main-entry/baapi-idiwin-ni
zhaagode'ewin,zhaagode'ewin,NI,NI_C,NONE,https://ojibwe.lib.umn.edu/main-entry/zhaagode-ewin-ni
inaabiiginigewinini,inaabiiginigewininiw2,NA,NA_Vw,NONE,https://ojibwe.lib.umn.edu/main-entry/inaabiiginigewinini-na
nagweyaab,nagweyaaby2,NI,NI_Cy,NONE,https://ojibwe.lib.umn.edu/main-entry/nagweyaab-ni
waasigani-biiwaabik,waasigani-biiwaabikw2,NI,NI_Cw,NONE,https://ojibwe.lib.umn.edu/main-entry/waasigani-biiwaabik-ni
apaakozigan,apaakozigan,NA,NA_C,NONE,https://ojibwe.lib.umn.edu/main-entry/apaakozigan-na
aginjibagwesi,aginjibagwesiw2,NA,NA_Vw,NONE,https://ojibwe.lib.umn.edu/main-entry/aginjibagwesi-na
aanike-odaake-ogimaa,aanike-odaake-ogimaaw2,NA,NA_VV,NONE,https://ojibwe.lib.umn.edu/main-entry/aanike-odaake-ogimaa-na
dakisijige-makak,dakisijige-makakoon,NI,NI_C,NONE,UnpublishedOPD
baaga'adowewin,baaga'adowewin,NI,NI_C,NONE,https://ojibwe.lib.umn.edu/main-entry/baaga-adowewin-ni
manisekana,manisekan,NI,NI_Kana,NONE,https://ojibwe.lib.umn.edu/main-entry/manisekana-ni
desi-apabiwin,desi-apabiwin,NI,NI_C,NONE,UnpublishedOPD
minjikaawani-biitoonigan,minjikaawani-biitoonigan,NA,NA_C,NONE,https://ojibwe.lib.umn.edu/main-entry/minjikaawani-biitoonigan-na
ozhibii'igewi-adoopowin,ozhibii'igewi-adoopowin,NI,NI_C,NONE,UnpublishedOPD
biitoonigan,biitoonigan,NI,NI_C,NONE,https://ojibwe.lib.umn.edu/main-entry/biitoonigan-ni
waazakonenjigani-bimide,waazakonenjigani-bimidew2,NI,NI_VV,NONE,https://ojibwe.lib.umn.edu/main-entry/waazakonenjigani-bimide-ni
azaadiinagek,azaadiinagekw2,NA,NA_Cw,NONE,https://ojibwe.lib.umn.edu/main-entry/azaadiinagek-na
wiiyaasiwi-biitoonigan,wiiyaasiwi-biitoonigan,NI,NI_C,NONE,https://ojibwe.lib.umn.edu/main-entry/wiiyaasiwi-biitoonigan-ni
zhingwaakwanagek,zhingwaakwanagekw2,NA,NA_irrCw,NONE,https://ojibwe.lib.umn.edu/main-entry/zhingwaakwanagek-na
anishinaabe-gikinoo'amaadiwin,anishinaabe-gikinoo'amaadiwin,NI,NI_C,NONE,https://ojibwe.lib.umn.edu/main-entry/anishinaabe-gikinoo-amaadiwin-ni
abwaanamik,abwaanamikw2,NA,NA_irrCw,NONE,https://ojibwe.lib.umn.edu/main-entry/abwaanamik-na
bibooni-miikana,bibooni-miikan,NI,NI_Kana,NONE,https://ojibwe.lib.umn.edu/main-entry/bibooni-miikana-ni
gabaachiganamik,gabaachiganamikw2,NA,NA_Cw,NONE,https://ojibwe.lib.umn.edu/main-entry/gabaachiganamik-na
gabaachigan,gabaachigan,NI,NI_C,NONE,https://ojibwe.lib.umn.edu/main-entry/gabaachigan-ni
naabinootaagechigan,naabinootaagechiganan,NI,NI_C,NONE,UnpublishedOPD
waawaashkeshiwikana,waawaashkeshiwikan,NI,NI_Kana,NONE,https://ojibwe.lib.umn.edu/main-entry/waawaashkeshiwikana-ni
mandaamini-gaapizigaansag,mandaamini-gaapizigaans,NA,NA_C,NONE,https://ojibwe.lib.umn.edu/main-entry/mandaamini-gaapizigaansag-na
zaasagokwaan,zaasagokwaan,NI,NI_C,NONE,https://ojibwe.lib.umn.edu/main-entry/zaasagokwaan-ni
asemaawipwaagan,asemaawipwaagan,NA,NA_C,NONE,UnpublishedOPD
zhingobiiwaatig,zhingobiiwaatigw2,NA,NA_Cw,NONE,https://ojibwe.lib.umn.edu/main-entry/zhingobiiwaatig-na
amikokana,amikokan,NI,NI_Kana,NONE,https://ojibwe.lib.umn.edu/main-entry/amikokana-ni
ozaawagosimaan,ozaawagosimaan,NI,NI_C,NONE,https://ojibwe.lib.umn.edu/main-entry/ozaawagosimaan-ni
zaasagokwaanamik,zaasagokwaanamikw2,NA,NA_irrCw,NONE,https://ojibwe.lib.umn.edu/main-entry/zaasagokwaanamik-na
manidoo-miikana,manidoo-miikan,NI,NI_Kana,NONE,https://ojibwe.lib.umn.edu/main-entry/manidoo-miikana-ni
noozhe-bizhiw,noozhe-bizhiw,NA,NA_C,NONE,https://ojibwe.lib.umn.edu/main-entry/noozhe-bizhiw-na
miskobag,miskobagw2,NI,NI_Cw,NONE,https://ojibwe.lib.umn.edu/main-entry/miskobag-ni
bimose-miikana,bimose-miikan,NI,NI_Kana,NONE,UnpublishedOPD
animikii-miikana,animikii-miikan,NI,NI_Kana,NONE,UnpublishedOPD
binaakwebijigan,binaakwebijigan,NI,NI_C,NONE,UnpublishedOPD
gaagozow,gaagozow,NI,NI_C,NONE,https://ojibwe.lib.umn.edu/main-entry/gaagozow-ni
naadoobiikana,naadoobiikan,NI,NI_Kana,NONE,https://ojibwe.lib.umn.edu/main-entry/naadoobiikana-ni
biiwaabiko-zhooniyaa,biiwaabiko-zhooniyaaw2,NA,NA_VV,NONE,UnpublishedOPD
gaagobiiway,gaagobiiway,NI,NI_C,NONE,https://ojibwe.lib.umn.edu/main-entry/gaagobiiway-ni
aandegwazison,aandegwazison,NI,NI_C,NONE,https://ojibwe.lib.umn.edu/main-entry/aandegwazison-ni
gwayako-bimaadiziwin,gwayako-bimaadiziwin,NI,NI_C,NONE,https://ojibwe.lib.umn.edu/main-entry/gwayako-bimaadiziwin-ni
waabanoo,waabanoow2,NA,NA_VV,NONE,https://ojibwe.lib.umn.edu/main-entry/waabanoo-na
desabi-apabiwin,desabi-apabiwin,NI,NI_C,NONE,UnpublishedOPD
izhaawin,izhaawin,NI,NI_C,NONE,UnpublishedOPD
naabe-bizhiw,naabe-bizhiw,NA,NA_C,NONE,https://ojibwe.lib.umn.edu/main-entry/naabe-bizhiw-na
aanji-bimaadiziwin,aanji-bimaadiziwin,NI,NI_C,NONE,https://ojibwe.lib.umn.edu/main-entry/aanji-bimaadiziwin-ni
wiishkobi-ogosimaan,wiishkobi-ogosimaan,NI,NI_C,NONE,UnpublishedOPD
zhiishiibazison,zhiishiibazison,NI,NI_C,NONE,https://ojibwe.lib.umn.edu/main-entry/zhiishiibazison-ni
waabanoo-wiigiwaam,waabanoo-wiigiwaam,NI,NI_C,NONE,UnpublishedOPD
ozhaawashko-waabigwan,ozhaawashko-waabigwan,NI,NI_C,NONE,UnpublishedOPD
maawandoobii'igan,maawandoobii'igan,NI,NI_C,NONE,UnpublishedOPD
noozhe-ma'iingan,noozhe-ma'iingan,NA,NA_C,NONE,UnpublishedOPD
manidoowi-wiigiwaam,manidoowi-wiigiwaam,NI,NI_C,NONE,UnpublishedOPD
maangwazison,maangwazison,NI,NI_C,NONE,https://ojibwe.lib.umn.edu/main-entry/maangwazison-ni
bimaaji'igoowin,bimaaji'igoowin,NI,NI_C,NONE,UnpublishedOPD
naabe-ma'iingan,naabe-ma'iingan,NA,NA_C,NONE,UnpublishedOPD
jiibayakamig,jiibayakamigw2,NI,NI_Cw,NONE,UnpublishedOPD
gichitwaawibii'igan,gichitwaawibii'igan,NI,NI_C,NONE,https://ojibwe.lib.umn.edu/main-entry/gichitwaawibii-igan-ni
migiziwazison,migiziwazison,NI,NI_C,NONE,https://ojibwe.lib.umn.edu/main-entry/migiziwazison-ni
makade-ma'iingan,makade-ma'iingan,NA,NA_C,NONE,https://ojibwe.lib.umn.edu/main-entry/makade-ma-iingan-na
zhoodaawinini,zhoodaawininiw2,NA,NA_Vw,NONE,https://ojibwe.lib.umn.edu/main-entry/zhoodaawinini-na
bakwanjiikaan,bakwanjiikaan,NI,NI_C,NONE,https://ojibwe.lib.umn.edu/main-entry/bakwanjiikaan-ni
giniwazison,giniwazison,NI,NI_C,NONE,https://ojibwe.lib.umn.edu/main-entry/giniwazison-ni
awesiinh-baashkizigan,awesiinh-baashkizigan,NI,NI_C,NONE,UnpublishedOPD
godagiziwin,godagiziwin,NI,NI_C,NONE,UnpublishedOPD
makotigwaan,makotigwaan,NI,NI_C,NONE,UnpublishedOPD
badakijii'iganaak,badakijii'iganaakw2,NI,NI_Cw,NONE,https://ojibwe.lib.umn.edu/main-entry/badakijii-iganaak-ni
baashkizigani-makak,baashkizigani-makak,NI,NI_C,NONE,UnpublishedOPD
noozheyaakig,noozheyaakigw2,NA,NA_Cw,NONE,https://ojibwe.lib.umn.edu/main-entry/noozheyaakig-na
giizhikisag,giizhikisagw2,NA,NA_Cw,NONE,https://ojibwe.lib.umn.edu/main-entry/giizhikisag-na
giziibiigiiwigamig,giziibiigiiwigamigw2,NI,NI_Cw,NONE,https://ojibwe.lib.umn.edu/main-entry/giziibiigiiwigamig-ni
bagida'waawin,bagida'waawin,NI,NI_C,NONE,https://ojibwe.lib.umn.edu/main-entry/bagida-waawin-ni
ashkaatig,ashkaatigw2,NA,NA_Cw,NONE,https://ojibwe.lib.umn.edu/main-entry/ashkaatig-na
waawaashkeshiwipigay,waawaashkeshiwipigay,NA,NA_C,NONE,https://ojibwe.lib.umn.edu/main-entry/waawaashkeshiwipigay-na
zhawenjigewin,zhawenjigewin,NI,NI_C,NONE,https://ojibwe.lib.umn.edu/main-entry/zhawenjigewin-ni
zhazhiibitamowin,zhazhiibitamowin,NI,NI_C,NONE,https://ojibwe.lib.umn.edu/main-entry/zhazhiibitamowin-ni
waawaashkeshiwidoodikosiw,waawaashkeshiwidoodikosiw,NA,NA_C,NONE,https://ojibwe.lib.umn.edu/main-entry/waawaashkeshiwidoodikosiw-na
giziibiiwinaagan,giziibiiwinaagan,NI,NI_C,NONE,https://ojibwe.lib.umn.edu/main-entry/giziibiiwinaagan-ni
nizhinis,nizhinis,NAD,NAD_C,NONE,https://ojibwe.lib.umn.edu/main-entry/nizhinis-nad
baataaziwin,baataaziwin,NI,NI_C,NONE,https://ojibwe.lib.umn.edu/main-entry/baataaziwin-ni
makadewikonaye,makadewikonayew2,NA,NA_VV,NONE,https://ojibwe.lib.umn.edu/main-entry/makadewikonaye-na
gizhinis,gizhinis,NAD,NAD_C,NONE,https://ojibwe.lib.umn.edu/main-entry/gizhinis-nad
azaadiiwanakoons,azaadiiwanakoons,NI,NI_C,NONE,https://ojibwe.lib.umn.edu/main-entry/azaadiiwanakoons-ni
mishiiwaatigosag,mishiiwaatigosagw2,NI,NI_Cw,NONE,https://ojibwe.lib.umn.edu/main-entry/mishiiwaatigosag-ni
anim,animw2,NA,NA_Cw,NONE,UnpublishedOPD
gookooshens,gookooshens,NA,NA_C,NONE,https://ojibwe.lib.umn.edu/main-entry/gookooshens-na
amikodoodikosiw,amikodoodikosiw,NA,NA_C,NONE,https://ojibwe.lib.umn.edu/main-entry/amikodoodikosiw-na
gayaashko-minisaabik,gayaashko-minisaabikw2,NI,NI_Cw,NONE,https://ojibwe.lib.umn.edu/main-entry/gayaashko-minisaabik-ni
gete-ozhibii'igan,gete-ozhibii'igan,NI,NI_C,NONE,https://ojibwe.lib.umn.edu/main-entry/gete-ozhibii-igan-ni
jiideyaaby,jiideyaaby2,NID,NID_Cy,NONE,https://ojibwe.lib.umn.edu/main-entry/ojiideyaab-nid
amikoshkiinzhig,amikoshkiinzhigw2,NI,NI_Cw,NONE,https://ojibwe.lib.umn.edu/main-entry/amikoshkiinzhig-ni
odenaniw,odenaniw,NI,NI_C,NONE,https://ojibwe.lib.umn.edu/main-entry/odenaniw-ni
maji-izhiwebiziwin,maji-izhiwebiziwin,NI,NI_C,NONE,UnpublishedOPD
iibid,iibid,NID,NID_C,NONE,https://ojibwe.lib.umn.edu/main-entry/giibid-nid
amikobwaam,amikobwaam,NI,NI_C,NONE,https://ojibwe.lib.umn.edu/main-entry/amikobwaam-ni
miskopwaaganasin,miskopwaaganasiny1,NA,NA_VVny,NONE,https://ojibwe.lib.umn.edu/main-entry/miskopwaaganasin-na
gagiikwewin,gagiikwewin,NI,NI_C,NONE,https://ojibwe.lib.umn.edu/main-entry/gagiikwewin-ni
makadepwaaganasin,makadepwaaganasiny1,NA,NA_VVny,NONE,https://ojibwe.lib.umn.edu/main-entry/makadepwaaganasin-na
amikoonsens,amikoonsens,NA,NA_C,NONE,https://ojibwe.lib.umn.edu/main-entry/amikoonsens-na
animoshkiinzhig,animoshkiinzhigw2,NI,NI_Cw,NONE,https://ojibwe.lib.umn.edu/main-entry/animoshkiinzhig-ni
gagwejiiwigamig,gagwejiiwigamigw2,NI,NI_Cw,NONE,https://ojibwe.lib.umn.edu/main-entry/gagwejiiwigamig-ni
agajiwin,agajiwin,NI,NI_C,NONE,https://ojibwe.lib.umn.edu/main-entry/agajiwin-ni
makademik,makademikw2,NA,NA_Cw,NONE,https://ojibwe.lib.umn.edu/main-entry/makademik-na
biibaagadaawaagewinini,biibaagadaawaagewininiw2,NA,NA_Vw,NONE,UnpublishedOPD
wiiyaakwa'igan,wiiyaakwa'igan,NI,NI_C,NONE,https://ojibwe.lib.umn.edu/main-entry/wiiyaakwa-igan-ni
zhooniyaa-makak,zhooniyaa-makakw2,NI,NI_Cw,NONE,https://ojibwe.lib.umn.edu/main-entry/zhooniyaa-makak-ni
aatawe'ishkodawewidaabaan,aatawe'ishkodawewidaabaan,NI,NI_C,NONE,https://ojibwe.lib.umn.edu/main-entry/aatawe-ishkodawewidaabaan-ni
zinap,zinap,NA,NA_C,NONE,https://ojibwe.lib.umn.edu/main-entry/zinap-na
amikwaazh,amikwaazh,NI,NI_C,NONE,https://ojibwe.lib.umn.edu/main-entry/amikwaazh-ni
biiwaabiko-moozhwaagan,biiwaabiko-moozhwaagan,NI,NI_C,NONE,https://ojibwe.lib.umn.edu/main-entry/biiwaabiko-moozhwaagan-ni
amiko-wiiyaakwa'igan,amiko-wiiyaakwa'igan,NI,NI_C,NONE,https://ojibwe.lib.umn.edu/main-entry/amiko-wiiyaakwa-igan-ni
ozaawaa-zhooniyaawaabik,ozaawaa-zhooniyaawaabikw2,NA,NA_Cw,NONE,https://ojibwe.lib.umn.edu/main-entry/ozaawaa-zhooniyaawaabik-na
niisiigininjaan,niisiigininjaan,NI,NI_C,NONE,https://ojibwe.lib.umn.edu/main-entry/niisiigininjaan-ni
biidaajimowin,biidaajimowin,NI,NI_C,NONE,https://ojibwe.lib.umn.edu/main-entry/biidaajimowin-ni
giishkashkosiwezhigani-moozhwaagan,giishkashkosiwezhigani-moozhwaagan,NI,NI_C,NONE,https://ojibwe.lib.umn.edu/main-entry/giishkashkosiwezhigani-moozhwaagan-ni
makoonsens,makoonsens,NA,NA_C,NONE,https://ojibwe.lib.umn.edu/main-entry/makoonsens-na
bakinaagewin,bakinaagewin,NI,NI_C,NONE,https://ojibwe.lib.umn.edu/main-entry/bakinaagewin-ni
waabiganidaabaan,waabiganidaabaan,NA,NA_C,NONE,https://ojibwe.lib.umn.edu/main-entry/waabiganidaabaan-na
niisiigizidaan,niisiigizidaan,NI,NI_C,NONE,https://ojibwe.lib.umn.edu/main-entry/niisiigizidaan-ni
ojiigi-wiiyaakwa'igan,ojiigi-wiiyaakwa'igan,NI,NI_C,NONE,https://ojibwe.lib.umn.edu/main-entry/ojiigi-wiiyaakwa-igan-ni
mitigoonsiwi-moozhwaagan,mitigoonsiwi-moozhwaagan,NI,NI_C,NONE,UnpublishedOPD
makobwaam,makobwaam,NI,NI_C,NONE,https://ojibwe.lib.umn.edu/main-entry/makobwaam-ni
waabi-makwa,waabi-makwaw2,NA,NA_ShortCw,NONE,https://ojibwe.lib.umn.edu/main-entry/waabi-makwa-na
gina'amaadiwin,gina'amaadiwin,NI,NI_C,NONE,https://ojibwe.lib.umn.edu/main-entry/gina-amaadiwin-ni
daashkiga'igewi-waagaakwad,daashkiga'igewi-waagaakwadw2,NI,NI_Cw,NONE,https://ojibwe.lib.umn.edu/main-entry/daashkiga-igewi-waagaakwad-ni
biimaskwa'igan,biimaskwa'igan,NI,NI_C,NONE,https://ojibwe.lib.umn.edu/main-entry/biimaskwa-igan-ni
misko-waagosh,misko-waagosh,NA,NA_C,NONE,https://ojibwe.lib.umn.edu/main-entry/misko-waagosh-na
nibwaakaawin,nibwaakaawin,NI,NI_C,NONE,https://ojibwe.lib.umn.edu/main-entry/nibwaakaawin-ni
anishinaabe-gaagiigidowin,anishinaabe-gaagiigidowin,NI,NI_C,NONE,https://ojibwe.lib.umn.edu/main-entry/anishinaabe-gaagiigidowin-ni-c5d4923d-eeb5-448f-8c44-3b260c1c2653
waawiindamaagewin,waawiindamaagewin,NI,NI_C,NONE,https://ojibwe.lib.umn.edu/main-entry/waawiindamaagewin-ni
gikendaasowin,gikendaasowin,NI,NI_C,NONE,https://ojibwe.lib.umn.edu/main-entry/gikendaasowin-ni
eyiidawaabidewi-waagaakwad,eyiidawaabidewi-waagaakwadw2,NI,NI_Cw,NONE,https://ojibwe.lib.umn.edu/main-entry/eyiidawaabidewi-waagaakwad-ni
badakiga'igan,badakiga'igan,NI,NI_C,NONE,https://ojibwe.lib.umn.edu/main-entry/badakiga-igan-ni
biimasko-zagaakwa'igan,biimasko-zagaakwa'igan,NI,NI_C,NONE,https://ojibwe.lib.umn.edu/main-entry/biimasko-zagaakwa-igan-ni
anami'aawin,anami'aawin,NI,NI_C,NONE,https://ojibwe.lib.umn.edu/main-entry/anami-aawin-ni
agoojiganaabikoons,agoojiganaabikoons,NI,NI_C,NONE,https://ojibwe.lib.umn.edu/main-entry/agoojiganaabikoons-ni
agokiwasiganeyaab,agokiwasiganeyaaby2,NI,NI_Cy,NONE,https://ojibwe.lib.umn.edu/main-entry/agokiwasiganeyaab-ni
dakwanjiganaabikoons,dakwanjiganaabikoons,NI,NI_C,NONE,https://ojibwe.lib.umn.edu/main-entry/dakwanjiganaabikoons-ni
wiiyaasiwi-giishkiboojigan,wiiyaasiwi-giishkiboojigan,NI,NI_C,NONE,https://ojibwe.lib.umn.edu/main-entry/wiiyaasiwi-giishkiboojigan-ni
jibaakwewi-gizhaabikizigan,jibaakwewi-gizhaabikizigan,NI,NI_C,NONE,https://ojibwe.lib.umn.edu/main-entry/jibaakwewi-gizhaabikizigan-ni
boodaajiganens,boodaajiganens,NI,NI_C,NONE,https://ojibwe.lib.umn.edu/main-entry/boodaajiganens-ni
bashanzhe'iganeyaab,bashanzhe'iganeyaaby2,NI,NI_Cy,NONE,https://ojibwe.lib.umn.edu/main-entry/bashanzhe-iganeyaab-ni
maagwaakwa'igan,maagwaakwa'igan,NI,NI_C,NONE,https://ojibwe.lib.umn.edu/main-entry/maagwaakwa-igan-ni
onwaachigewin,onwaachigewin,NI,NI_C,NONE,https://ojibwe.lib.umn.edu/main-entry/onwaachigewin-ni
bagonezigwa'igan,bagonezigwa'igan,NI,NI_C,NONE,https://ojibwe.lib.umn.edu/main-entry/bagonezigwa-igan-ni
abaagamide-nibi,abaagamide-niby2,NI,NI_ShortCy,NONE,https://ojibwe.lib.umn.edu/main-entry/abaagamide-nibi-ni
maagwaakwa'iganaabik,maagwaakwa'iganaabikw2,NI,NI_Cw,NONE,https://ojibwe.lib.umn.edu/main-entry/maagwaakwa-iganaabik-ni
waaboozekonikaanaak,waaboozekonikaanaakw2,NI,NI_Cw,NONE,https://ojibwe.lib.umn.edu/main-entry/waaboozekonikaanaak-ni
biiwaabiko-bakizhigan,biiwaabiko-bakizhigan,NI,NI_C,NONE,https://ojibwe.lib.umn.edu/main-entry/biiwaabiko-bakizhigan-ni
bimijaagaakwad,bimijaagaakwadw2,NI,NI_Cw,NONE,https://ojibwe.lib.umn.edu/main-entry/bimijaagaakwad-ni
bimiwizhiwewigamig,bimiwizhiwewigamigw2,NI,NI_Cw,NONE,https://ojibwe.lib.umn.edu/main-entry/bimiwizhiwewigamig-ni
apaabikinigan,apaabikinigan,NA,NA_C,NONE,https://ojibwe.lib.umn.edu/main-entry/apaabikinigan-na
gichi-ojichaag,gichi-ojichaagw2,NA,NA_Cw,NONE,UnpublishedOPD
mashkosii-gitigaan,mashkosii-gitigaan,NI,NI_C,NONE,UnpublishedOPD
bakonigewi-mookomaan,bakonigewi-mookomaan,NI,NI_C,NONE,https://ojibwe.lib.umn.edu/main-entry/bakonigewi-mookomaan-ni
waasamoowidaabaan,waasamoowidaabaan,NI,NI_C,NONE,https://ojibwe.lib.umn.edu/main-entry/waasamoowidaabaan-ni
mitigo-negwaakwaan,mitigo-negwaakwaan,NI,NI_C,NONE,https://ojibwe.lib.umn.edu/main-entry/mitigo-negwaakwaan-ni
baataa-izhiwebiziwin,baataa-izhiwebiziwin,NI,NI_C,NONE,https://ojibwe.lib.umn.edu/main-entry/baataa-izhiwebiziwin-ni
biitwegizhigewikomaan,biitwegizhigewikomaan,NI,NI_C,NONE,https://ojibwe.lib.umn.edu/main-entry/biitwegizhigewikomaan-ni
ziniskiigomaan,ziniskiigomaan,NA,NA_C,NONE,UnpublishedOPD
ziiniskiigomaan,ziiniskiigomaan,NA,NA_C,NONE,https://ojibwe.lib.umn.edu/main-entry/ziiniskiigomaan-na
mookiweba'igan,mookiweba'igan,NI,NI_C,NONE,https://ojibwe.lib.umn.edu/main-entry/mookiweba-igan-ni
baakisagiweba'igan,baakisagiweba'igan,NI,NI_C,NONE,https://ojibwe.lib.umn.edu/main-entry/baakisagiweba-igan-ni
amiko-dakoniwewinini,amiko-dakoniwewininiw2,NA,NA_Vw,NONE,UnpublishedOPD
weba'aagonaan,weba'aagonaan,NI,NI_C,NONE,https://ojibwe.lib.umn.edu/main-entry/weba-aagonaan-ni
naada'ibiiwakik,naada'ibiiwakikw2,NA,NA_Cw,NONE,https://ojibwe.lib.umn.edu/main-entry/naada-ibiiwakik-na
bashkasab,bashkasaby2,NA,NA_Cy,NONE,https://ojibwe.lib.umn.edu/main-entry/bashkasab-na
naada'ibiiwaatig,naada'ibiiwaatigw2,NI,NI_Cw,NONE,https://ojibwe.lib.umn.edu/main-entry/naada-ibiiwaatig-ni
okikaandago-bigiw,okikaandago-bigiw,NA,NA_C,NONE,https://ojibwe.lib.umn.edu/main-entry/okikaandago-bigiw-ni
mizizaakoons,mizizaakoons,NA,NA_C,NONE,https://ojibwe.lib.umn.edu/main-entry/mizizaakoons-na
zagwasab,zagwasaby2,NA,NA_Cy,NONE,https://ojibwe.lib.umn.edu/main-entry/zagwasab-na
zesegaandago-bigiw,zesegaandago-bigiw,NA,NA_C,NONE,https://ojibwe.lib.umn.edu/main-entry/zesegaandago-bigiw-ni
mina'igo-bigiw,mina'igo-bigiw,NA,NA_C,NONE,https://ojibwe.lib.umn.edu/main-entry/mina-igo-bigiw-ni
wiigobiibag,wiigobiibagw2,NI,NI_Cw,NONE,https://ojibwe.lib.umn.edu/main-entry/wiigobiibag-ni
aataweyaabaawajigan,aataweyaabaawajigan,NI,NI_C,NONE,https://ojibwe.lib.umn.edu/main-entry/aataweyaabaawajigan-ni
zaga'igaans,zaga'igaans,NI,NI_C,NONE,https://ojibwe.lib.umn.edu/main-entry/zaga-igaans-ni
gaashkakamiga'igan,gaashkakamiga'igan,NI,NI_C,NONE,https://ojibwe.lib.umn.edu/main-entry/gaashkakamiga-igan-ni
zhaabowebinigan,zhaabowebinigan,NI,NI_C,NONE,https://ojibwe.lib.umn.edu/main-entry/zhaabowebinigan-ni
gichi-desinaagan,gichi-desinaagan,NI,NI_C,NONE,https://ojibwe.lib.umn.edu/main-entry/gichi-desinaagan-ni
mashkode-bizhikiwayaan,mashkode-bizhikiwayaan,NA,NA_C,NONE,https://ojibwe.lib.umn.edu/main-entry/mashkode-bizhikiwayaan-na
gagwejiganaandiwin,gagwejiganaandiwin,NI,NI_C,NONE,https://ojibwe.lib.umn.edu/main-entry/gagwejiganaandiwin-ni
waasigani-waazakonenjigan,waasigani-waazakonenjigan,NI,NI_C,NONE,https://ojibwe.lib.umn.edu/main-entry/waasigani-waazakonenjigan-ni
mandaaminashk,mandaaminashkw2,NA,NA_Cw,NONE,https://ojibwe.lib.umn.edu/main-entry/mandaaminashk-na
giziingwe'onens,giziingwe'onens,NI,NI_C,NONE,https://ojibwe.lib.umn.edu/main-entry/giziingwe-onens-ni
gimoodiiwinini,gimoodiiwininiw2,NA,NA_Vw,NONE,https://ojibwe.lib.umn.edu/main-entry/gimoodiiwinini-na
gimoodiiwikwe,gimoodiiwikwew2,NA,NA_VV,NONE,https://ojibwe.lib.umn.edu/main-entry/gimoodiiwikwe-na
mandaaminashkoowigamig,mandaaminashkoowigamigw2,NI,NI_Cw,NONE,https://ojibwe.lib.umn.edu/main-entry/mandaaminashkoowigamig-ni
gimiwanaanakwad,gimiwanaanakwadw2,NI,NI_Cw,NONE,https://ojibwe.lib.umn.edu/main-entry/gimiwanaanakwad-ni
giishkaagone'igan,giishkaagone'igan,NI,NI_C,NONE,https://ojibwe.lib.umn.edu/main-entry/giishkaagone-igan-ni
jiimaanikewinini,jiimaanikewininiw2,NA,NA_Vw,NONE,https://ojibwe.lib.umn.edu/main-entry/jiimaanikewinini-na
giishkiganjigan,giishkiganjigan,NI,NI_C,NONE,https://ojibwe.lib.umn.edu/main-entry/giishkiganjigan-ni
amiko-giishkiganjigan,amiko-giishkiganjigan,NI,NI_C,NONE,UnpublishedOPD
waabi-bizhiki,waabi-bizhikiw2,NA,NA_Vw,NONE,https://ojibwe.lib.umn.edu/main-entry/waabi-bizhiki-na
waazh,waazh,NI,NI_C,NONE,https://ojibwe.lib.umn.edu/main-entry/waazh-ni
babaamaashiiwinini,babaamaashiiwininiw2,NA,NA_Vw,NONE,https://ojibwe.lib.umn.edu/main-entry/babaamaashiiwinini-na
giziibiigisaginigewinini,giziibiigisaginigewininiw2,NA,NA_Vw,NONE,https://ojibwe.lib.umn.edu/main-entry/giziibiigisaginigewinini-na
oshkidaabaan,oshkidaabaan,NI,NI_C,NONE,https://ojibwe.lib.umn.edu/main-entry/oshkidaabaan-ni
webiniwewin,webiniwewin,NI,NI_C,NONE,https://ojibwe.lib.umn.edu/main-entry/webiniwewin-ni
aazhowaatig,aazhowaatigw2,NI,NI_Cw,NONE,UnpublishedOPD
bakwajisaga'igan,bakwajisaga'igan,NI,NI_C,NONE,https://ojibwe.lib.umn.edu/main-entry/bakwajisaga-igan-ni
oshki-ozhibii'igan,oshki-ozhibii'igan,NI,NI_C,NONE,https://ojibwe.lib.umn.edu/main-entry/oshki-ozhibii-igan-ni
ozaawi-mishiiminaabo,ozaawi-mishiiminaabow2,NI,NI_Vw,NONE,https://ojibwe.lib.umn.edu/main-entry/ozaawi-mishiiminaabo-ni
akiwenzii-ziinzibaakwad,akiwenzii-ziinzibaakwadw2,NI,NI_Cw,NONE,https://ojibwe.lib.umn.edu/main-entry/akiwenzii-ziinzibaakwad-ni
bikwaakwado-ziinzibaakwad,bikwaakwado-ziinzibaakwadw2,NI,NI_Cw,NONE,https://ojibwe.lib.umn.edu/main-entry/bikwaakwado-ziinzibaakwad-ni
azhebowe-jiimaan,azhebowe-jiimaan,NI,NI_C,NONE,https://ojibwe.lib.umn.edu/main-entry/azhebowe-jiimaan-ni
azhebowewi-jiimaan,azhebowewi-jiimaan,NI,NI_C,NONE,https://ojibwe.lib.umn.edu/main-entry/azhebowewi-jiimaan-ni
bimaatigwewi-naabikwaan,bimaatigwewi-naabikwaan,NI,NI_C,NONE,https://ojibwe.lib.umn.edu/main-entry/bimaatigwewi-jiimaan-ni
giigoonyensikaan,giigoonyensikaan,NA,NA_C,NONE,https://ojibwe.lib.umn.edu/main-entry/giigoonyensikaan-na
naabigwa'oojigan,naabigwa'oojigan,NI,NI_C,NONE,https://ojibwe.lib.umn.edu/main-entry/naabigwa-oojigan-ni
wewebanaabiiwin,wewebanaabiiwin,NI,NI_C,NONE,https://ojibwe.lib.umn.edu/main-entry/wewebanaabiiwin-ni
ininiwaya'aa,ininiwaya'aaw2,NA,NA_VV,NONE,https://ojibwe.lib.umn.edu/main-entry/ininiwaya-aa-na
ikwewaya'aa,ikwewaya'aaw2,NA,NA_VV,NONE,https://ojibwe.lib.umn.edu/main-entry/ikwewaya-aa-na
doodooshaaboo-bimidewikaan,doodooshaaboo-bimidewikaan,NI,NI_C,NONE,https://ojibwe.lib.umn.edu/main-entry/doodooshaaboo-bimidewikaan-ni
wiidigendiwin,wiidigendiwin,NI,NI_C,NONE,https://ojibwe.lib.umn.edu/main-entry/wiidigendiwin-ni
zinigobizhiwewinini,zinigobizhiwewininiw2,NA,NA_Vw,NONE,https://ojibwe.lib.umn.edu/main-entry/zinigobizhiwewinini-na
zinigobizhiwewikwe,zinigobizhiwewikwew2,NA,NA_VV,NONE,https://ojibwe.lib.umn.edu/main-entry/zinigobizhiwewikwe-na
waabishkizhigan,waabishkizhigan,NI,NI_C,NONE,UnpublishedOPD
ziinzoondibepison,ziinzoondibepison,NI,NI_C,NONE,https://ojibwe.lib.umn.edu/main-entry/ziinzoondibepison-ni
ishkwejiiyaagan,ishkwejiiyaagan,NA,NA_C,NONE,https://ojibwe.lib.umn.edu/main-entry/ishkwejiiyaagan-na
ishkwe-oodena,ishkwe-oodenaw2,NI,NI_Vw,NONE,https://ojibwe.lib.umn.edu/main-entry/ishkwe-oodena-ni
wanakojaan,wanakojaan,NI,NI_C,NONE,https://ojibwe.lib.umn.edu/main-entry/wanakojaan-ni
wanakoninj,wanakoninjy2,NI,NI_Cy,NONE,https://ojibwe.lib.umn.edu/main-entry/wanakoninj-ni
wanakozid,wanakozid,NI,NI_C,NONE,https://ojibwe.lib.umn.edu/main-entry/wanakozid-ni
moozo-boodaajigan,moozo-boodaajigan,NI,NI_C,NONE,https://ojibwe.lib.umn.edu/main-entry/moozo-boodaajigan-ni
gagiikwewikwe,gagiikwewikwew2,NA,NA_VV,NONE,https://ojibwe.lib.umn.edu/main-entry/gagiikwewikwe-na
aawadaasoowidaabaanens,aawadaasoowidaabaanens,NI,NI_C,NONE,https://ojibwe.lib.umn.edu/main-entry/aawadaasoowidaabaanens-ni
mashkiigiminaganzh,mashkiigiminaganzhy2,NI,NI_Cy,NONE,https://ojibwe.lib.umn.edu/main-entry/mashkiigiminaganzh-ni
gizhaabate-gizhaabikizigan,gizhaabate-gizhaabikizigan,NI,NI_C,NONE,https://ojibwe.lib.umn.edu/main-entry/gizhaabate-gizhaabikizigan-ni
waaboozokana,waaboozokan,NI,NI_Kana,NONE,UnpublishedOPD
babaamizii-mashkimod,babaamizii-mashkimod,NI,NI_C,NONE,https://ojibwe.lib.umn.edu/main-entry/babaamizii-mashkimod-ni
ojibwewinini,ojibwewininiw2,NA,NA_Vw,NONE,https://ojibwe.lib.umn.edu/main-entry/ojibwewinini-na
ziinzibaakwadowinaagan,ziinzibaakwadowinaagan,NI,NI_C,NONE,https://ojibwe.lib.umn.edu/main-entry/ziinzibaakwadowinaagan-ni
mashkiigobagwaabo,mashkiigobagwaabow2,NI,NI_Vw,NONE,https://ojibwe.lib.umn.edu/main-entry/mashkiigobagwaabo-ni
mashkiigobagwaaboo-nitii,mashkiigobagwaaboo-nitiiw2,NI,NI_VV,NONE,UnpublishedOPD
gookooshiwi-bimide,gookooshiwi-bimidew2,NI,NI_VV,NONE,https://ojibwe.lib.umn.edu/main-entry/gookooshiwi-bimide-ni
gwekiwebiniganens,gwekiwebiniganens,NA,NA_C,NONE,https://ojibwe.lib.umn.edu/main-entry/gweikwebiniganens-na
wanashkidiigwan,wanashkidiigwan,NA,NA_C,NONE,https://ojibwe.lib.umn.edu/main-entry/wanashkidiigwan-na
zhiishiibaawan,zhiishiibaawanw2,NI,NI_Cw,NONE,https://ojibwe.lib.umn.edu/main-entry/zhiishiibaawan-ni
naabe-bineshiinh,naabe-bineshiiny1,NA,NA_VVny,NONE,https://ojibwe.lib.umn.edu/main-entry/naabe-bineshiinh-na
noozhe-bineshiinh,noozhe-bineshiiny1,NA,NA_VVny,NONE,https://ojibwe.lib.umn.edu/main-entry/noozhe-bineshiinh-na
gijigi-moozhwaagan,gijigi-moozhwaagan,NI,NI_C,NONE,https://ojibwe.lib.umn.edu/main-entry/gijigi-moozhwaagan-ni
misko-miigwan,misko-miigwan,NA,NA_C,NONE,https://ojibwe.lib.umn.edu/main-entry/misko-miigwan-na
mookomaanaatig,mookomaanaatigw2,NI,NI_Cw,NONE,https://ojibwe.lib.umn.edu/main-entry/mookomaanaatig-ni
zhagashka'igewi-mookomaan,zhagashka'igewi-mookomaan,NI,NI_C,NONE,https://ojibwe.lib.umn.edu/main-entry/zhagashka-igewi-mookomaan-ni
bapakite'iganiwazh,bapakite'iganiwazh,NI,NI_C,NONE,https://ojibwe.lib.umn.edu/main-entry/bapakite-iganiwazh-ni
bagonezigoboojigan,bagonezigoboojigan,NI,NI_C,NONE,https://ojibwe.lib.umn.edu/main-entry/bagonezigoboojigan-ni
biimaabide'igan,biimaabide'igan,NI,NI_C,NONE,https://ojibwe.lib.umn.edu/main-entry/biimaabide-igan-ni
bimibidewi-giishkiboojiganeyaab,bimibidewi-giishkiboojiganeyaaby2,NI,NI_Cy,NONE,https://ojibwe.lib.umn.edu/main-entry/bimibidewi-giishkiboojiganeyaab-ni
gichi-giishkiboojigan,gichi-giishkiboojigan,NI,NI_C,NONE,https://ojibwe.lib.umn.edu/main-entry/gichi-giishkiboojigan-ni
giishkiboojiganaak,giishkiboojiganaakw2,NI,NI_Cw,NONE,https://ojibwe.lib.umn.edu/main-entry/giishkiboojiganaak-ni
gichi-emikwaanens,gichi-emikwaanens,NI,NI_C,NONE,https://ojibwe.lib.umn.edu/main-entry/gichi-emikwaanens-ni
ozhaawishkogwan,ozhaawishkogwan,NA,NA_C,NONE,UnpublishedOPD
bagaki-ozaawigwan,bagaki-ozaawigwan,NA,NA_C,NONE,https://ojibwe.lib.umn.edu/main-entry/bagaki-ozaawigwan-na
gaagaagiwazison,gaagaagiwazison,NI,NI_C,NONE,https://ojibwe.lib.umn.edu/main-entry/gaagaagiwazison-ni
diniigan,diniigan,NID,NID_C,NONE,https://ojibwe.lib.umn.edu/main-entry/indiniigan-nid
apagijwebinigan,apagijwebinigan,NI,NI_C,NONE,UnpublishedOPD
webinigan,webinigan,NI,NI_C,NONE,https://ojibwe.lib.umn.edu/main-entry/webinigan-ni
bookodoons,bookodoons,NA,NA_C,NONE,UnpublishedOPD
wiidookodaadiwin,wiidookodaadiwin,NI,NI_C,NONE,https://ojibwe.lib.umn.edu/main-entry/wiidookodaadiwin-ni
omba'iganaabik,omba'iganaabikw2,NI,NI_Cw,NONE,https://ojibwe.lib.umn.edu/main-entry/omba-iganaabik-ni
eshkanaatig,eshkanaatigw2,NI,NI_Cw,NONE,https://ojibwe.lib.umn.edu/main-entry/eshkanaatig-ni
andoojii'iganaak,andoojii'iganaakw2,NI,NI_Cw,NONE,https://ojibwe.lib.umn.edu/main-entry/andoojii-iganaak-ni
giikanaabasigan,giikanaabasigan,NA,NA_C,NONE,https://ojibwe.lib.umn.edu/main-entry/giikanaabasigan-na
waabishki-miigwan,waabishki-miigwan,NA,NA_C,NONE,https://ojibwe.lib.umn.edu/main-entry/waabishki-miigwan-na
ozaawi-miigwan,ozaawi-miigwan,NA,NA_C,NONE,https://ojibwe.lib.umn.edu/main-entry/ozaawi-miigwan-na
bagaki-ozaawi-miigwan,bagaki-ozaawi-miigwan,NA,NA_C,NONE,https://ojibwe.lib.umn.edu/main-entry/bagaki-ozaawi-miigwan-na
waabijiigwan,waabijiigwan,NA,NA_C,NONE,https://ojibwe.lib.umn.edu/main-entry/waabijiigwan-na
jiimaaniigino-jiimaan,jiimaaniigino-jiimaan,NI,NI_C,NONE,https://ojibwe.lib.umn.edu/main-entry/jiimaaniigino-jiimaan-ni
manoominijiibik,manoominijiibik,NI,NI_aa,NONE,https://ojibwe.lib.umn.edu/main-entry/manoominijiibik-ni
biisi-zhingwaak,biisi-zhingwaakw2,NA,NA_Cw,NONE,UnpublishedOPD
okikaandagwaandag,okikaandagwaandagw2,NA,NA_Cw,NONE,https://ojibwe.lib.umn.edu/main-entry/okikaandagwaandag-na
okikaandagwanagek,okikaandagwanagekw2,NA,NA_irrCw,NONE,https://ojibwe.lib.umn.edu/main-entry/okikaandagwanagek-na
zesegaandagwanagek,zesegaandagwanagekw2,NA,NA_irrCw,NONE,https://ojibwe.lib.umn.edu/main-entry/zesegaandagwanagek-na
wanakoshkinzh,wanakoshkinzhy2,NI,NI_Cy,NONE,https://ojibwe.lib.umn.edu/main-entry/wanakoshkinzh-ni-8f9cc595-629b-4d2a-838f-c0cc972ad2d1
gidimaagiziwin,gidimaagiziwin,NI,NI_C,NONE,https://ojibwe.lib.umn.edu/main-entry/gidimaagiziwin-ni
miigwechiwi-wiikondiwin,miigwechiwi-wiikondiwin,NI,NI_C,NONE,https://ojibwe.lib.umn.edu/main-entry/miigwechiwi-wiikondiwin-ni
zaaga'iganiiwaabo,zaaga'iganiiwaabow2,NI,NI_Vw,NONE,https://ojibwe.lib.umn.edu/main-entry/zaaga-iganiiwaabo-ni
baawitigwaabo,baawitigwaabow2,NI,NI_Vw,NONE,https://ojibwe.lib.umn.edu/main-entry/baawitigwaabo-ni
gizhewaadiziwin,gizhewaadiziwin,NI,NI_C,NONE,https://ojibwe.lib.umn.edu/main-entry/gizhewaadiziwin-ni
bagidanaamowin,bagidanaamowin,NI,NI_C,NONE,https://ojibwe.lib.umn.edu/main-entry/bagidanaamowin-ni
agwazhaan,agwazhaan,NA,NA_C,NONE,https://ojibwe.lib.umn.edu/main-entry/agwazhaan-na
gwayakwaadiziwin,gwayakwaadiziwin,NI,NI_C,NONE,https://ojibwe.lib.umn.edu/main-entry/gwayakwaadiziwin-ni
gwayakwendamowin,gwayakwendamowin,NI,NI_C,NONE,https://ojibwe.lib.umn.edu/main-entry/gwayakwendamowin-ni-0bf1e2b7-6347-4e03-a28b-d6427daea075
manaaji'idiwin,manaaji'idiwin,NI,NI_C,NONE,https://ojibwe.lib.umn.edu/main-entry/manaaji-idiwin-ni
dazhindiwin,dazhindiwin,NI,NI_C,NONE,https://ojibwe.lib.umn.edu/main-entry/dazhindiwin-ni
wiiji'idiwin,wiiji'idiwin,NI,NI_C,NONE,https://ojibwe.lib.umn.edu/main-entry/wiiji-idiwin-ni
baate-mashkiigimin,baate-mashkiigimin,NI,NI_C,NONE,https://ojibwe.lib.umn.edu/main-entry/baate-mashkiigimin-ni
giizhide-manoomin,giizhide-manoomin,NI,NI_C,NONE,https://ojibwe.lib.umn.edu/main-entry/giizhide-manoomin-ni
zhoominensiwi-bakwezhigan,zhoominensiwi-bakwezhigan,NA,NA_C,NONE,https://ojibwe.lib.umn.edu/main-entry/zhoominensiwi-bakwezhigan-na
ode'imini-bakwezhigan,ode'imini-bakwezhigan,NA,NA_C,NONE,https://ojibwe.lib.umn.edu/main-entry/ode-imini-bakwezhigan-na
miini-bakwezhigan,miini-bakwezhigan,NA,NA_C,NONE,https://ojibwe.lib.umn.edu/main-entry/miini-bakwezhigan-ni
mashkiigimini-bakwezhigan,mashkiigimini-bakwezhigan,NA,NA_C,NONE,https://ojibwe.lib.umn.edu/main-entry/mashkiigimini-bakwezhigan-na
manoomini-bakwezhigan,manoomini-bakwezhigan,NA,NA_C,NONE,https://ojibwe.lib.umn.edu/main-entry/manoomini-bakwezhigan-na
gichi-doodooshaabo,gichi-doodooshaabow2,NI,NI_Vw,NONE,https://ojibwe.lib.umn.edu/main-entry/gichi-doodooshaabo-ni
waasigani-bimidewatoobaan,waasigani-bimidewatoobaan,NI,NI_C,NONE,https://ojibwe.lib.umn.edu/main-entry/waasigani-bimidewatoobaan-ni
naabikwaanensiwi-ozhiga'iganens,naabikwaanensiwi-ozhiga'iganens,NI,NI_C,NONE,https://ojibwe.lib.umn.edu/main-entry/naabikwaanensiwi-ozhiga-iganens-ni
biijimaanjigewanimosh,biijimaanjigewanimosh,NA,NA_C,NONE,https://ojibwe.lib.umn.edu/main-entry/biijimaanjigewanimosh-na
giikanaabate-wiiyaas,giikanaabate-wiiyaas,NI,NI_C,NONE,https://ojibwe.lib.umn.edu/main-entry/giikanaabate-wiiyaas-ni
naajinizha'ige-mazina'igan,naajinizha'ige-mazina'igan,NI,NI_C,NONE,https://ojibwe.lib.umn.edu/main-entry/naajinizha-ige-mazina-igan-ni
mitigo-desabiwin,mitigo-desabiwin,NI,NI_C,NONE,https://ojibwe.lib.umn.edu/main-entry/mitigo-desabiwin-ni
baapaagi-desabiwin,baapaagi-desabiwin,NI,NI_C,NONE,https://ojibwe.lib.umn.edu/main-entry/baapaagi-desabiwin-ni
aandaabikijigan,aandaabikijigan,NI,NI_C,NONE,https://ojibwe.lib.umn.edu/main-entry/aandaabikijigan-ni
andwaabikibijigan,nandwaabikibijigan,NI,NI_C,NONE,https://ojibwe.lib.umn.edu/main-entry/andwaabikibijigan-ni
andwaabikibijigan,andwaabikibijigan,NI,NI_C,NONE,https://ojibwe.lib.umn.edu/main-entry/andwaabikibijigan-ni
biindasinaan,biindasinaan,NI,NI_C,NONE,https://ojibwe.lib.umn.edu/main-entry/biindasinaan-ni
biindaabaawajigan,biindaabaawajigan,NI,NI_C,NONE,https://ojibwe.lib.umn.edu/main-entry/biindaabaawajigan-ni
zhaagwenimowin,zhaagwenimowin,NI,NI_C,NONE,https://ojibwe.lib.umn.edu/main-entry/zhaagwenimowin-ni
nagadenimaagan,nagadenimaagan,NA,NA_C,NONE,https://ojibwe.lib.umn.edu/main-entry/nagadenimaagan-na
moozonagizh,moozonagizhy2,NI,NI_Cy,NONE,https://ojibwe.lib.umn.edu/main-entry/moozonagizh-ni
zhooshkwaada'ewasab,zhooshkwaada'ewasaby2,NA,NA_Cy,NONE,https://ojibwe.lib.umn.edu/main-entry/zhooshkwaada-ewasab-na
baashkiminasiganikaan,baashkiminasiganikaan,NI,NI_C,NONE,https://ojibwe.lib.umn.edu/main-entry/baashkiminasiganikaan-ni
bimiwanaatig,bimiwanaatigw2,NI,NI_Cw,NONE,https://ojibwe.lib.umn.edu/main-entry/bimiwanaatig-ni
zhaabokaawiziiwaapinewin,zhaabokaawiziiwaapinewin,NI,NI_C,NONE,https://ojibwe.lib.umn.edu/main-entry/zhaabokaawiziiwaapinewin-ni
ganwaapowin,ganwaapowin,NI,NI_C,NONE,UnpublishedOPD
mamaandaawichigewinini,mamaandaawichigewininiw2,NA,NA_Vw,NONE,https://ojibwe.lib.umn.edu/main-entry/mamaandaawichigewinini-na
gitizii-diba'amaagoowin,gitizii-diba'amaagoowin,NI,NI_C,NONE,https://ojibwe.lib.umn.edu/main-entry/gitizii-diba-amaagoowin-ni
ginebigobag,ginebigobagw2,NI,NI_Cw,NONE,https://ojibwe.lib.umn.edu/main-entry/ginebigobag-ni
gashkigwaasoowigamig,gashkigwaasoowigamigw2,NI,NI_Cw,NONE,https://ojibwe.lib.umn.edu/main-entry/gashkigwaasoowigamig-ni
biitoogamig,biitoogamigw2,NI,NI_Cw,NONE,https://ojibwe.lib.umn.edu/main-entry/biitoogamig-ni
ininaatigo-zhiiwaagamizigan,ininaatigo-zhiiwaagamizigan,NI,NI_C,NONE,https://ojibwe.lib.umn.edu/main-entry/ininaatigo-zhiiwaagamizigan-ni
dakigami-nibi,dakigami-niby2,NI,NI_ShortCy,NONE,https://ojibwe.lib.umn.edu/main-entry/dakigami-nibi-ni
gakakabwewin,gakakabwewin,NI,NI_C,NONE,https://ojibwe.lib.umn.edu/main-entry/gakakabwewin-ni
aakoziiwidaabaan,aakoziiwidaabaan,NI,NI_C,NONE,https://ojibwe.lib.umn.edu/main-entry/aakoziiwidaabaan-ni
waaboozo-miikana,waaboozo-miikan,NI,NI_Kana,NONE,https://ojibwe.lib.umn.edu/main-entry/waaboozo-miikana-ni
ajidamoo-miikana,ajidamoo-miikan,NI,NI_Kana,NONE,https://ojibwe.lib.umn.edu/main-entry/ajidamoo-miikana-ni
waawaashkeshiwi-miikana,waawaashkeshiwi-miikan,NI,NI_Kana,NONE,https://ojibwe.lib.umn.edu/main-entry/waawaashkeshiwi-miikana-ni
binesiwi-miikana,binesiwi-miikan,NI,NI_Kana,NONE,https://ojibwe.lib.umn.edu/main-entry/binesiwi-miikana-ni
gizhaagamidewimoodaabik,gizhaagamidewimoodaabikw2,NI,NI_Cw,NONE,https://ojibwe.lib.umn.edu/main-entry/gizhaagamidewimoodaabik-ni
nagamoo-mazina'igan,nagamoo-mazina'igan,NI,NI_C,NONE,https://ojibwe.lib.umn.edu/main-entry/nagamoo-mazina-igan-ni
nagamoshkwemag,nagamoshkwemagw2,NI,NI_Cw,NONE,https://ojibwe.lib.umn.edu/main-entry/nagamoshkwemag-ni
mazinibii'ige-mazina'igan,mazinibii'ige-mazina'igan,NI,NI_C,NONE,https://ojibwe.lib.umn.edu/main-entry/mazinibii-ige-mazina-igan-ni
mazinibii'igewikwe,mazinibii'igewikwew2,NA,NA_VV,NONE,https://ojibwe.lib.umn.edu/main-entry/mazinibii-igewikwe-na
zhaabwaakizon,zhaabwaakizon,NI,NI_C,NONE,https://ojibwe.lib.umn.edu/main-entry/zhaabwaakizon-ni
gagwejikanidiwin,gagwejikanidiwin,NI,NI_C,NONE,https://ojibwe.lib.umn.edu/main-entry/gagwejikanidiwin-ni
bengwaasijigan,bengwaasijigan,NI,NI_C,NONE,https://ojibwe.lib.umn.edu/main-entry/bengwaasijigan-ni
ikwewiwin,ikwewiwin,NI,NI_C,NONE,https://ojibwe.lib.umn.edu/main-entry/ikwewiwin-ni
waaboozotigwaan,waaboozotigwaan,NI,NI_C,NONE,https://ojibwe.lib.umn.edu/main-entry/waaboozotigwaan-ni
banaskwiiwagitaawigamig,banaskwiiwagitaawigamigw2,NI,NI_Cw,NONE,https://ojibwe.lib.umn.edu/main-entry/banaskwiiwagitaawigamig-ni
ozhikojigan,ozhikojigan,NI,NI_C,NONE,https://ojibwe.lib.umn.edu/main-entry/ozhikojigan-ni
biiwaakoboojigan,biiwaakoboojigan,NA,NA_C,NONE,https://ojibwe.lib.umn.edu/main-entry/biiwaakoboojigan-na
biisiboojigani-bakwezhigan,biisiboojigani-bakwezhigan,NA,NA_C,NONE,https://ojibwe.lib.umn.edu/main-entry/biisiboojigani-bakwezhigan-na
biisiboojigani-bakwezhiganens,biisiboojigani-bakwezhiganens,NA,NA_C,NONE,https://ojibwe.lib.umn.edu/main-entry/biisiboojigani-bakwezhiganens-na
nowaangigan,nowaangigan,NID,NID_C,NONE,UnpublishedOPD
gagwaadagendamowin,gagwaadagendamowin,NI,NI_C,NONE,https://ojibwe.lib.umn.edu/main-entry/gagwaadagendamowin-ni
nishkaadiziwin,nishkaadiziwin,NI,NI_C,NONE,https://ojibwe.lib.umn.edu/main-entry/nishkaadiziwin-ni
waabizheshiwanii'igan,waabizheshiwanii'igan,NI,NI_C,NONE,https://ojibwe.lib.umn.edu/main-entry/waabizheshiwanii-igan-ni
nigigo-bimide,nigigo-bimidew2,NI,NI_VV,NONE,https://ojibwe.lib.umn.edu/main-entry/nigigo-bimide-ni
wazhashko-bimide,wazhashko-bimidew2,NI,NI_VV,NONE,https://ojibwe.lib.umn.edu/main-entry/wazhashko-bimide-ni
we'wewi-bimide,we'wewi-bimidew2,NI,NI_VV,NONE,https://ojibwe.lib.umn.edu/main-entry/wewe-wi-bimide-ni
namewi-bimide,namewi-bimidew2,NI,NI_VV,NONE,https://ojibwe.lib.umn.edu/main-entry/namewi-bimide-ni
giigoonhwi-bimide,giigoonhwi-bimidew2,NI,NI_VV,NONE,https://ojibwe.lib.umn.edu/main-entry/giigoonhwi-bimide-ni
zhiishiibi-bimide,zhiishiibi-bimidew2,NI,NI_VV,NONE,https://ojibwe.lib.umn.edu/main-entry/zhiishiibi-bimide-ni
maanataaniiwinini,maanataaniiwininiw2,NA,NA_Vw,NONE,https://ojibwe.lib.umn.edu/main-entry/maanataaniiwinini-na
maanataanadaawewinini,maanataanadaawewininiw2,NA,NA_Vw,NONE,https://ojibwe.lib.umn.edu/main-entry/maanataanadaawewinini-na
odaabaani-waabimojichaagwaan,odaabaani-waabimojichaagwaan,NI,NI_C,NONE,UnpublishedOPD
ataason,ataason,NI,NI_C,NONE,https://ojibwe.lib.umn.edu/main-entry/ataason-ni
nitiiwinaaganens,nitiiwinaaganens,NI,NI_C,NONE,https://ojibwe.lib.umn.edu/main-entry/nitiiwinaaganens-ni
naboobiiwinaaganens,naboobiiwinaaganens,NI,NI_C,NONE,https://ojibwe.lib.umn.edu/main-entry/naboobiiwinaaganens-ni
mookomaanens,mookomaanens,NI,NI_C,NONE,https://ojibwe.lib.umn.edu/main-entry/mookomaanens-ni
naboobii-emikwaan,naboobii-emikwaan,NI,NI_C,NONE,https://ojibwe.lib.umn.edu/main-entry/naboobii-emikwaan-ni
zagaabiiginigewakik,zagaabiiginigewakikw2,NA,NA_Cw,NONE,https://ojibwe.lib.umn.edu/main-entry/zagaabiiginigewakik-na
zagaanowenigewakik,zagaanowenigewakikw2,NA,NA_Cw,NONE,https://ojibwe.lib.umn.edu/main-entry/zagaanowenigewakik-na
giziisaginigewinaagan,giziisaginigewinaagan,NI,NI_C,NONE,https://ojibwe.lib.umn.edu/main-entry/giziisaginigewinaagan-ni
mamigwaabika'igan,mamigwaabika'igan,NI,NI_C,NONE,https://ojibwe.lib.umn.edu/main-entry/mamigwaabika-igan-ni
ozaawaakizigan,ozaawaakizigan,NI,NI_C,NONE,https://ojibwe.lib.umn.edu/main-entry/ozaawaakizigan-ni
ozaawaakizigan,ozaawaakizigan,NA,NA_C,NONE,https://ojibwe.lib.umn.edu/main-entry/ozaawaakizigan-na
mashkawaakwajijigani-makak,mashkawaakwajijigani-makakw2,NI,NI_Cw,NONE,https://ojibwe.lib.umn.edu/main-entry/mashkawaakwajijigani-makak-ni
gizhaabatezigan,gizhaabatezigan,NI,NI_C,NONE,https://ojibwe.lib.umn.edu/main-entry/gizhaabatezigan-ni
zhaabwaatewinaagaans,zhaabwaatewinaagaans,NI,NI_C,NONE,https://ojibwe.lib.umn.edu/main-entry/zhaabwaatewinaagaans-ni
awazoo-gizhaabikizigan,awazoo-gizhaabikizigan,NI,NI_C,NONE,https://ojibwe.lib.umn.edu/main-entry/awazoo-gizhaabikizigan-ni
ataage-makak,ataage-makakw2,NI,NI_Cw,NONE,UnpublishedOPD
ataadiwin,ataadiwin,NI,NI_C,NONE,https://ojibwe.lib.umn.edu/main-entry/ataadiwin-ni
aazhawewesijigan,aazhawewesijigan,NI,NI_C,NONE,https://ojibwe.lib.umn.edu/main-entry/aazhawewesijigan-ni
wiisiniiwi-mitigoons,wiisiniiwi-mitigoons,NI,NI_C,NONE,https://ojibwe.lib.umn.edu/main-entry/wiisiniiwi-mitigoons-ni
waabishki-ma'iingan,waabishki-ma'iingan,NA,NA_C,NONE,https://ojibwe.lib.umn.edu/main-entry/waabishki-ma-iingan-na
waawiizhaandiwin,waawiizhaandiwin,NI,NI_C,NONE,https://ojibwe.lib.umn.edu/main-entry/waawiizhaandiwin-ni
naabizideshinowin,naabizideshinowin,NI,NI_C,NONE,https://ojibwe.lib.umn.edu/main-entry/naabizideshinowin-ni
ditibi-zhooshkwaada'aagan,ditibi-zhooshkwaada'aagan,NA,NA_C,NONE,https://ojibwe.lib.umn.edu/main-entry/ditibi-zhooshkwaada-aagan-na
anama'e-zhinawa'oojigan,anama'e-zhinawa'oojigan,NI,NI_C,NONE,https://ojibwe.lib.umn.edu/main-entry/anama-e-zhinawa-oojigan-ni
mikwamii-giishkiboojigan,mikwamii-giishkiboojigan,NI,NI_C,NONE,https://ojibwe.lib.umn.edu/main-entry/mikwamii-giishkiboojigan-ni
amiko-biiwanjigan,amiko-biiwanjigan,NI,NI_C,NONE,https://ojibwe.lib.umn.edu/main-entry/amiko-biiwanjigan-ni
waabozo-mowens,waabozo-mowens,NI,NI_C,NONE,https://ojibwe.lib.umn.edu/main-entry/waabozo-mowens-ni
manoominike-jiimaanens,manoominike-jiimaanens,NI,NI_C,NONE,https://ojibwe.lib.umn.edu/main-entry/manoominike-jiimaanens-ni
wiikwaakwa'igan,wiikwaakwa'igan,NI,NI_C,NONE,https://ojibwe.lib.umn.edu/main-entry/wiikwaakwa-igan-ni
niibini-bagidaabaan,niibini-bagidaabaan,NI,NI_C,NONE,https://ojibwe.lib.umn.edu/main-entry/niibini-bagidaabaan-ni
bibooni-bagidaabaan,bibooni-bagidaabaan,NI,NI_C,NONE,https://ojibwe.lib.umn.edu/main-entry/bibooni-bagidaabaan-ni
baaskikwe'owin,baaskikwe'owin,NI,NI_C,NONE,https://ojibwe.lib.umn.edu/main-entry/baaskikwe-owin-ni
waakaayaagibijigan,waakaayaagibijigan,NI,NI_C,NONE,https://ojibwe.lib.umn.edu/main-entry/waakaayaagibijigan-ni
babiizigaakizigan,babiizigaakizigan,NI,NI_C,NONE,https://ojibwe.lib.umn.edu/main-entry/babiizigaakizigan-ni
biitoo-midaasens,biitoo-midaasens,NI,NI_C,NONE,https://ojibwe.lib.umn.edu/main-entry/biitoo-midaasens-ni
giishkijii-midaas,giishkijii-midaas,NI,NI_C,NONE,https://ojibwe.lib.umn.edu/main-entry/giishkijii-midaas-ni
oshkiinzhigokaanens,oshkiinzhigokaanens,NI,NI_C,NONE,https://ojibwe.lib.umn.edu/main-entry/oshkiinzhigokaanens-ni
gaapiziganaabik,gaapiziganaabikw2,NI,NI_Cw,NONE,https://ojibwe.lib.umn.edu/main-entry/gaapiziganaabik-ni
gidashkibidewaabik,gidashkibidewaabikw2,NI,NI_Cw,NONE,https://ojibwe.lib.umn.edu/main-entry/gidashkibidewaabik-ni
miishaabiwinaan,miishaabiwinaan,NA,NA_C,NONE,UnpublishedOPD
mazinaabidoo'igani-naabikaagan,mazinaabidoo'igani-naabikaagan,NI,NI_C,NONE,https://ojibwe.lib.umn.edu/main-entry/mazinaabidoo-igani-naabikaagan-ni
oshkimagoodaas,oshkimagoodaas,NI,NI_C,NONE,https://ojibwe.lib.umn.edu/main-entry/oshkimagoodaas-ni
wanakonde'ogan,wanakonde'ogan,NI,NI_C,NONE,https://ojibwe.lib.umn.edu/main-entry/wanakonde-ogan-ni
adoopiibag,adoopiibagw2,NI,NI_Cw,NONE,https://ojibwe.lib.umn.edu/main-entry/adoopiibag-ni
azaadiibag,azaadiibagw2,NI,NI_Cw,NONE,https://ojibwe.lib.umn.edu/main-entry/azaadiibag-ni
asasaweminaganzh,asasaweminaganzhy2,NA,NA_Cy,NONE,https://ojibwe.lib.umn.edu/main-entry/asasaweminaganzh-na
moowens,moowens,NI,NI_C,NONE,https://ojibwe.lib.umn.edu/main-entry/moowens-ni
giizhikaandagaabo,giizhikaandagaabow2,NI,NI_Vw,NONE,https://ojibwe.lib.umn.edu/main-entry/giizhikaandagaabo-ni
aazhawaatebii'amaadiwin,aazhawaatebii'amaadiwin,NI,NI_C,NONE,UnpublishedOPD
biitoonigan,biitoonigan,NA,NA_C,NONE,UnpublishedOPD
abwaanaako-bakwezhigan,abwaanaako-bakwezhigan,NA,NA_C,NONE,https://ojibwe.lib.umn.edu/main-entry/abwaanaako-bakwezhigan-na
zhiishiibanwii-baashkiizganaabik,zhiishiibanwii-baashkiizganaabikw2,NI,NI_Cw,NONE,https://ojibwe.lib.umn.edu/main-entry/zhiishiibanwii-baashkiizganaabik-ni
bineshiinhwigamigoons,bineshiinhwigamigoons,NI,NI_C,NONE,https://ojibwe.lib.umn.edu/main-entry/bineshiinhwigamigoons-ni
ozhiminaganjigan,ozhiminaganjigan,NI,NI_C,NONE,https://ojibwe.lib.umn.edu/main-entry/ozhiminaganjigan-ni
ozaawi-gibozigan,ozaawi-gibozigan,NA,NA_C,NONE,https://ojibwe.lib.umn.edu/main-entry/ozaawi-gibozigan-na
wiikongewin,wiikongewin,NI,NI_C,NONE,https://ojibwe.lib.umn.edu/main-entry/wiikongewin-ni
wiigwaasi-makako-waakaayaagibijigan,wiigwaasi-makako-waakaayaagibijigan,NI,NI_C,NONE,https://ojibwe.lib.umn.edu/main-entry/wiigwaasi-makako-waakaayaagibijigan-ni
gashkiiwegidaabaan,gashkiiwegidaabaan,NI,NI_C,NONE,https://ojibwe.lib.umn.edu/main-entry/gashkiiwegidaabaan-ni
gibichiwebinigan,gibichiwebinigan,NI,NI_C,NONE,https://ojibwe.lib.umn.edu/main-entry/gibishkiwebinigan-ni
agwanaandaga'igan,agwanaandaga'igan,NI,NI_C,NONE,UnpublishedOPD
waasigani-gizhaabikiziganens,waasigani-gizhaabikiziganens,NI,NI_C,NONE,https://ojibwe.lib.umn.edu/main-entry/waasigani-gizhaabikiziganens-ni
giigoonyikewin,giigoonyikewin,NI,NI_C,NONE,https://ojibwe.lib.umn.edu/main-entry/giigoonyikewin-ni
asabikeyaatigoons,asabikeyaatigoons,NI,NI_C,NONE,UnpublishedOPD
ozagadebowesi,ozagadebowesiw2,NA,NA_Vw,NONE,UnpublishedOPD
manoomini-mowens,manoomini-mowens,NI,NI_C,NONE,https://ojibwe.lib.umn.edu/main-entry/manoomini-mowens-ni
noonaajiganimooday,noonaajiganimooday,NI,NI_C,NONE,https://ojibwe.lib.umn.edu/main-entry/noonaajiganimooday-ni
boozazhaan,boozazhaan,NI,NI_C,NONE,https://ojibwe.lib.umn.edu/main-entry/boozazhaan-ni
miziweshkiganens,miziweshkiganens,NI,NI_C,NONE,https://ojibwe.lib.umn.edu/main-entry/miziweshkiganens-ni
gizhibaayaakowebishkigan,gizhibaayaakowebishkigan,NI,NI_C,NONE,https://ojibwe.lib.umn.edu/main-entry/gizhibaayaakowebishkigan-ni
giziibiiga'ige-giziibiiga'igan,giziibiiga'ige-giziibiiga'igan,NI,NI_C,NONE,https://ojibwe.lib.umn.edu/main-entry/giziibiiga-ige-giziibiiga-igan-ni
giziininjii-giziibiiga'igan,giziininjii-giziibiiga'igan,NI,NI_C,NONE,https://ojibwe.lib.umn.edu/main-entry/giziininjii-giziibiiga-igan-ni
maada'ookiiwikwe,maada'ookiiwikwew2,NA,NA_VVw,NONE,https://ojibwe.lib.umn.edu/main-entry/maada-ookiiwikwe-na
gizhibaawebinigani-gashkigwaasonaabik,gizhibaawebinigani-gashkigwaasonaabikw2,NI,NI_Cw,NONE,https://ojibwe.lib.umn.edu/main-entry/gizhibaawebinigani-gashkigwaasonaabik-ni
amikwanii'igewin,amikwanii'igewin,NI,NI_C,NONE,https://ojibwe.lib.umn.edu/main-entry/amikwanii-igewin-ni
bazangwaabishimowin,bazangwaabishimowin,NI,NI_C,NONE,https://ojibwe.lib.umn.edu/main-entry/bazangwaabishimowin-ni
manidoowi-wiiyaas,manidoowi-wiiyaas,NI,NI_C,NONE,UnpublishedOPD
manidoowi-bimide,manidoowi-bimidew2,NI,NI_VV,NONE,UnpublishedOPD
manidoowayaan,manidoowayaan,NA,NA_C,NONE,https://ojibwe.lib.umn.edu/main-entry/manidoowayaan-na
ma'iinganaanow,ma'iinganaanow,NI,NI_C,NONE,https://ojibwe.lib.umn.edu/main-entry/ma-iinganaanow-ni
nanaandawi'iwewin,nanaandawi'iwewin,NI,NI_C,NONE,https://ojibwe.lib.umn.edu/main-entry/nanaandawi-iwewin-ni
animo-moow,animo-moow2,NI,NI_VV,NONE,https://ojibwe.lib.umn.edu/main-entry/animo-moo-ni
boodawaanaatigoons,boodawaanaatigoons,NI,NI_C,NONE,https://ojibwe.lib.umn.edu/main-entry/boodawaanaatigoons-ni
dibaabiiginiganeyaab,dibaabiiginiganeyaaby2,NI,NI_Cy,NONE,https://ojibwe.lib.umn.edu/main-entry/dibaabiiginiganeyaab-ni
biskitenaaganikaan,biskitenaaganikaan,NI,NI_C,NONE,UnpublishedOPD
ininaandago-bigiw,ininaandago-bigiw,NA,NA_C,NONE,https://ojibwe.lib.umn.edu/main-entry/ininaandago-bigiw-na
manoomini-waabigwan,manoomini-waabigwany2,NI,NI_Cy,NONE,https://ojibwe.lib.umn.edu/main-entry/manoomini-waabigwan-ni
makadewaako-manoomin,makadewaako-manoomin,NI,NI_C,NONE,https://ojibwe.lib.umn.edu/main-entry/makadewaako-manoomin-ni
ziibii-manoomin,ziibii-manoomin,NI,NI_C,NONE,https://ojibwe.lib.umn.edu/main-entry/ziibii-manoomin-ni
zaaga'iganii-manoomin,zaaga'iganii-manoomin,NI,NI_C,NONE,https://ojibwe.lib.umn.edu/main-entry/zaaga-iganii-manoomin-ni
ginwaakojii-manoomin,ginwaakojii-manoomin,NI,NI_C,NONE,https://ojibwe.lib.umn.edu/main-entry/ginwaakojii-manoomin-ni
bookidiy,bookidiy,NI,NI_C,NONE,UnpublishedOPD
zagaakwa'on,zagaakwa'on,NI,NI_C,NONE,https://ojibwe.lib.umn.edu/main-entry/zagaakwa-on-ni
ozhaawishkojiisag,ozhaawishkojiisagw2,NI,NI_Cw,NONE,https://ojibwe.lib.umn.edu/main-entry/ozhaawishkojiisag-ni
mishiibizhii,mishiibizhiiw2,NA,NA_VV,NONE,https://ojibwe.lib.umn.edu/main-entry/mishiibizhii-na
ogimaa-mishibizhiw,ogimaa-mishibizhiw,NA,NA_C,NONE,UnpublishedOPD
ogimaa-mishibizhii,ogimaa-mishibizhiiw2,NA,NA_VV,NONE,https://ojibwe.lib.umn.edu/main-entry/ogimaa-mizhiibizhii-na
waawaashkeshiwi-wiis,waawaashkeshiwi-wiis,NI,NI_C,NONE,https://ojibwe.lib.umn.edu/main-entry/waawaashkeshiwi-wiis-ni
moozo-wiis,moozo-wiis,NI,NI_C,NONE,https://ojibwe.lib.umn.edu/main-entry/moozo-wiis-ni
biitoomagooday,biitoomagooday,NI,NI_C,NONE,https://ojibwe.lib.umn.edu/main-entry/biitoomagooday-ni
biitoomagoodaas,biitoomagoodaas,NI,NI_C,NONE,https://ojibwe.lib.umn.edu/main-entry/biitoomagoodaas-ni
waasigani-bimide-gizhaabikizigan,waasigani-bimide-gizhaabikizigan,NI,NI_C,NONE,https://ojibwe.lib.umn.edu/main-entry/waasigani-bimide-gizhaabikizigan-ni
wiikongewinaagan,wiikongewinaagan,NI,NI_C,NONE,https://ojibwe.lib.umn.edu/main-entry/wiikongewinaagan-ni
wiikongewakik,wiikongewakikw2,NA,NA_Cw,NONE,https://ojibwe.lib.umn.edu/main-entry/wiikongewakik-na
bigiwaakosag,bigiwaakosagw2,NA,NA_Cw,NONE,https://ojibwe.lib.umn.edu/main-entry/bigiwaakosag-na
dibi-gwaaba'igewinaaganens,dibi-gwaaba'igewinaaganens,NI,NI_C,NONE,https://ojibwe.lib.umn.edu/main-entry/dibi-gwaaba-igewinaaganens-ni
noozheshib,noozheshib,NA,NA_C,NONE,https://ojibwe.lib.umn.edu/main-entry/noozheshib-na
biisiwebinige-nagamon,biisiwebinige-nagamon,NI,NI_C,NONE,https://ojibwe.lib.umn.edu/main-entry/biisiwebinige-nagamon-ni
chiimichaa,chiimichaaw2,NAD,NAD_VV,NONE,https://ojibwe.lib.umn.edu/main-entry/nichiimichaa-nad
bibooni-makizin,bibooni-makizin,NI,NI_C,NONE,https://ojibwe.lib.umn.edu/main-entry/bibooni-makizin-ni
gabadoowin,gabadoowin,NI,NI_C,NONE,https://ojibwe.lib.umn.edu/main-entry/gabadoowin-ni
gaagige-bimaadiziwin,gaagige-bimaadiziwin,NI,NI_C,NONE,https://ojibwe.lib.umn.edu/main-entry/gaagige-bimaadiziwin-ni
miiziiwinaagan,miiziiwinaagan,NI,NI_C,NONE,https://ojibwe.lib.umn.edu/main-entry/miiziiwinaagan-ni
miikanaakewidaabaan,miikanaakewidaabaan,NA,NA_C,NONE,https://ojibwe.lib.umn.edu/main-entry/miikanaakewidaabaan-na
wadoopaakonisag,wadoopaakonisagw2,NI,NI_Cw,NONE,https://ojibwe.lib.umn.edu/main-entry/wadoopaakonisag-ni
abinoonjii,abinoonjiiy1,NA,NA_VVy,NONE,https://ojibwe.lib.umn.edu/main-entry/abinoonjii-na
gizhizowin,gizhizowin,NI,NI_C,NONE,UnpublishedOPD
waabanoo-manidoo,waabanoo-manidoow2,NA,NA_VV,NONE,UnpublishedOPD
binesiwayaan,binesiwayaan,NA,NA_C,NONE,UnpublishedOPD
gekekwayaan,gekekwayaanag,NA,NA_C,NONE,UnpublishedOPD
jiiga'igewi-waagaakwad,jiiga'igewi-waagaakwadw2,NI,NI_Cw,NONE,UnpublishedOPD
giigoozhens,giigoozhens,NA,NA_C,NONE,https://ojibwe.lib.umn.edu/main-entry/giigoozhens-na
anokiitaagewikwe,anokiitaagewikwew2,NA,NA_VV,NONE,UnpublishedOPD
bimidaakopijigan,bimidaakopijigan,NI,NI_C,NONE,UnpublishedOPD
ogaawanzig,ogaawanzigw2,NA,NA_irrCw,NONE,UnpublishedOPD
zhiibaabizowin,zhiibaabizowin,NI,NI_C,NONE,UnpublishedOPD
makojiibik,makojiibik,NI,NI_C,NONE,UnpublishedOPD
wiiwiishiwazison,wiiwiishiwazison,NI,NI_C,NONE,UnpublishedOPD
niij,niij,NAD,NAD_C,NONE,https://ojibwe.lib.umn.edu/main-entry/niij-nad
naabikwaanensikaan,naabikwaanensikaan,NI,NI_C,NONE,UnpublishedOPD
obebiitooz,obebiitooz,NA,NA_C,NONE,UnpublishedOPD
ogidagimod,ogidagimod,NA,NA_C,NONE,UnpublishedOPD
inootaagan,inootaagan,NA,NA_C,NONE,UnpublishedOPD
mazinibii'iganaatig,mazinibii'iganaatigw2,NI,NI_Cw,NONE,UnpublishedOPD
gichizidaan,gichizidaan,NI,NI_C,NONE,UnpublishedOPD
moonz,moozw2,NA,NA_Cw,NONE,https://ojibwe.lib.umn.edu/main-entry/moonz-na
bebiitoos,bebiitoos,NI,NI_C,NONE,UnpublishedOPD
bawishkwaanikaan,bawishkwaanikaan,NI,NI_C,NONE,UnpublishedOPD
mowens,mowens,NI,NI_C,NONE,UnpublishedOPD
nikizid,nikizid,NI,NI_C,NONE,UnpublishedOPD
iiji-zaziikiziimaagan,iiji-zaziikiziimaagan,NAD,NAD_C,NONE,UnpublishedOPD
niisiigininjii-minjikaawan,niisiigininjii-minjikaawan,NA,NA_C,NONE,https://ojibwe.lib.umn.edu/main-entry/niisiigininjii-minjikaawan-na
ayezhininjii-minjikaawan,ayezhininjii-minjikaawan,NA,NA_C,NONE,https://ojibwe.lib.umn.edu/main-entry/ayezhininjii-minjikaawan-na
mitigodaabaanaak,mitigodaabaanaakw2,NA,NA_irrCw,NONE,https://ojibwe.lib.umn.edu/main-entry/mitigodaabaanaak-na
gakiiwekana,gakiiwekan,NI,NI_Kana,NONE,https://ojibwe.lib.umn.edu/main-entry/gakiiwekana-ni
agaasi-waawiyebii'igan,agaasi-waawiyebii'igan,NI,NI_C,NONE,https://ojibwe.lib.umn.edu/main-entry/agaasi-waawiyebii-igan-ni
memiigwananiisi,memiigwananiisiw2,NA,NA_Vw,NONE,UnpublishedOPD
bakwezhiganikewin,bakwezhiganikewin,NI,NI_C,NONE,https://ojibwe.lib.umn.edu/main-entry/bakwezhiganikewin-ni
gakaki-giziibiiga'iganens,gakaki-giziibiiga'iganens,NI,NI_C,NONE,https://ojibwe.lib.umn.edu/main-entry/gakaki-giziibiiga-iganens-ni
azaadii-biigijiisag,azaadii-biigijiisagw2,NI,NI_Cw,NONE,https://ojibwe.lib.umn.edu/main-entry/azaadii-biigijiisag-ni
gagaanwaabiigi-bakwezhigan,gagaanwaabiigi-bakwezhigan,NA,NA_C,NONE,https://ojibwe.lib.umn.edu/main-entry/gagaanwaabiigi-bakwezhigan-na
bawishkamo-minjimaakwaatig,bawishkamo-minjimaakwaatigw2,NI,NI_Cw,NONE,https://ojibwe.lib.umn.edu/main-entry/bawishkamo-minjimaakwaatig-ni
minjimaakwaatig,minjimaakwaatigw2,NI,NI_Cw,NONE,https://ojibwe.lib.umn.edu/main-entry/minjimaakwaatig-ni
moozojiid,moozojiidy2,NI,NI_Cy,NONE,UnpublishedOPD
mashkiigomizh,mashkiigomizhy2,NA,NA_Cy,NONE,https://ojibwe.lib.umn.edu/main-entry/mashkiigomizh-na
omba'iganaak,omba'iganaakw2,NI,NI_Cw,NONE,https://ojibwe.lib.umn.edu/main-entry/omba-iganaak-ni
nabanegaadeshimowin,nabanegaadeshimowin,NI,NI_C,NONE,https://ojibwe.lib.umn.edu/main-entry/nabanegaadeshimowin-ni
dooskaabishimowin,dooskaabishimowin,NI,NI_C,NONE,https://ojibwe.lib.umn.edu/main-entry/dooskaabishimowin-ni
emikwaan,emikwaan,NA,NA_C,NONE,https://ojibwe.lib.umn.edu/main-entry/emikwaan-na
omakakiiwayaan,omakakiiwayaan,NA,NA_C,NONE,https://ojibwe.lib.umn.edu/main-entry/omakakiiwayaan-na
gwizis,gwizis,NAD,NAD_C,NONE,https://ojibwe.lib.umn.edu/main-entry/ningwizis-nad
mikinaakwemikwaan,mikinaakwemikwaan,NA,NA_C,NONE,https://ojibwe.lib.umn.edu/main-entry/mikinaakwemikwaan-na
makade-name,makade-namew2,NA,NA_VVw,NONE,UnpublishedOPD
moona'aabikwesi,moona'aabikwesiw2,NA,NA_Vw,NONE,https://ojibwe.lib.umn.edu/main-entry/moona-aabikwesi-na
gikinoo'amaagoowiziwin,gikinoo'amaagoowiziwin,NI,NI_C,NONE,UnpublishedOPD
wiibidikaan,wiibidikaan,NI,NI_C,NONE,https://ojibwe.lib.umn.edu/main-entry/wiibidikaan-ni
aanikawaabiiginigan,aanikawaabiiginigan,NI,NI_C,NONE,https://ojibwe.lib.umn.edu/main-entry/aanikawaabiiginigan-ni
mitigoonsiwi-giishkizhigan,mitigoonsiwi-giishkizhigan,NI,NI_C,NONE,https://ojibwe.lib.umn.edu/main-entry/mitigoonsiwi-giishkizhigan-ni
gagwedaganaandiwin,gagwedaganaandiwin,NI,NI_C,NONE,https://ojibwe.lib.umn.edu/main-entry/gagwedaganaandiwin-ni
migoosi-wajiw,migoosi-wajiw,NI,NI_C,NONE,https://ojibwe.lib.umn.edu/main-entry/migoosi-wajiw-ni
biinaakwaani-wajiw,biinaakwaani-wajiw,NI,NI_C,NONE,https://ojibwe.lib.umn.edu/main-entry/biinaakwaani-wajiw-ni
ozikaasi,ozikaasiw2,NA,NA_Vw,NONE,https://ojibwe.lib.umn.edu/main-entry/ozikaasi-na
biiwaanago-wajiw,biiwaanago-wajiw,NI,NI_C,NONE,UnpublishedOPD
niiji-zaziikizii,niiji-zaziikiziiw2,NAD,NAD_VV,NONE,https://ojibwe.lib.umn.edu/main-entry/niiji-zaziikizii-nad
niidakiwenzii,niidakiwenziiw2,NAD,NAD_VV,NONE,https://ojibwe.lib.umn.edu/main-entry/niidakiwenzii-nad
adoopaakonisag,adoopaakonisagw2,NI,NI_Cw,NONE,https://ojibwe.lib.umn.edu/main-entry/adoopaakonisag-ni
jiisaakwa'igan,jiisaakwa'igan,NI,NI_C,NONE,UnpublishedOPD
ashaageshiinhwininjigan,ashaageshiinhwininjigan,NI,NI_C,NONE,UnpublishedOPD
oshkiniigi,oshkiniigiw2,NA,NA_Vw,NONE,UnpublishedOPD
bapichi,bapichiw2,NA,NA_Vw,NONE,UnpublishedOPD
biiwaabiko-zaka'on,biiwaabiko-zaka'on,NI,NI_C,NONE,https://ojibwe.lib.umn.edu/main-entry/biiwaabiko-zaka-on-ni
giziibaakwad,giziibaakwadw2,NA,NA_Cw,NONE,UnpublishedOPD
bimaadiziiwi-miikana,bimaadiziiwi-miikan,NI,NI_Kana,NONE,UnpublishedOPD
mino-bimaadiziwin,mino-bimaadiziwin,NI,NI_C,NONE,https://ojibwe.lib.umn.edu/main-entry/mino-bimaadiziwin-ni
awesiinh-miijim,awesiinh-miijim,NI,NI_C,NONE,UnpublishedOPD
geteya'ii,geteya'iiw2,NI,NI_VV,NONE,UnpublishedOPD
aamwaichigewinini,aamwaichigewininiw2,NA,NA_Vw,NONE,UnpublishedOPD
nisawaakodaabaanaak,nisawaakodaabaanaakw2,NA,NA_irrCw,NONE,UnpublishedOPD
ashkibwaa,ashkibwaaw2,NA,NA_VV,NONE,https://ojibwe.lib.umn.edu/main-entry/ashkibwaa-na
bajaagwin,bajaagwin,NI,NI_C,NONE,UnpublishedOPD
jiichiigwaanow,jiichiigwaanow,NI,NI_C,NONE,https://ojibwe.lib.umn.edu/main-entry/jiichiigwaanow-ni
mishi-ginebig,mishi-ginebigw2,NA,NA_Cw,NONE,https://ojibwe.lib.umn.edu/main-entry/mishi-ginebig-na
maji-ginebig,maji-ginebigw2,NA,NA_Cw,NONE,UnpublishedOPD
biigijiisag,biigijiisagw2,NA,NA_Cw,NONE,https://ojibwe.lib.umn.edu/main-entry/biihijiisag-na
ombaakwa'igan,ombaakwa'igan,NI,NI_C,NONE,https://ojibwe.lib.umn.edu/main-entry/ombaakwa-igan-ni
ombaakwa'iganaak,ombaakwa'iganaakw2,NA,NA_Cw,NONE,UnpublishedOPD
ombaakwa'iganaabik,ombaakwa'iganaabikw2,NI,NI_Cw,NONE,UnpublishedOPD
wanii'ige-waakaa'igaanzhish,wanii'ige-waakaa'igaanzhish,NI,NI_C,NONE,https://ojibwe.lib.umn.edu/main-entry/wanii-ige-waakaa-igaanzhish-ni
zhaaganaashiiwinikaazowin,zhaaganaashiiwinikaazowin,NI,NI_C,NONE,https://ojibwe.lib.umn.edu/main-entry/zhaaganaashiiwinikaazowin-ni
anishinaabe-ogimaa,anishinaabe-ogimaaw2,NA,NA_VV,NONE,https://ojibwe.lib.umn.edu/main-entry/anishinaabe-ogimaa-na
bazhiba'iganaak,bazhiba'iganaakw2,NI,NI_Cw,NONE,UnpublishedOPD
biinjiweba'iganaak,biinjiweba'iganaakw2,NI,NI_Cw,NONE,UnpublishedOPD
babigweshkad,babigweshkadw2,NI,NI_Cw,NONE,UnpublishedOPD
giijanaabatewi-wiiyaas,giijanaabatewi-wiiyaas,NI,NI_C,NONE,UnpublishedOPD
bashkwegino-bagwega'igan,bashkwegino-bagwega'igan,NI,NI_C,NONE,UnpublishedOPD
bagwega'igan,bagwega'igan,NI,NI_C,NONE,https://ojibwe.lib.umn.edu/main-entry/bagwega-igan-ni
nisawininjaan,nisawininjaan,NI,NI_C,NONE,UnpublishedOPD
nisawizidaan,nisawizidaan,NI,NI_C,NONE,UnpublishedOPD
zhooshkokojigan,zhooshkokojigan,NI,NI_C,NONE,https://ojibwe.lib.umn.edu/main-entry/zhooshkokojigan-ni
mazina'igan,mazina'igan,NA,NA_C,NONE,UnpublishedOPD
bishagaakobijigan,bishagaakobijigan,NI,NI_C,NONE,UnpublishedOPD
waabishki-bakwezhigan,waabishki-bakwezhigan,NA,NA_C,NONE,https://ojibwe.lib.umn.edu/main-entry/waabishki-bakwezhigan-na
ozaawi-bakwezhigan,ozaawi-bakwezhigan,NA,NA_C,NONE,https://ojibwe.lib.umn.edu/main-entry/ozaawi-bakwezhigan-na
wiiji-gikinoo'amaagan,wiiji-gikinoo'amaagan,NA,NA_C,NONE,UnpublishedOPD
biiwanakoons,biiwanakoons,NI,NI_C,NONE,https://ojibwe.lib.umn.edu/main-entry/biiwanakoonsan-ni
nagaakininjaan,nagaakininjaan,NI,NI_C,NONE,https://ojibwe.lib.umn.edu/main-entry/nagaakininjaan-ni
namekwaaneyaab,namekwaaneyaaby2,NI,NI_Cy,NONE,UnpublishedOPD
misawenjigan,misawenjigan,NA,NA_C,NONE,UnpublishedOPD
mitaawango-mazina'igan,mitaawango-mazina'igan,NI,NI_C,NONE,UnpublishedOPD
zhizhoobiigiiwin,zhizhoobiigiiwin,NI,NI_C,NONE,https://ojibwe.lib.umn.edu/main-entry/zhizhoobiigiiwin-ni
mikwamii-agwaabiiga'igan,mikwamii-agwaabiiga'igan,NI,NI_C,NONE,UnpublishedOPD
gwaaba'iskwaan,gwaaba'iskwaan,NI,NI_C,NONE,https://ojibwe.lib.umn.edu/main-entry/gwaaba-iskwaan-ni
mikwamii-gwaaba'iskwaan,mikwamii-gwaaba'iskwaan,NI,NI_C,NONE,https://ojibwe.lib.umn.edu/main-entry/mikwamii-gwaaba-iskwaan-ni
bimaaji'iwewin,bimaaji'iwewin,NI,NI_C,NONE,https://ojibwe.lib.umn.edu/main-entry/bimaaji-iwewin-ni
gagwaadagitoowin,gagwaadagitoowin,NI,NI_C,NONE,https://ojibwe.lib.umn.edu/main-entry/gagwaadagitoowin-ni
wiidookaagewin,wiidookaagewin,NI,NI_C,NONE,https://ojibwe.lib.umn.edu/main-entry/wiidookaagewin-ni
zaagi'iwewin,zaagi'iwewin,NI,NI_C,NONE,https://ojibwe.lib.umn.edu/main-entry/zaagi-iwewin-ni
zhawendaagoziwin,zhawendaagoziwin,NI,NI_C,NONE,UnpublishedOPD
wiizhaandiwi-niimi'idiwin,wiizhaandiwi-niimi'idiwin,NI,NI_C,NONE,https://ojibwe.lib.umn.edu/main-entry/wiizhaandiwi-niimi-idiwin-ni
basikwepizon,basikwepizon,NI,NI_C,NONE,UnpublishedOPD
bananjigan,bananjigan,NI,NI_C,NONE,https://ojibwe.lib.umn.edu/main-entry/bananjigan-ni
zhaangweshiwi-wiiyaakwa'igan,zhaangweshiwi-wiiyaakwa'igan,NI,NI_C,NONE,https://ojibwe.lib.umn.edu/main-entry/zhaangweshiwi-wiiyaakwa-igan-ni
nitiiwinaagaans,nitiiwinaagaans,NI,NI_C,NONE,https://ojibwe.lib.umn.edu/main-entry/nitiiwinaagaans-ni
babiizigaanikweyaakizigekwe,babiizigaanikweyaakizigekwew2,NA,NA_VV,NONE,https://ojibwe.lib.umn.edu/main-entry/babiizigaanikweyaakizigekwe-na
babiizigaanikweyaakizigan,babiizigaanikweyaakizigan,NI,NI_C,NONE,https://ojibwe.lib.umn.edu/main-entry/babiizigaanikweyaakizigan-ni
gaaskaabatewamik,gaaskaabatewamikw2,NA,NA_Cw,NONE,UnpublishedOPD
adikwasim,adikwasimw2,NA,NA_Cw,NONE,UnpublishedOPD
waawaashkeshiwasim,waawaashkeshiwasimw2,NA,NA_Cw,NONE,UnpublishedOPD
moozwasim,moozwasimw2,NA,NA_Cw,NONE,UnpublishedOPD
wanaweyaagama'iganens,wanaweyaagama'iganens,NI,NI_C,NONE,UnpublishedOPD
wemitigoozhii-ozhichigan,wemitigoozhii-ozhichigan,NI,NI_C,NONE,https://ojibwe.lib.umn.edu/main-entry/wemitigoozhii-ozhichigan-ni
nagadenindiwin,nagadenindiwin,NI,NI_C,NONE,UnpublishedOPD
mookomaani-gaashiboojigan,mookomaani-gaashiboojigan,NI,NI_C,NONE,https://ojibwe.lib.umn.edu/main-entry/mookomaani-gaashiboojigan-ni
gaashaabika'igan,gaashaabika'igan,NI,NI_C,NONE,https://ojibwe.lib.umn.edu/main-entry/gaashaabika-igan-ni
gaapizigewabwi,gaapizigewabwy2,NI,NI_ShortCy,NONE,https://ojibwe.lib.umn.edu/main-entry/gaapizigewabwi-ni
biisaawangi-manoomin,biisaawangi-manoomin,NI,NI_C,NONE,https://ojibwe.lib.umn.edu/main-entry/biisaawangi-manoomin-ni
bikwaakwado-manoomin,bikwaakwado-manoomin,NI,NI_C,NONE,https://ojibwe.lib.umn.edu/main-entry/bikwaakwado-manoomin-ni
gagaanwaakomi-manoomin,gagaanwaakomi-manoomin,NI,NI_C,NONE,UnpublishedOPD
miskwaabigwan,miskwaabigwany2,NI,NI_Cy,NONE,https://ojibwe.lib.umn.edu/main-entry/misko-waabigwan-ni
miskwaabigwani-nitii,miskwaabigwani-nitiiw2,NI,NI_VV,NONE,https://ojibwe.lib.umn.edu/main-entry/miskowaabigwan-ni
agwana'igan,agwana'igan,NI,NI_C,NONE,UnpublishedOPD
ziswanjigan,ziswanjigan,NI,NI_C,NONE,https://ojibwe.lib.umn.edu/main-entry/ziswanjigan-ni
bagizoo-midaas,bagizoo-midaas,NI,NI_C,NONE,https://ojibwe.lib.umn.edu/main-entry/bagizoo-midaas-ni
zagimewayaaniigin,zagimewayaaniiginw2,NI,NI_Cw,NONE,UnpublishedOPD
baate-zhoominens,baate-zhoominens,NA,NA_C,NONE,https://ojibwe.lib.umn.edu/main-entry/baate-zhoominens-na
nibiiwi-baashkiziganens,nibiiwi-baashkiziganens,NI,NI_C,NONE,https://ojibwe.lib.umn.edu/main-entry/nibiiwi-baashkiziganens-ni
nibiiwi-baashkizigaans,nibiiwi-baashkizigaans,NI,NI_C,NONE,https://ojibwe.lib.umn.edu/main-entry/nibiiwi-baashkizigaans-ni
baashkizigaans,baashkizigaans,NI,NI_C,NONE,https://ojibwe.lib.umn.edu/main-entry/baashkizigaans-ni
dinowibag,dinowibag,NI,NI_C,NONE,https://ojibwe.lib.umn.edu/main-entry/dinowibag-ni
wazhashkwaazh,wazhashkwaazh,NI,NI_C,NONE,https://ojibwe.lib.umn.edu/main-entry/wazhashkwaazh-ni
waagoshiwaazh,waagoshiwaazh,NI,NI_C,NONE,https://ojibwe.lib.umn.edu/main-entry/waagoshiwaazh-ni
mazinibii'iganaak,mazinibii'iganaakw2,NA,NA_Cw,NONE,https://ojibwe.lib.umn.edu/main-entry/mazinibii-iganaak-na
agaamiigin,agaamiiginw2,NI,NI_Cw,NONE,https://ojibwe.lib.umn.edu/main-entry/agaamiigin-ni
nabaneyiigin,nabaneyiiginw2,NI,NI_Cw,NONE,https://ojibwe.lib.umn.edu/main-entry/nabaneyiigin-ni
ozaawiminagi-zhiiwaabo,ozaawiminagi-zhiiwaabow2,NI,NI_Vw,NONE,https://ojibwe.lib.umn.edu/main-entry/ozaawiminagi-zhiiwaabo-ni
asekaan,asekaan,NI,NI_C,NONE,https://ojibwe.lib.umn.edu/main-entry/asekaan-ni
babiikoga'waan,babiikoga'waan,NA,NA_C,NONE,https://ojibwe.lib.umn.edu/main-entry/babiikoga-waan-na
okaadikaan,okaadikaan,NI,NI_C,NONE,https://ojibwe.lib.umn.edu/main-entry/okaadikaan-ni
nibewiniigin,nibewiniiginw2,NI,NI_Cw,NONE,https://ojibwe.lib.umn.edu/main-entry/nibewiniigin-ni
giziibiigii-makak,giziibiigii-makakw2,NI,NI_Cw,NONE,https://ojibwe.lib.umn.edu/main-entry/giziibiigii-makak-ni
giizizekwewigamig,giizizekwewigamigw2,NI,NI_Cw,NONE,https://ojibwe.lib.umn.edu/main-entry/giizizekwewigamig-ni
agoojigewataason,agoojigewataason,NI,NI_C,NONE,https://ojibwe.lib.umn.edu/main-entry/agoojigewigamig-ni
namebini-gokeyaw,namebini-gokeyaw,NI,NI_C,NONE,https://ojibwe.lib.umn.edu/main-entry/namebini-gokeyaw-ni
moose-manidoosh,moose-manidoosh,NA,NA_C,NONE,https://ojibwe.lib.umn.edu/main-entry/moose-manidoosh-na
asaa'wens,asaa'wens,NA,NA_C,NONE,https://ojibwe.lib.umn.edu/main-entry/asaa-wens-na
ashki-manoomin,ashki-manoomin,NI,NI_C,NONE,https://ojibwe.lib.umn.edu/main-entry/ashki-manoomin-ni-bb1e6567-3633-45ca-951d-2c623e7957d6
jigijigaaneshiinh,jigijigaaneshiiny1,NA,NA_VVny,NONE,https://ojibwe.lib.umn.edu/main-entry/jigijigaaneshiinh-na
nanaa'igwaajigan,nanaa'igwaajigan,NI,NI_C,NONE,https://ojibwe.lib.umn.edu/main-entry/nanaa-igwaajigan-ni
amiko-nooka'iiwagwaan,amiko-nooka'iiwagwaan,NI,NI_C,NONE,https://ojibwe.lib.umn.edu/main-entry/amiko-nooka-iiwagwaan-ni
miskwaabiimagoonsiwibag,miskwaabiimagoonsiwibagw2,NI,NI_Cw,NONE,https://ojibwe.lib.umn.edu/main-entry/miskwaabiimagoonsiwibag-ni
baatebag,baatebagw2,NI,NI_Cw,NONE,https://ojibwe.lib.umn.edu/main-entry/baatebag-ni
niigaanendaagoziwin,niigaanendaagoziwin,NI,NI_C,NONE,https://ojibwe.lib.umn.edu/main-entry/niigaanendaagoziwin-ni
baatepin,baatepiny2,NI,NI_Cy,NONE,https://ojibwe.lib.umn.edu/main-entry/baatepin-ni
gijigi-baatepin,gijigi-baatepiny2,NI,NI_Cy,NONE,https://ojibwe.lib.umn.edu/main-entry/gijigi-baatepin-ni
mindimoowenh,mindimooweny1,NA,NA_VVny,NONE,https://ojibwe.lib.umn.edu/main-entry/mindimoowenh-na
ganawishkodawewinini,ganawishkodawewininiw2,NA,NA_Vw,NONE,https://ojibwe.lib.umn.edu/main-entry/ganawishkodawewinini-na
niizhooshkad,niizhooshkadw2,NI,NI_Cw,NONE,UnpublishedOPD
zhiishiibichigan,zhiishiibichigan,NI,NI_C,NONE,UnpublishedOPD
gigishkawaawasowin,gigishkawaawasowin,NI,NI_C,NONE,https://ojibwe.lib.umn.edu/main-entry/gigishkawaawasowin-ni
aatawe'igewinagizhiiyaab,aatawe'igewinagizhiiyaaby2,NI,NI_Cy,NONE,https://ojibwe.lib.umn.edu/main-entry/aatawe-igewinagizhiiyaab-ni
baapaazhidaabiigiwebishkigewi-zhinoodaagan,baapaazhidaabiigiwebishkigewi-zhinoodaagan,NI,NI_C,NONE,https://ojibwe.lib.umn.edu/main-entry/baapaazhidaabiigiwebishkigewi-zhinoodaagan-ni
ginibizekwewigamig,ginibizekwewigamigw2,NI,NI_Cw,NONE,UnpublishedOPD
misaabekwe,misaabekwew2,NA,NA_VV,NONE,https://ojibwe.lib.umn.edu/main-entry/misaabekwe-na
gayaashkomoo,gayaashkomoow2,NI,NI_VV,NONE,UnpublishedOPD
ashashawe-zisiboojigan,ashashawe-zisiboojigan,NI,NI_C,NONE,UnpublishedOPD
namewitigwaan,namewitigwaan,NI,NI_C,NONE,UnpublishedOPD
gagiibaadiziwin,gagiibaadiziwin,NI,NI_C,NONE,UnpublishedOPD
zhegwaakwa'igan,zhegwaakwa'igan,NI,NI_C,NONE,https://ojibwe.lib.umn.edu/main-entry/zhegwaakwa-igan-ni
wanimikoons,wanimikoons,NI,NI_C,NONE,https://ojibwe.lib.umn.edu/main-entry/wanimikoons-ni
gaazhagensiwi-miijim,gaazhagensiwi-miijim,NI,NI_C,NONE,https://ojibwe.lib.umn.edu/main-entry/gaazhagensiwi-miijim-ni
biijimaanijigan,biijimaanijigan,NI,NI_C,NONE,https://ojibwe.lib.umn.edu/main-entry/biijimaanijigan-ni
enigoonsigiwaam,enigoonsigiwaam,NI,NI_C,NONE,https://ojibwe.lib.umn.edu/main-entry/enigoonsigamig-ni
amikotawag,amikotawag,NI,NI_aa,NONE,https://ojibwe.lib.umn.edu/main-entry/amikotawag-ni
biijimaanjigan,biijimaanjigan,NI,NI_C,NONE,https://ojibwe.lib.umn.edu/main-entry/biijimaanjigan-ni
miskoganzhiibii'igan,miskoganzhiibii'igan,NI,NI_C,NONE,https://ojibwe.lib.umn.edu/main-entry/miskoganzhiibii-igan-ni
mookijiwanibiigwaabo,mookijiwanibiigwaabow2,NI,NI_Vw,NONE,https://ojibwe.lib.umn.edu/main-entry/mookijiwanibiigwaabo-ni
aanikanootamaagewinini,aanikanootamaagewininiw2,NA,NA_Vw,NONE,UnpublishedOPD
inoo'igan,inoo'igan,NI,NI_C,NONE,https://ojibwe.lib.umn.edu/main-entry/inoo-igan-ni
miigwani-gikiwe'on,miigwani-gikiwe'on,NI,NI_C,NONE,https://ojibwe.lib.umn.edu/main-entry/miigwani-gikiwe-on-ni
apisaabaawewin,apisaabaawewin,NI,NI_C,NONE,https://ojibwe.lib.umn.edu/main-entry/apisaabaawewin-ni
bikwaagone'igan,bikwaagone'igan,NI,NI_C,NONE,https://ojibwe.lib.umn.edu/main-entry/bikwaagone-igan-ni
bikwaakwadwaaboons,bikwaakwadwaaboons,NI,NI_C,NONE,UnpublishedOPD
boodawaanikaan,boodawaanikaan,NI,NI_C,NONE,https://ojibwe.lib.umn.edu/main-entry/boodawaanikaan-ni
mazinaateshinowin,mazinaateshinowin,NI,NI_C,NONE,https://ojibwe.lib.umn.edu/main-entry/mazinaateshinowin-ni
giizhiki-mitig,giizhiki-mitigw2,NA,NA_Cw,NONE,UnpublishedOPD
weba'aagonewidaabaan,weba'aagonewidaabaan,NA,NA_C,NONE,UnpublishedOPD
odaabaani-bengwaabika'igan,odaabaani-bengwaabika'igan,NI,NI_C,NONE,UnpublishedOPD
miishiigin,miishiiginw2,NA,NA_Cw,NONE,UnpublishedOPD
binewigwan,binewigwan,NA,NA_C,NONE,https://ojibwe.lib.umn.edu/main-entry/binewigwan-na
waawanogegan,waawanogegan,NI,NI_C,NONE,https://ojibwe.lib.umn.edu/main-entry/waawanogegan-ni
gidashkibizochigan,gidashkibizochigan,NI,NI_C,NONE,UnpublishedOPD
gidashkibijigan,gidashkibijigan,NI,NI_C,NONE,UnpublishedOPD
abinaas,abinaas,NI,NI_C,NONE,https://ojibwe.lib.umn.edu/main-entry/abinaas-ni
ondaabatewi-wiiyaas,ondaabatewi-wiiyaas,NI,NI_C,NONE,UnpublishedOPD
wiikwaasinjigan,wiikwaasinjigan,NI,NI_C,NONE,https://ojibwe.lib.umn.edu/main-entry/wiikwaasinjigan-ni
waapijiibizoniigin,waapijiibizoniiginw2,NI,NI_Cw,NONE,https://ojibwe.lib.umn.edu/main-entry/waapijiibizoniigin-ni
gookowensii,gookowensiiw2,NA,NA_VV,NONE,https://ojibwe.lib.umn.edu/main-entry/gookowensi-na
niibini-bineshiinh,niibini-bineshiiny1,NA,NA_VVny,NONE,https://ojibwe.lib.umn.edu/main-entry/niibini-bineshiinh-na
waasikwegin,waasikweginw2,NI,NI_Cw,NONE,https://ojibwe.lib.umn.edu/main-entry/waasikwegin-ni
ashkibiigisag,ashkibiigisagw2,NI,NI_Cw,NONE,https://ojibwe.lib.umn.edu/main-entry/ashkibiigisag-ni
miskwazhigan,miskwazhigan,NI,NI_C,NONE,https://ojibwe.lib.umn.edu/main-entry/miskwazhigan-ni
nishiimisaa,nishiimisaaw2,NAD,NAD_VV,NONE,https://ojibwe.lib.umn.edu/main-entry/nishiimisaa-nad
bimweshkidiwin,bimweshkidiwin,NI,NI_C,NONE,https://ojibwe.lib.umn.edu/main-entry/bimweshkidiwin-ni
giziibiiga'iganens,giziibiiga'iganens,NI,NI_C,NONE,https://ojibwe.lib.umn.edu/main-entry/giziibiiga-iganens-ni
agwanjoonaagan,agwanjoonaagan,NI,NI_C,NONE,UnpublishedOPD
achinaate'igan,achinaate'igan,NI,NI_C,NONE,UnpublishedOPD
giiziso-achinaate'igan,giiziso-achinaate'igan,NI,NI_C,NONE,UnpublishedOPD
ozhoob,ozhooby,NI,NI_C,NONE,UnpublishedOPD
miishide'esi,miishide'esiw2,NA,NA_Vw,NONE,UnpublishedOPD
giiwashizhaan,giiwashizhaan,NA,NA_C,NONE,UnpublishedOPD
ode'imaa,ode'imaaw2,NI,NI_VV,NONE,UnpublishedOPD
bikwadinaans,bikwadinaans,NI,NI_C,NONE,UnpublishedOPD
manidoowi-bimaatig,manidoowi-bimaatigw2,NI,NI_Cw,NONE,UnpublishedOPD
makwataadiwin,makwataadiwin,NI,NI_C,NONE,UnpublishedOPD
gweshko'iwesi,gweshko'iwesiw2,NA,NA_Vw,NONE,UnpublishedOPD
oginiiminaganzh,oginiiminaganzhy,NA,NA_C,NONE,UnpublishedOPD
goshkongeshiinh,goshkongeshiiny1,NA,NA_VVny,NONE,UnpublishedOPD
goshko'owesi,goshko'owesiw2,NA,NA_Vw,NONE,UnpublishedOPD
gichi-ogaa,gichi-ogaaw2,NA,NA_VV,NONE,UnpublishedOPD
zanagaakwiiwin,zanagaakwiiwin,NI,NI_C,NONE,UnpublishedOPD
zanagiziwin,zanagiziwin,NI,NI_C,NONE,UnpublishedOPD
namewaak,namewaakw2,NI,NI_Cw,NONE,UnpublishedOPD
ningwanisookana,ningwanisookanan,NI,NI_Kana,NONE,UnpublishedOPD
maamawichigewinini,maamawichigewininiw2,NA,NA_Vw,NONE,UnpublishedOPD
ozhaawashkwegi-waaboowaanens,ozhaawashkwegi-waaboowaanens,NI,NI_C,NONE,UnpublishedOPD
ditibishtigwaan,ditibishtigwaan,NA,NA_C,NONE,UnpublishedOPD
ditibitigwaan,ditibitigwaan,NA,NA_C,NONE,UnpublishedOPD
waabimojichaagwaan,waabimojichaagwaan,NI,NI_C,NONE,UnpublishedOPD
wiimbijii,wiimbijiiw2,NA,NA_VV,NONE,UnpublishedOPD
gashkigwaasonaabiko-asabaabisens,gashkigwaasonaabiko-asabaabisens,NA,NA_C,NONE,https://ojibwe.lib.umn.edu/main-entry/gashkigwaasonaabiko-asabaabisens-na
andawenjigan,andawenjigan,NA,NA_C,NONE,UnpublishedOPD
naaba'oojigan,naaba'oojigan,NI,NI_C,NONE,UnpublishedOPD
naaba'oojiganeyaab,naaba'oojiganeyaaby2,NI,NI_Cy,NONE,UnpublishedOPD
ojaanimiziwin,ojaanimiziwin,NI,NI_C,NONE,UnpublishedOPD
dabasenimowin,dabasenimowin,NI,NI_C,NONE,UnpublishedOPD
zagimewayaan,zagimewayaan,NI,NI_C,NONE,UnpublishedOPD
gaagiigidoo-makak,gaagiigidoo-makakw2,NI,NI_Cw,NONE,UnpublishedOPD
zhooshkwaada'ewaatig,zhooshkwaada'ewaatigw2,NI,NI_Cw,NONE,https://ojibwe.lib.umn.edu/main-entry/zhooshkwaada-ewaatig-ni
awan,awanw2,NI,NI_Cw,NONE,https://ojibwe.lib.umn.edu/main-entry/awan-ni
biidamaadiwin,biidamaadiwin,NI,NI_C,NONE,UnpublishedOPD
bashka'anzhii,bashka'anzhiiw2,NA,NA_VV,NONE,UnpublishedOPD
bebiiyens,bebiiyens,NA,NA_C,NONE,UnpublishedOPD
aasamisijigan,aasamisijigan,NA,NA_C,NONE,UnpublishedOPD
mashkikiwaabookaan,mashkikiwaabookaan,NI,NI_C,NONE,UnpublishedOPD
gaganoonidiwin,gaganoonidiwin,NI,NI_C,NONE,UnpublishedOPD
gikinoo'amaagewin,gikinoo'amaagewin,NI,NI_C,NONE,UnpublishedOPD
gichiwaakwa'iganens,gichiwaakwa'iganens,NI,NI_C,NONE,UnpublishedOPD
gakaanoweshkigan,gakaanoweshkigan,NI,NI_C,NONE,UnpublishedOPD
noosooki-gwaashkwaniwin,noosooki-gwaashkwaniwin,NI,NI_C,NONE,UnpublishedOPD
miskwak,miskwakw2,NI,NI_Cw,NONE,UnpublishedOPD
ombijiizigan,ombijiizigan,NI,NI_C,NONE,UnpublishedOPD
ombijiizigani-manoomin,ombijiizigani-manoomin,NI,NI_C,NONE,UnpublishedOPD
makadewamikwayaan,makadewamikwayaan,NA,NA_C,NONE,UnpublishedOPD
asabii-biiwaabikoons,asabii-biiwaabikoons,NI,NI_C,NONE,UnpublishedOPD
giziibiigisaginigan,giziibiigisaginigan,NI,NI_C,NONE,UnpublishedOPD
gisinaawataagewin,gisinaawataagewin,NI,NI_C,NONE,UnpublishedOPD
obiisinibiiway,obiisinibiiway,NA,NA_C,NONE,UnpublishedOPD
waasaakwanjigan,waasaakwanjigan,NI,NI_C,NONE,UnpublishedOPD
anwebiiwigamig,anwebiiwigamigw2,NI,NI_Cw,NONE,UnpublishedOPD
nanaamadabiiwigamig,nanaamadabiiwigamigw2,NI,NI_Cw,NONE,UnpublishedOPD
ningaagami-bimide,ningaagami-bimidew2,NI,NI_VV,NONE,UnpublishedOPD
ishkonigan,ishkonigan,NA,NA_C,NONE,UnpublishedOPD
miinigoowiziwin,miinigoowiziwin,NI,NI_C,NONE,UnpublishedOPD
ishkwedoonaagan,ishkwedoonaagan,NI,NI_C,NONE,UnpublishedOPD
dibishkamoo-miinigoowin,dibishkamoo-miinigoowin,NI,NI_C,NONE,UnpublishedOPD
gete-amikwiish,gete-amikwiish,NI,NI_C,NONE,UnpublishedOPD
dinowaandag,dinowaandagw2,NA,NA_Cw,NONE,UnpublishedOPD
babiizigindib,babiizigindib,NA,NA_C,NONE,UnpublishedOPD
zhizhoobii'igani-mazinaakizigan,zhizhoobii'igani-mazinaakizigan,NI,NI_C,NONE,UnpublishedOPD
michaakojaan,michaakojaan,NI,NI_C,NONE,UnpublishedOPD
zhaawanoowikwe,zhaawanoowikwew2,NA,NA_VV,NONE,UnpublishedOPD
azhiganegaan,azhiganegaan,NI,NI_C,NONE,UnpublishedOPD
azhiganezi-giizis,azhiganezi-giizisw2,NA,NA_Cw,NONE,UnpublishedOPD
zhiishiibanashkidiigwan,zhiishiibanashkidiigwan,NA,NA_C,NONE,UnpublishedOPD
aandegwananii,aandegwananiiw2,NA,NA_VV,NONE,UnpublishedOPD
zhingibisiwizid,zhingibisiwizid,NI,NI_C,NONE,UnpublishedOPD
awakaanens,awakaanens,NA,NA_C,NONE,UnpublishedOPD
ziigwebinige-mashkimod,bapagozh,NI,NI_C,NONE,UnpublishedOPD
bigwajinini,bigwajininiw2,NA,NA_Vw,NONE,UnpublishedOPD
nooka'iskawaan,nooka'iskawaan,NI,NI_C,NONE,https://ojibwe.lib.umn.edu/main-entry/nooka-iskawaan-ni
badakijii'igewanaakoons,badakijii'igewanaakoons,NI,NI_C,NONE,UnpublishedOPD
giishkikomaan,giishkikomaan,NI,NI_C,NONE,UnpublishedOPD
gichi-awiyag,gichi-awiyag,NA,NA_C,NONE,UnpublishedOPD
ayaabedik,ayaabedikw2,NA,NA_Cw,NONE,UnpublishedOPD
gagwejikazhiwe-mishtadim,gagwejikazhiwe-mishtadimw2,NA,NA_Cw,NONE,UnpublishedOPD
asigweshimowin,asigweshimowin,NI,NI_C,NONE,UnpublishedOPD
ayasigweshimowin,ayasigweshimowin,NI,NI_C,NONE,UnpublishedOPD
bikwaakoshtigwaane-name,bikwaakoshtigwaane-namew2,NA,NA_VV,NONE,UnpublishedOPD
mishi-gayaashk,mishi-gayaashkw2,NA,NA_Cw,NONE,UnpublishedOPD
misanzi,misanziw2,NA,NA_Vw,NONE,UnpublishedOPD
mishise,mishisew2,NA,NA_VV,NONE,UnpublishedOPD
mazininiins,mazininiins,NA,NA_C,NONE,UnpublishedOPD
zhingobaakwaandag,zhingobaakwaandagw2,NA,NA_Cw,NONE,UnpublishedOPD
boodawadoome,boodawadoomew2,NA,NA_VV,NONE,UnpublishedOPD
zhooshooshkwajiwekana,zhooshooshkwajiwekan,NI,NI_Kana,NONE,UnpublishedOPD
naanaabisjigan,naanaabisjigan,NI,NI_C,NONE,UnpublishedOPD
anishinaabewinini,anishinaabewininiw2,NA,NA_Vw,NONE,UnpublishedOPD
miskominaganzhiiwaabo,miskominaganzhiiwaabow2,NI,NI_Vw,NONE,https://ojibwe.lib.umn.edu/main-entry/miskominaganzhiiwaabo-ni
naanaazikizigwagoons,naanaazikizigwagoons,NA,NA_C,NONE,UnpublishedOPD
zhawendaawasowin,zhawendaawasowin,NI,NI_C,NONE,https://ojibwe.lib.umn.edu/main-entry/zhawendaawasowin-ni
ombaasinjigan,ombaasinjigan,NI,NI_C,NONE,https://ojibwe.lib.umn.edu/main-entry/ombaasinjigan-ni
dabasenindizowin,dabasenindizowin,NI,NI_C,NONE,UnpublishedOPD
wiikwanjigan,wiikwanjigan,NI,NI_C,NONE,UnpublishedOPD
bineshiinhwi-waakaa'iganens,bineshiinhwi-waakaa'iganens,NI,NI_C,NONE,https://ojibwe.lib.umn.edu/main-entry/bineshiinhwi-waakaa-iganens-ni
mikiingwaan,mikiingwaan,NI,NI_C,NONE,UnpublishedOPD
madogaanaak,madogaanaakw2,NI,NI_Cw,NONE,UnpublishedOPD
giizhigoowinini,giizhigoowininiw2,NA,NA_Vw,NONE,UnpublishedOPD
waabi-gaag,waabi-gaagw2,NA,NA_Cw,NONE,UnpublishedOPD
dagwaagizhoob,dagwaagizhoob,NA,NA_C,NONE,UnpublishedOPD
ishkwaandemabanzh,ishkwaandemabanzhy2,NI,NI_Cy,NONE,UnpublishedOPD
moona'aawangwewidaabaan,moona'aawangwewidaabaank,NA,NA_C,NONE,https://ojibwe.lib.umn.edu/main-entry/moona-aawangwewidaabaan-na
baabagonigan,baabagonigan,NI,NI_C,NONE,UnpublishedOPD
nooshkaachinaaganikaan,nooshkaachinaaganikaan,NI,NI_C,NONE,UnpublishedOPD
manoomini-wazhashkwedowens,manoomini-wazhashkwedowens,NI,NI_C,NONE,UnpublishedOPD
waasigani-ishkode,waasigani-ishkodew2,NI,NI_VV,NONE,UnpublishedOPD
andwaabaawajigewinini,andwaabaawajigewininiw2,NA,NA_Vw,NONE,UnpublishedOPD
andwaabaawajigewikwe,andwaabaawajigewikwew2,NA,NA_VV,NONE,UnpublishedOPD
omaamaa-bineshiinh,omaamaa-bineshiiny1,NA,NA_VVny,NONE,UnpublishedOPD
odede-bineshiinh,odede-bineshiiny1,NA,NA_VVny,NONE,UnpublishedOPD
maashkikiiwaatig,maashkikiiwaatigw2,NA,NA_Cw,NONE,UnpublishedOPD
mashkikiiwi-wiisiniwin,mashkikiiwi-wiisiniwin,NI,NI_C,NONE,UnpublishedOPD
zesegaandagojiibik,zesegaandagojiibik,NI,NI_C,NONE,UnpublishedOPD
waaboozowayaan,waaboozowayaan,NA,NA_C,NONE,UnpublishedOPD
odenaniwikaan,odenaniwikaan,NI,NI_C,NONE,https://ojibwe.lib.umn.edu/main-entry/odenaniwikaan-ni
dikinaagani-waapijiibizoneyaab,dikinaagani-waapijiibizoneyaaby2,NI,NI_Cy,NONE,UnpublishedOPD
jakibii'igan,jakibii'igan,NI,NI_C,NONE,https://ojibwe.lib.umn.edu/main-entry/jakibii-igan-ni
baswewesijigan,baswewesijigan,NI,NI_C,NONE,UnpublishedOPD
gaasiibii'igan,gaasiibii'igan,NI,NI_C,NONE,UnpublishedOPD
gaasiibii'iganaak,gaasiibii'iganaakw2,NI,NI_Cw,NONE,UnpublishedOPD
gaakaawaakizigan,gaakaawaakizigan,NI,NI_C,NONE,UnpublishedOPD
ginoozhe-naboob,ginoozhe-nabooby2,NI,NI_Cy,NONE,UnpublishedOPD
noonaajiganimoodaabik,noonaajiganimoodaabikw2,NI,NI_Cw,NONE,https://ojibwe.lib.umn.edu/main-entry/noonaajiganimoodaabik-ni
apambizonens,apambizonens,NI,NI_C,NONE,https://ojibwe.lib.umn.edu/main-entry/apambizonens-ni
apamibizon,apamibizon,NI,NI_C,NONE,https://ojibwe.lib.umn.edu/main-entry/apamibizon-ni
daashkiga'isaan,daashkiga'isaan,NI,NI_C,NONE,https://ojibwe.lib.umn.edu/main-entry/daashkiga-isaan-ni
zenibaa-asabaabis,zenibaa-asabaabis,NA,NA_C,NONE,UnpublishedOPD
dazhiikigan,dazhiikigan,NI,NI_C,NONE,UnpublishedOPD
jiigishkiinzhigokaanan,jiigishkiinzhigokaan,NI,NI_C,NONE,UnpublishedOPD
ginebigo-wiiyaas,ginebigo-wiiyaas,NI,NI_C,NONE,UnpublishedOPD
ombaasinjiganens,ombaasinjiganens,NI,NI_C,NONE,UnpublishedOPD
nibe'iwe-nagamon,nibe'iwe-nagamon,NI,NI_C,NONE,UnpublishedOPD
makizinens,makizinens,NI,NI_C,NONE,https://ojibwe.lib.umn.edu/main-entry/makizinens-ni
gaakaazootaadiwin,gaakaazootaadiwin,NI,NI_C,NONE,UnpublishedOPD
niimaakwa'igan,niimaakwa'igan,NI,NI_C,NONE,UnpublishedOPD
nindoondan,nindoondan,NID,NID_C,NONE,UnpublishedOPD
nindoondaneyaaby,nindoondaneyaaby2,NID,NID_Cy,NONE,UnpublishedOPD
gidoondaneyaab,gidoondaneyaab,NID,NID_C,NONE,UnpublishedOPD
odoondaneyaab,odoondaneyaab,NID,NID_C,NONE,UnpublishedOPD
ishpidoondanekizin,ishpidoondanekizin,NI,NI_C,NONE,UnpublishedOPD
zhaawanoowinini,zhaawanoowininiw2,NA,NA_Vw,NONE,https://ojibwe.lib.umn.edu/main-entry/zhaawanoowinini-na-9acb8736-f61a-455d-a8f8-9986b931b849
bizhikiiwi-aadaakobijigan,bizhikiiwi-aadaakobijigan,NI,NI_C,NONE,https://ojibwe.lib.umn.edu/main-entry/bizhikiiwi-aadaakobijigan-ni
giizhoogwepizon,giizhoogwepizon,NA,NA_C,NONE,https://ojibwe.lib.umn.edu/main-entry/9e601498-95bb-46a0-a0fa-8e769b1a8614
minwaadiziwin,minwaadiziwin,NI,NI_C,NONE,https://ojibwe.lib.umn.edu/main-entry/minwaadiziwin-ni
michikanaakobijigan,michikanaakobijigan,NI,NI_C,NONE,https://ojibwe.lib.umn.edu/main-entry/michikanaakobijigan-ni
wiidige-didibininjiibizon,wiidige-didibininjiibizon,NI,NI_C,NONE,UnpublishedOPD
waabak,waabakw2,NA,NA_irrCw,NONE,https://ojibwe.lib.umn.edu/main-entry/waabak-na
zhingobiikaan,zhingobiikaan,NA,NA_C,NONE,https://ojibwe.lib.umn.edu/main-entry/zhingobiikaan-na
gibidoonepizon,gibidoonepizon,NI,NI_C,NONE,https://ojibwe.lib.umn.edu/main-entry/gibidoonepizon-ni
gibidoonepizowin,gibidoonepizowin,NI,NI_C,NONE,https://ojibwe.lib.umn.edu/main-entry/gibidoonepizowin-ni
mawadisidiwin,mawadisidiwin,NI,NI_C,NONE,https://ojibwe.lib.umn.edu/main-entry/mawadisidiwin-ni
michiingwaan,michiingwaan,NI,NI_C,NONE,https://ojibwe.lib.umn.edu/main-entry/michiingwaan-ni
zhooshkwa'iganaatig,zhooshkwa'iganaatigw2,NI,NI_Cw,NONE,https://ojibwe.lib.umn.edu/main-entry/zhooshkwa-iganaatig-ni
mishtadimoo-desabaan,mishtadimoo-desabaan,NI,NI_C,NONE,https://ojibwe.lib.umn.edu/main-entry/mishtadimoo-desabaan-ni
jaachaangiwebishkige-desabiwin,jaachaangiwebishkige-desabiwin,NI,NI_C,NONE,https://ojibwe.lib.umn.edu/main-entry/jaachaangiwebishkige-desabiwin-ni
jaachaangaakowebishkigan,jaachaangaakowebishkigan,NI,NI_C,NONE,UnpublishedOPD
biinjiweba'igewasab,biinjiweba'igewasaby2,NA,NA_Cy,NONE,https://ojibwe.lib.umn.edu/main-entry/biinjiweba-igewasab-na
andawenjigewin,andawenjigewin,NI,NI_C,NONE,https://ojibwe.lib.umn.edu/main-entry/andawenjigewin-ni
waaboozokon,waaboozokon,NI,NI_C,NONE,https://ojibwe.lib.umn.edu/main-entry/waaboozokon-ni
waabozowiinzob,waabozowiinzoby2,NI,NI_Cy,NONE,https://ojibwe.lib.umn.edu/main-entry/waabozowiinzob-ni
miishiwinaan,miishiwinaan,NI,NI_C,NONE,https://ojibwe.lib.umn.edu/main-entry/miishiwinaan-ni
miishiiginoons,miishiiginoons,NA,NA_C,NONE,https://ojibwe.lib.umn.edu/main-entry/miishiiginoons-na
zhaabwaatewinaaganens,zhaabwaatewinaaganens,NI,NI_C,NONE,https://ojibwe.lib.umn.edu/main-entry/zhaabwaatewinaaganens-ni
moozo-nibewin,moozo-nibewin,NI,NI_C,NONE,UnpublishedOPD
ashashawe-zhaabonigan,ashashawe-zhaabonigan,NI,NI_C,NONE,https://ojibwe.lib.umn.edu/main-entry/ashashawe-zhaabonigan-ni-be36c97c-86bf-4452-8f22-d3fb7b80d7bb
atis,atisy,NI,NI_C,NONE,https://ojibwe.lib.umn.edu/main-entry/atis-ni
odewibii'igan,odewibii'igan,NI,NI_C,NONE,UnpublishedOPD
asabii-nibewinens,asabii-nibewinens,NI,NI_C,NONE,https://ojibwe.lib.umn.edu/main-entry/asabii-nibewinens-ni
boozininjaan,boozininjaan,NI,NI_C,NONE,https://ojibwe.lib.umn.edu/main-entry/boozininjaan-ni
odaminwaabigan,odaminwaabigan,NA,NA_C,NONE,https://ojibwe.lib.umn.edu/main-entry/odaminwaabigan-na
noojiikodaadiwin,noojiikodaadiwin,NI,NI_C,NONE,UnpublishedOPD
nitaawigichigewigamig,nitaawigichigewigamigw2,NI,NI_Cw,NONE,UnpublishedOPD
naabinikebizon,naabinikebizon,NI,NI_C,NONE,https://ojibwe.lib.umn.edu/main-entry/naabinikebizon-ni
beshigwaajigan,beshigwaajigan,NI,NI_C,NONE,https://ojibwe.lib.umn.edu/main-entry/beshigwaajigan-ni
gagwejikazhiwewidaabaan,gagwejikazhiwewidaabaan,NI,NI_C,NONE,https://ojibwe.lib.umn.edu/main-entry/gagwejikazhiwewidaabaan-ni
aazhawaatebii'iganaabik,aazhawaatebii'iganaabikw2,NI,NI_Cw,NONE,UnpublishedOPD
mazinichiganidaminwaagan,mazinichiganidaminwaagan,NA,NA_C,NONE,UnpublishedOPD
ganawenimaagan,ganawenimaagan,NA,NA_C,NONE,https://ojibwe.lib.umn.edu/main-entry/ganawenimaagan-na
manidoominensikewi-zhaabonigan,manidoominensikewi-zhaabonigan,NI,NI_C,NONE,https://ojibwe.lib.umn.edu/main-entry/manidoominensikewi-zhaabonigan-ni
wiimbanakad,wiimbanakadw2,NI,NI_Cw,NONE,UnpublishedOPD
biinzibajigan,biinzibajigan,NI,NI_C,NONE,UnpublishedOPD
wiidige-mazina'igan,wiidige-mazina'igan,NI,NI_C,NONE,UnpublishedOPD
odaabaani-agwaakwa'igan,odaabaani-agwaakwa'igan,NI,NI_C,NONE,UnpublishedOPD
dibishkamoo-mazina'igan,dibishkamoo-mazina'igan,NI,NI_C,NONE,UnpublishedOPD
mazinaagonaginigan,mazinaagonaginigan,NA,NA_C,NONE,UnpublishedOPD
wiininwaabik,wiininwaabikw2,NA,NA_Cw,NONE,https://ojibwe.lib.umn.edu/main-entry/wiininwaabik-na
aagoopizon,aagoopizon,NI,NI_C,NONE,https://ojibwe.lib.umn.edu/main-entry/aagoopizon-ni
ookomisimaa,ookomisimaaw2,NA,NA_VV,NONE,UnpublishedOPD
biiwaabikoonsi-nagwaaganeyaab,biiwaabikoonsi-nagwaaganeyaaby2,NI,NI_Cy,NONE,UnpublishedOPD
biindwewesijigan,biindwewesijigan,NI,NI_C,NONE,https://ojibwe.lib.umn.edu/main-entry/biindwewesijigan-ni
zhiibaashka'igani-nagamon,zhiibaashka'igani-nagamon,NI,NI_C,NONE,UnpublishedOPD
giziininjiiwinaagan,giziininjiiwinaagan,NI,NI_C,NONE,UnpublishedOPD
noojimoowi-wiisiniwin,noojimoowi-wiisiniwin,NI,NI_C,NONE,https://ojibwe.lib.umn.edu/main-entry/noojimoowi-wiisiniwin-ni
manaazondiwin,manaazondiwin,NI,NI_C,NONE,https://ojibwe.lib.umn.edu/main-entry/manaazondiwin-ni
wazhashkwaanow,wazhashkwaanow,NI,NI_C,NONE,https://ojibwe.lib.umn.edu/main-entry/wazhashkwaanow-ni
oshiimenyimaa,oshiimenyimaaw2,NA,NA_VV,NONE,UnpublishedOPD
madoodisonaatig],madoodisonaatigw2,NI,NI_Cw,NONE,https://ojibwe.lib.umn.edu/main-entry/madoodisonaatig-ni
gashi'ewiziwin,gashi'ewiziwin,NI,NI_C,NONE,https://ojibwe.lib.umn.edu/main-entry/gashi-ewiziwin-ni
aagoopizonens,aagoopizonens,NI,NI_C,NONE,https://ojibwe.lib.umn.edu/main-entry/aagoopizonens-ni
asabaabik,asabaabikw2,NI,NI_Cw,NONE,https://ojibwe.lib.umn.edu/main-entry/asabaabik-ni
waasechigani-asabaabik,waasechigani-asabaabikw2,NI,NI_Cw,NONE,https://ojibwe.lib.umn.edu/main-entry/waasechigani-asabaabik-ni
achikinaakobijigan,achikinaakobijigan,NI,NI_C,NONE,https://ojibwe.lib.umn.edu/main-entry/achinaakobijigan-ni
miskomini-zhiiwaabo,miskomini-zhiiwaabow2,NI,NI_Vw,NONE,UnpublishedOPD
niswaagiwebishkigan,niswaagiwebishkigan,NA,NA_C,NONE,https://ojibwe.lib.umn.edu/main-entry/niswaagiwebishkigan-na
ziiwiski-mishiimin,ziiwiski-mishiimin,NA,NA_C,NONE,https://ojibwe.lib.umn.edu/main-entry/ziiwiksi-mishiimin-na
bagiwayaanishi-jiimaan,bagiwayaanishi-jiimaan,NI,NI_C,NONE,https://ojibwe.lib.umn.edu/main-entry/bagiwayaanishi-jiimaan-ni
ogaawasab,ogaawasaby2,NA,NA_Cy,NONE,UnpublishedOPD
odoodooyimaa,odoodooyimaaw2,NA,NA_VV,NONE,UnpublishedOPD
naajiweba'igan,naajiweba'igan,NI,NI_C,NONE,https://ojibwe.lib.umn.edu/main-entry/naajiweba-igan-ni
naajiweba'iganaak,naajiweba'iganaakw2,NI,NI_Cw,NONE,https://ojibwe.lib.umn.edu/main-entry/naajiweba-iganaak-ni
gichi-aya'aawiwin,gichi-aya'aawiwin,NI,NI_C,NONE,https://ojibwe.lib.umn.edu/main-entry/gichi-aya-aawiwin-ni
bashkaabide-binaakwaan,bashkaabide-binaakwaan,NI,NI_C,NONE,https://ojibwe.lib.umn.edu/main-entry/bashkaabide-binaakwaan-ni
ziibiiwaabo,ziibiiwaabow2,NI,NI_Vw,NONE,https://ojibwe.lib.umn.edu/main-entry/ziibiiwaabo-ni
ikwa'ibiiwaabo,ikwa'ibiiwaabow2,NI,NI_Vw,NONE,https://ojibwe.lib.umn.edu/main-entry/ikwa-ibiiwaabo-ni
ozhiga'igewakik,ozhiga'igewakikw2,NA,NA_Cw,NONE,https://ojibwe.lib.umn.edu/main-entry/ozhiga-igewakik-na
gashkaabika'igan,gashkaabika'igan,NA,NA_C,NONE,https://ojibwe.lib.umn.edu/main-entry/gashkaabika-igan-na
zhooshkonigewigamig,zhooshkonigewigamigw2,NI,NI_Cw,NONE,https://ojibwe.lib.umn.edu/main-entry/zhooshkonigewigamig-ni
mako-wanii'igan,mako-wanii'igan,NI,NI_C,NONE,https://ojibwe.lib.umn.edu/main-entry/mako-wanii-igan-ni
gichi-gibaakwa'odiiwigamig,gichi-gibaakwa'odiiwigamigw2,NI,NI_Cw,NONE,https://ojibwe.lib.umn.edu/main-entry/gichi-dibaakwa-odiiwigamig-ni
gaasiizideshimowin,gaasiizideshimowin,NI,NI_C,NONE,https://ojibwe.lib.umn.edu/main-entry/gaasiizideshimowin-ni
zhaabwaate-mashkimod,zhaabwaate-mashkimod,NI,NI_C,NONE,UnpublishedOPD
ziidwaawigane'igan,ziidwaawigane'igan,NI,NI_C,NONE,UnpublishedOPD
waabi-maang,waabi-maangw2,NA,NA_irrCw,NONE,https://ojibwe.lib.umn.edu/main-entry/waabi-maang-na
naabizidaanjigan,naabizidaanjigan,NI,NI_C,NONE,UnpublishedOPD
makizineyaabiikaan,makizineyaabiikaanan,NI,NI_C,NONE,UnpublishedOPD
bizhikiiwaabo,bizhikiiwaabow2,NI,NI_Vw,NONE,UnpublishedOPD
jiisaako'owesi,jiisaako'owesiwag,NA,NA_C,NONE,UnpublishedOPD
awishtoyaa,awishtoyaaw2,NA,NA_VV,NONE,UnpublishedOPD
esibaninagizh,esibaninagizhy2,NI,NI_Cy,NONE,UnpublishedOPD
oshkabinoojiinh-dikinaagan,oshkabinoojiinh-dikinaagan,NI,NI_C,NONE,UnpublishedOPD
abinoojiinh-wiiwakwaanens,abinoojiinh-wiiwakwaanens,NI,NI_C,NONE,UnpublishedOPD
abinoojiinh-magoodaas,abinoojiinh-magoodaas,NI,NI_C,NONE,UnpublishedOPD
dabasibagoons,dabasibagoons,NI,NI_C,NONE,UnpublishedOPD
daawin,daawin,NI,NI_C,NONE,UnpublishedOPD
obiinjigegan,obiinjigegan,NID,NID_C,NONE,UnpublishedOPD
waawaashkeshiwinagizh,waawaashkeshiwinagizhy2,NI,NI_Cy,NONE,UnpublishedOPD
waawaashkeshiwishkanzh,waawaashkeshiwishkanzhy,NA,NA_C,NONE,UnpublishedOPD
omoowij,omoowij,NID,NID_C,NONE,UnpublishedOPD
oniigi'igomaa,oniigi'igomaaw2,NA,NA_VV,NONE,UnpublishedOPD
apamibizowin,apamibizowin,NI,NI_C,NONE,UnpublishedOPD
miinwaawigane'igan,miinwaawigane'igan,NI,NI_C,NONE,UnpublishedOPD
ishpaandawebizon,ishpaandawebizon,NI,NI_C,NONE,UnpublishedOPD
niisaandawebizon,niisaandawebizon,NI,NI_C,NONE,UnpublishedOPD
bashkwegino-zhaabonigan,bashkwegino-zhaabonigan,NI,NI_C,NONE,UnpublishedOPD
makizinensikaan,makizinensikaan,NI,NI_C,NONE,UnpublishedOPD
gwiiwizensiwi-makizin,gwiiwizensiwi-makizin,NI,NI_C,NONE,UnpublishedOPD
ikwezensiwi-makizin,ikwezensiwi-makizin,NI,NI_C,NONE,UnpublishedOPD
ginoojii-agosimaan,ginoojii-agosimaan,NI,NI_C,NONE,UnpublishedOPD
wiikwakwaanikaan,wiikwakwaanikaan,NI,NI_C,NONE,UnpublishedOPD
gaanda'igwaasonikaan,gaanda'igwaasonikaan,NA,NA_C,NONE,UnpublishedOPD
baakibijigan,baakibijigan,NI,NI_C,NONE,UnpublishedOPD
apaawiganepizon,apaawiganepizon,NI,NI_C,NONE,UnpublishedOPD
inawendiwin,inawendiwin,NI,NI_C,NONE,https://ojibwe.lib.umn.edu/main-entry/inawendiwin-ni
miinwaawigane'on,miinwaawigane'on,NI,NI_C,NONE,UnpublishedOPD
bikwaawiganesi,bikwaawiganesiw2,NA,NA_Vw,NONE,UnpublishedOPD
apikweshimonensikaan,apikweshimonensikaan,NI,NI_C,NONE,UnpublishedOPD
biboonakizin,biboonakizin,NI,NI_C,NONE,UnpublishedOPD
gagaanonagwe-biitooshkigan,gagaanonagwe-biitooshkigan,NI,NI_C,NONE,UnpublishedOPD
maada'ookiiwikwe,maada'ookiiwikwew2,NA,NA_VV,NONE,UnpublishedOPD
mitigo-gibaabowe'igan,mitigo-gibaabowe'igan,NI,NI_C,NONE,UnpublishedOPD
maangwegin,maangweginw2,NI,NI_Cw,NONE,UnpublishedOPD
zenibaawazhigan,zenibaawazhigan,NI,NI_C,NONE,UnpublishedOPD
biiwaabikodaabaan,biiwaabikodaabaan,NI,NI_C,NONE,UnpublishedOPD
biisizhigan,biisizhigan,NI,NI_C,NONE,UnpublishedOPD
aadaakobizon,aadaakobizon,NI,NI_C,NONE,UnpublishedOPD
gaasiibi'igan,gaasiibi'igan,NI,NI_C,NONE,UnpublishedOPD
giziindime'oniigin,giziindime'oniiginw2,NI,NI_Cw,NONE,UnpublishedOPD
aadasookaan,aadasookaan,NI,NI_C,NONE,UnpublishedOPD
aadasookaan,aadasookaan,NA,NA_C,NONE,UnpublishedOPD
waasakonejiisi,waasakonejiisiw2,NA,NA_Vw,NONE,https://ojibwe.lib.umn.edu/main-entry/waasakonejiisi-na
minogii-mashkikiins,minogii-mashkikiins,NI,NI_C,NONE,https://ojibwe.lib.umn.edu/main-entry/minogii-mashkikiins-ni
bikwaakwadominens,bikwaakwadominens,NI,NI_C,NONE,UnpublishedOPD
weba'aagonebizon,weba'aagonebizon,NI,NI_C,NONE,https://ojibwe.lib.umn.edu/main-entry/weba-aagonebizon-ni
waawaashkeshiwi-nibewin,waawaashkeshiwi-nibewin,NI,NI_C,NONE,UnpublishedOPD
awesiinhwayaan,awesiinhwayaan,NA,NA_C,NONE,UnpublishedOPD
mishtadimookaanens,mishtadimookaanens,NA,NA_C,NONE,UnpublishedOPD
achikinaakobijigani-ishkwandem,achikinaakobijigani-ishkwandem,NI,NI_C,NONE,UnpublishedOPD
ziidwaawiganeshinowin,ziidwaawiganeshinowin,NI,NI_C,NONE,UnpublishedOPD
mizhakwanaagon,mizhakwanaagon,NA,NA_C,NONE,UnpublishedOPD
okanjigan,okanjigan,NI,NI_C,NONE,UnpublishedOPD
daashkiga'isewaatig,daashkiga'isewaatigw2,NI,NI_Cw,NONE,UnpublishedOPD
inoo'igeninjaan,inoo'igeninjaan,NI,NI_C,NONE,UnpublishedOPD
wiimbanak,wiimbanakw2,NA,NA_Cw,NONE,https://ojibwe.lib.umn.edu/main-entry/wiimbanak-na
giishkanagwe-bagiwayaan,giishkanagwe-bagiwayaan,NI,NI_C,NONE,UnpublishedOPD
zhiiga'ashkimodaash,zhiiga'ashkimodaash,NI,NI_C,NONE,UnpublishedOPD
aanikawigan,aanikawigan,NI,NI_C,NONE,UnpublishedOPD
zagaabiiginiganens,zagaabiiginiganens,NI,NI_C,NONE,UnpublishedOPD
wiijidaamaagan,wiijidaamaagan,NA,NA_C,NONE,UnpublishedOPD
zakaabiigisijigan,zakaabiigisijigan,NI,NI_C,NONE,UnpublishedOPD
zhooshkwajiwebizowin,zhooshkwajiwebizowin,NI,NI_C,NONE,UnpublishedOPD
niiyogaadewidaabaan,niiyogaadewidaabaan,NA,NA_C,NONE,UnpublishedOPD
bapakite'igewinini,bapakite'igewininiw2,NA,NA_Vw,NONE,UnpublishedOPD
giiwashijaan,giiwashijaan,NA,NA_C,NONE,UnpublishedOPD
zhiishiibitigwaanens,zhiishiibitigwaanens,NI,NI_C,NONE,UnpublishedOPD
moozobiiway,moozobiiway,NI,NI_C,NONE,https://ojibwe.lib.umn.edu/main-entry/moozobiiway-na
animoshibiiway,animoshibiiway,NI,NI_C,NONE,UnpublishedOPD
zazegaa-abinoojiinh,zazegaa-abinoojiiny1,NA,NA_VVny,NONE,UnpublishedOPD
bineshiinh-waakaa'iganens,bineshiinh-waakaa'iganens,NI,NI_C,NONE,UnpublishedOPD
baate-zhingwaak,baate-zhingwaakw2,NA,NA_irrCw,NONE,https://ojibwe.lib.umn.edu/main-entry/baate-zhingwaak-na
ininaandaganagek,ininaandaganagekw2,NA,NA_Cw,NONE,UnpublishedOPD
ojijaakaang,ojijaakaang,NI,NI_C,NONE,UnpublishedOPD
desaakwa'iganaak,desaakwa'iganaakw2,NI,NI_Cw,NONE,UnpublishedOPD
aanike-diba'igewin,aanike-diba'igewin,NI,NI_C,NONE,UnpublishedOPD
wekwegam,wekwegamy,NI,NI_C,NONE,https://ojibwe.lib.umn.edu/main-entry/wekwegam-ni
giizhoozidaanikaan,giizhoozidaanikaan,NI,NI_C,NONE,UnpublishedOPD
wanwewesewin,wanwewesewin,NI,NI_C,NONE,UnpublishedOPD
nizow,nizow,NID,NID_aa,NONE,UnpublishedOPD
nabagasin,nabagasiny1,NA,NA_VVny,NONE,UnpublishedOPD
zaagaatenigan,zaagaatenigan,NI,NI_C,NONE,UnpublishedOPD
mashkosii-dakobijiganaabikoons,mashkosii-dakobijiganaabikoons,NI,NI_C,NONE,UnpublishedOPD
ajidagoonaak,ajidagoonaakw2,NI,NI_Cw,NONE,UnpublishedOPD
ajidagoonaagan,ajidagoonaagan,NA,NA_C,NONE,UnpublishedOPD
gashkiiga'on,gashkiiga'on,NI,NI_C,NONE,UnpublishedOPD
shnagwan,shnagwan,NID,NID_C,NONE,UnpublishedOPD
iij'animw,iij'animw2,NAD,NAD_Cw,NONE,UnpublishedOPD
giizhiki-biindakadewaan,giizhiki-biindakadewaan,NA,NA_C,NONE,UnpublishedOPD
anishinaabe-inaadiziwin,anishinaabe-inaadiziwin,NI,NI_C,NONE,UnpublishedOPD
aabajitamaagoowiziwin,aabajitamaagoowiziwin,NI,NI_C,NONE,UnpublishedOPD
wiijitwaagoowiziwin,wiijitwaagoowiziwin,NI,NI_C,NONE,UnpublishedOPD
aajisaginigan,aajisaginigan,NI,NI_C,NONE,UnpublishedOPD
aanikoogwaajigan,aanikoogwaajigan,NI,NI_C,NONE,UnpublishedOPD
ginwaajimowin,ginwaajimowin,NI,NI_C,NONE,https://ojibwe.lib.umn.edu/main-entry/ginwaajimowin-ni
dakwaajimowin,dakwaajimowin,NI,NI_C,NONE,UnpublishedOPD
webaasinjigan,webaasinjigan,NI,NI_C,NONE,https://ojibwe.lib.umn.edu/main-entry/webaasinjigan-ni
zhimaaganishii-nagamon,zhimaaganishii-nagamon,NI,NI_C,NONE,UnpublishedOPD
manidoowishkode,manidoowishkodew2,NI,NI_VV,NONE,UnpublishedOPD
bagidaa'waawin,bagidaa'waawin,NI,NI_C,NONE,https://ojibwe.lib.umn.edu/main-entry/bagidaa-waawin-ni
basoonokaan,basoonokaan,NI,NI_C,NONE,UnpublishedOPD
miini-baasiminaan,miini-baasiminaan,NI,NI_C,NONE,UnpublishedOPD
onji'idiwin,onji'idiwin,NI,NI_C,NONE,UnpublishedOPD
omiishijiiminaganzh,omiishijiiminaganzhy2,NA,NA_Cy,NONE,UnpublishedOPD
biindaagan,biindaagan,NI,NI_C,NONE,UnpublishedOPD
desa'igan,desa'igan,NI,NI_C,NONE,https://ojibwe.lib.umn.edu/main-entry/desa-igan-ni
azaadii-oziban,azaadii-oziban,NI,NI_C,NONE,UnpublishedOPD
waawaashkeshiwiwegin,waawaashkeshiwiweginw2,NI,NI_Cw,NONE,UnpublishedOPD
waawaashkeshiwisagiin,waawaashkeshiwisagiin,NI,NI_C,NONE,UnpublishedOPD
waawaashkeshiwitawag,waawaashkeshiwitawag,NI,NI_C,NONE,UnpublishedOPD
waawaashkeshiwitigwaan,waawaashkeshiwitigwaan,NI,NI_C,NONE,UnpublishedOPD
waawaashkeshiwishkinzh,waawaashkeshiwishkinzhy2,NI,NI_Cy,NONE,UnpublishedOPD
waawaashkeshiwimoowij,waawaashkeshiwimoowij,NI,NI_C,NONE,UnpublishedOPD
moozwijaan,moozwijaan,NI,NI_C,NONE,UnpublishedOPD
minwaajimowin,minwaajimowin,NI,NI_C,NONE,UnpublishedOPD
odiniigan,odiniigan,NAD,NAD_C,NONE,https://ojibwe.lib.umn.edu/main-entry/odiniigan-nad
zhinoodaagani-biiwaabik,zhinoodaagani-biiwaabikw2,NI,NI_Cw,NONE,UnpublishedOPD
mashkikiwaatig,mashkikiwaatigw2,NI,NI_Cw,NONE,UnpublishedOPD
zhiigoshkigan,zhiigoshkigan,NA,NA_C,NONE,UnpublishedOPD
bimaaji'idizowin,bimaaji'idizowin,NI,NI_C,NONE,UnpublishedOPD
ondaaji'idizowin,ondaaji'idizowin,NI,NI_C,NONE,UnpublishedOPD
misayaabe,misayaabew2,NA,NA_VV,NONE,UnpublishedOPD
mishtayaabe,mishtayaabew2,NA,NA_VV,NONE,UnpublishedOPD
gibwanaakoonzhish,gibwanaakoonzhish,NA,NA_C,NONE,UnpublishedOPD
gibwanaakoons,gibwanaakoons,NA,NA_C,NONE,UnpublishedOPD
zagwaabide-binaakwaan,zagwaabide-binaakwaan,NI,NI_C,NONE,https://ojibwe.lib.umn.edu/main-entry/zagwaabide-binaakwaan-ni
gichimookomaan,gichimookomaan,NA,NA_C,NONE,https://ojibwe.lib.umn.edu/main-entry/gichimookomaan-na
webinigewi-giizis,webinigewi-giizis,NA,NA_C,NONE,UnpublishedOPD
adimaneyaab,adimaneyaaby2,NI,NI_Cy,NONE,UnpublishedOPD
bikwaakwadoons,bikwaakwadoons,NI,NI_C,NONE,https://ojibwe.lib.umn.edu/main-entry/bikwaakwadoons-ni
baasige-makak,baasige-makakw2,NI,NI_Cw,NONE,https://ojibwe.lib.umn.edu/main-entry/baasige-makak-ni
gaasiidoone'oni-mazina'iganens,gaasiidoone'oni-mazina'iganens,NI,NI_C,NONE,https://ojibwe.lib.umn.edu/main-entry/gaasiidoone-oni-mazina-iganens-ni
gindaabiiginiganens,gindaabiiginiganens,NI,NI_C,NONE,UnpublishedOPD
bigishkiboodewi-wiiyaas,bigishkiboodewi-wiiyaas,NI,NI_C,NONE,https://ojibwe.lib.umn.edu/main-entry/bigishkiboodewi-wiiyaas-ni
zaasakokwaani-bimide,zaasakokwaani-bimidew2,NI,NI_VV,NONE,https://ojibwe.lib.umn.edu/main-entry/zaasakokwaani-bimide-ni
iidakiwenziiy,iidakiwenziiy1,NAD,NAD_VVy,NONE,https://ojibwe.lib.umn.edu/main-entry/iidakiwenziiy-nad
wiidakiwenziiyan,wiidakiwenziiyan,NAD,NAD_C,NONE,https://ojibwe.lib.umn.edu/main-entry/wiidakiwenziiyan-nad
giidakiwenzii,giidakiwenziiw2,NA,NA_VV,NONE,https://ojibwe.lib.umn.edu/main-entry/giidakiwenzii-na
minochigewin,minochigewin,NI,NI_C,NONE,UnpublishedOPD
wanii'igesi,wanii'igesiw2,NA,NA_Vw,NONE,https://ojibwe.lib.umn.edu/main-entry/wanii-igesi-na
jiishaanowebijigan,jiishaanowebijigan,NI,NI_C,NONE,UnpublishedOPD
jiishaabowezhigan,jiishaabowezhigan,NI,NI_C,NONE,UnpublishedOPD
naabe-ojiig,naabe-ojiig,NA,NA_C,NONE,UnpublishedOPD
noozhe-ojiig,noozhe-ojiig,NA,NA_C,NONE,https://ojibwe.lib.umn.edu/main-entry/noozhe-ojiig-na
odaabaani-maagobijigan,odaabaani-maagobijigan,NI,NI_C,NONE,https://ojibwe.lib.umn.edu/main-entry/odaabaani-maagobijigan-ni
meme-nagamon,meme-nagamon,NI,NI_C,NONE,UnpublishedOPD
bagiwayaanishi-giziisaga'igan,bagiwayaanishi-giziisaga'igan,NI,NI_C,NONE,UnpublishedOPD
anijiiminens,anijiiminens,NA,NA_C,NONE,UnpublishedOPD
apizhigewaatig,apizhigewaatigw2,NI,NI_Cw,NONE,UnpublishedOPD
mitigomin,mitigomin,NA,NA_C,NONE,https://ojibwe.lib.umn.edu/main-entry/mitigomin-na
bagiwayaanishi-odaminwaagan,bagiwayaanishi-odaminwaagan,NA,NA_C,NONE,https://ojibwe.lib.umn.edu/main-entry/bagiwayaanishi-odaminwaagan-na
waabishki-gookooko'oo,waabishki-gookooko'oow2,NA,NA_VV,NONE,https://ojibwe.lib.umn.edu/main-entry/waabishki-gookooko-oo-na
minwaanigoziwin,minwaanigoziwin,NI,NI_C,NONE,https://ojibwe.lib.umn.edu/main-entry/minwaanigoziwin-ni
minawaanigoziwin,minawaanigoziwin,NI,NI_C,NONE,https://ojibwe.lib.umn.edu/main-entry/minawaanigoziwin-ni
bibooni-bineshiinh,bibooni-bineshiinh,NA,NA_C,NONE,https://ojibwe.lib.umn.edu/main-entry/bibooni-bineshiinh-na
aatawe'igesi,aatawe'igesiw2,NA,NA_Vw,NONE,https://ojibwe.lib.umn.edu/main-entry/aatawe-igesi-na
moona'aabikwaanaabik,moona'aabikwaanaabikw2,NI,NI_Cw,NONE,https://ojibwe.lib.umn.edu/main-entry/moona-aabikwaanaabik-ni
ditibidaabaanaak,ditibidaabaanaakw2,NA,NA_Cw,NONE,https://ojibwe.lib.umn.edu/main-entry/ditibidaabaanaak-na
animopigay,animopigay,NA,NA_C,NONE,UnpublishedOPD
animopikwan,animopikwan,NI,NI_C,NONE,UnpublishedOPD
animode',animode',NI,NI_C,NONE,https://ojibwe.lib.umn.edu/main-entry/animode-ni
animo-gitaakwapizon,animo-gitaakwapizon,NI,NI_C,NONE,https://ojibwe.lib.umn.edu/main-entry/animo-gitaakwapizon-ni
ogikiwe'on,ogikiwe'on,NI,NI_C,NONE,UnpublishedOPD
ozhiga'iganaaboo,ozhiga'iganaaboow2,NI,NI_VV,NONE,https://ojibwe.lib.umn.edu/main-entry/ozhiga-oganaaboo-ni
asabikewaatig,asabikewaatigw2,NI,NI_Cw,NONE,UnpublishedOPD
gichi-bagoneboojigan,gichi-bagoneboojigan,NI,NI_C,NONE,UnpublishedOPD
dakaasinijigan,dakaasinijigan,NI,NI_C,NONE,https://ojibwe.lib.umn.edu/main-entry/dakaasinijigan-ni
ziibiiwishenh,ziibiiwisheny1,NI,NI_VVny,NONE,https://ojibwe.lib.umn.edu/main-entry/ziibiiwishenh-ni
ziibiiwishenyiwakamigaa,ziibiiwishenyiwakamigaaw2,NI,NI_VV,NONE,https://ojibwe.lib.umn.edu/main-entry/ziibiiwishenyiwakamigaa-ni
akakwijiishi,akakwijiishiw2,NA,NA_Vw,NONE,https://ojibwe.lib.umn.edu/main-entry/akakwijiishi-na
gibishkwaande'igan,gibishkwaande'igan,NI,NI_C,NONE,https://ojibwe.lib.umn.edu/main-entry/gibishkwaande-igan-ni
manidoo-wiiyaas,manidoo-wiiyaas,NI,NI_C,NONE,https://ojibwe.lib.umn.edu/main-entry/manidoo-wiiyaas-ni
manidoo-bimide,manidoo-bimidew2,NI,NI_VV,NONE,https://ojibwe.lib.umn.edu/main-entry/manidoo-bimide-ni
giigoonh-gokeyaw,giigoonh-gokeyaw,NI,NI_C,NONE,https://ojibwe.lib.umn.edu/main-entry/giigoonh-gokeyaw-ni
giizhikadikwan,giizhikadikwan,NI,NI_C,NONE,https://ojibwe.lib.umn.edu/main-entry/giizhikadiwan-ni
azaadiiwadikwan,azaadiiwadikwan,NI,NI_C,NONE,https://ojibwe.lib.umn.edu/main-entry/azaadii-wadikwan-ni
adoopiiwadikwan,adoopiiwadikwan,NI,NI_C,NONE,https://ojibwe.lib.umn.edu/main-entry/adoopiiwadikwan-ni
asanjigon,asanjigon,NI,NI_C,NONE,https://ojibwe.lib.umn.edu/main-entry/asanjigon-ni
ziibiskanaamowin,ziibiskanaamowin,NI,NI_C,NONE,https://ojibwe.lib.umn.edu/main-entry/ziibiskanaamowin-ni
akaan,akaan,NI,NI_C,NONE,https://ojibwe.lib.umn.edu/main-entry/akaan-ni
bimidekaan,bimidekaan,NI,NI_C,NONE,https://ojibwe.lib.umn.edu/main-entry/bimidekaan-ni
doozhimiwayaan,doozhimiwayaan,NAD,NAD_C,NONE,https://ojibwe.lib.umn.edu/main-entry/odoozhimiwayaan-na
apagada'an,apagada'anw2,NI,NI_Cw,NONE,https://ojibwe.lib.umn.edu/main-entry/apagada-an-ni
akakwijiishiwaazh,akakwijiishiwaazh,NI,NI_C,NONE,https://ojibwe.lib.umn.edu/main-entry/akakwijiishiwaazh-ni
aanosaagan,aanosaagan,NI,NI_C,NONE,https://ojibwe.lib.umn.edu/main-entry/aanosaagan-ni
gookoonaan,gookoonaan,NAD,NAD_C,NONE,UnpublishedOPD
apis,apis,NA,NA_C,NONE,https://ojibwe.lib.umn.edu/main-entry/apis-na
wiidigewin,wiidigewin,NI,NI_C,NONE,https://ojibwe.lib.umn.edu/main-entry/546d9293-f19d-4739-8679-627fffafc87e
biiniyaadii,biiniyaadiiy1,NA,NA_VVy,NONE,UnpublishedOPD
anishinaabewazhaga'ay,anishinaabewazhaga'ay,NA,NA_C,NONE,https://ojibwe.lib.umn.edu/main-entry/anishinaabewazhaga-ay-na
giipidoonebii'igan,giipidoonebii'igan,NI,NI_C,NONE,https://ojibwe.lib.umn.edu/main-entry/giipidoonebii-igan-ni
biitawi-miikanens,biitawi-miikanens,NI,NI_C,NONE,https://ojibwe.lib.umn.edu/main-entry/biitawi-miikanens-ni
inanjigewi-mazina'igan,inanjigewi-mazina'igan,NI,NI_C,NONE,https://ojibwe.lib.umn.edu/main-entry/inanjigewi-mazina-igan-ni
inizekwewi-mazina'igan,inizekwewi-mazina'igan,NI,NI_C,NONE,https://ojibwe.lib.umn.edu/main-entry/inizekwewi-mazina-igan-ni
mazinaagoneshinowin,mazinaagoneshinowin,NI,NI_C,NONE,https://ojibwe.lib.umn.edu/main-entry/mazinaagineshinowin-ni
moozogwaakon,moozogwaakon,NI,NI_C,NONE,UnpublishedOPD
inaabii'igeyaabikizigesewin,inaabii'igeyaabikizigesewin,NI,NI_C,NONE,https://ojibwe.lib.umn.edu/main-entry/inaabii-igeyaabikizigesewin-ni
mayagaatig,mayagaatigw2,NA,NA_Cw,NONE,UnpublishedOPD
wanaadamik,wanaadamikw2,NA,NA_Cw,NONE,UnpublishedOPD
odisiiyaaby,odisiiyaaby2,NID,NID_Cy,NONE,https://ojibwe.lib.umn.edu/main-entry/odisiiyaab-nid
ginebigwaatig,ginebigwaatigw2,NA,NA_Cw,NONE,https://ojibwe.lib.umn.edu/main-entry/ginebigwaatig-na
ashwiiwin,ashwiikan,NI,NI_C,NONE,UnpublishedOPD
mitigo-makakosag,mitigo-makakosagw2,NI,NI_Cw,NONE,UnpublishedOPD
noojimowin,noojimowin,NI,NI_C,NONE,UnpublishedOPD
amikozhiigan,amikozhiigan,NI,NI_C,NONE,UnpublishedOPD
amikozagiin,amikozagiin,NI,NI_C,NONE,UnpublishedOPD
amikopikwan,amikopikwan,NI,NI_C,NONE,UnpublishedOPD
moozozagiin,moozozagiin,NI,NI_C,NONE,UnpublishedOPD
ozaawaabiko-bagamaagan,ozaawaabiko-bagamaagan,NI,NI_C,NONE,UnpublishedOPD
miigisi-apikan,miigisi-apikan,NI,NI_C,NONE,https://ojibwe.lib.umn.edu/main-entry/miigisi-apikan-ni
nisawiningwiiganaabik,nisawiningwiiganaabikw2,NI,NI_Cw,NONE,UnpublishedOPD
gichi-gete-amik,gichi-gete-amikw2,NA,NA_Cw,NONE,UnpublishedOPD
moozo-ashkimaneyaab,moozo-ashkimaneyaaby2,NI,NI_Cy,NONE,UnpublishedOPD
misiwewi-wiiyaas,misiwewi-wiiyaas,NI,NI_C,NONE,UnpublishedOPD
maawandooweba'igan,maawandooweba'igan,NI,NI_C,NONE,UnpublishedOPD
maawandooweba'iganaak,maawandooweba'iganaakw2,NI,NI_Cw,NONE,UnpublishedOPD
amikopoongan,amikopoongan,NI,NI_C,NONE,UnpublishedOPD
poongan,poongan,NID,NID_C,NONE,UnpublishedOPD
biniigegan,biniigegan,NID,NID_C,NONE,UnpublishedOPD
odaminoo-makak,odaminoo-makakw2,NI,NI_Cw,NONE,UnpublishedOPD
wiimbashk,wiimbashkw2,NI,NI_Cw,NONE,UnpublishedOPD
oshkiinzhigomin,oshkiinzhigomin,NI,NI_C,NONE,https://ojibwe.lib.umn.edu/main-entry/oshkiinzhigomin-ni
oshkiinzhigominaganzh,oshkiinzhigominaganzhy2,NA,NA_Cy,NONE,https://ojibwe.lib.umn.edu/main-entry/oshkiinzhigominaganzh-na
zenibaawasabaabis,zenibaawasabaabis,NA,NA_C,NONE,UnpublishedOPD
baashkikwadewasigan,baashkikwadewasigan,NI,NI_C,NONE,UnpublishedOPD
apambizon,apambizon,NI,NI_C,NONE,https://ojibwe.lib.umn.edu/main-entry/apambizon-ni
tawagikaan,tawagikaan,NID,NID_C,NONE,UnpublishedOPD
jiibwengweyaagim,jiibwengweyaagim,NA,NA_C,NONE,UnpublishedOPD
jaangiingweyaagim,jaangiingweyaagim,NA,NA_C,NONE,https://ojibwe.lib.umn.edu/main-entry/jaangiingweyaagim-na
zhegwa'ataanaak,zhegwa'ataanaakw2,NI,NI_Cw,NONE,UnpublishedOPD
oningwiiganaak,oningwiiganaakw2,NI,NI_Cw,NONE,UnpublishedOPD
minjimaakwa'iganens,minjimaakwa'iganens,NI,NI_C,NONE,UnpublishedOPD
wiikwaakwa'iganaak,wiikwaakwa'iganaakw2,NI,NI_Cw,NONE,UnpublishedOPD
opwaaganens,opwaaganens,NA,NA_C,NONE,UnpublishedOPD
ziinzibaakwadokaan,ziinzibaakwadokaan,NI,NI_C,NONE,UnpublishedOPD
ashkanij,ashkanij,NI,NI_C,NONE,UnpublishedOPD
awesiinhwitigwaan,awesiinhwitigwaan,NI,NI_C,NONE,UnpublishedOPD
odaapinigewaawasoo-minimoowenh,odaapinigewaawasoo-minimooweny1,NA,NA_VVny,NONE,https://ojibwe.lib.umn.edu/main-entry/odaapinigewaawasoo-minimoowenh-na
animoonsichigan,animoonsichigan,NA,NA_C,NONE,UnpublishedOPD
waasakonenjiganeyaab,waasakonenjiganeyaaby2,NI,NI_Cy,NONE,UnpublishedOPD
baanizhaawaan,baanizhaawaan,NA,NA_C,NONE,UnpublishedOPD
aatayiinogaadeshiinh,aatayiinogaadeshiiny1,NA,NA_VVny,NONE,UnpublishedOPD
omaamaawishib,omaamaawishib,NA,NA_C,NONE,UnpublishedOPD
naabizideshimo-makizin,naabizideshimo-makizin,NI,NI_C,NONE,UnpublishedOPD
zagaswe'idiiwigamig,zagaswe'idiiwigamigw2,NI,NI_Cw,NONE,UnpublishedOPD
maawanji'idiiwigamig,maawanji'idiiwigamigw2,NI,NI_Cw,NONE,UnpublishedOPD
giizhizekwewigamig,giizhizekwewigamigw2,NI,NI_Cw,NONE,https://ojibwe.lib.umn.edu/main-entry/giizhizekwewigamig-ni
biigozhaanidizowin,biigozhaanidizowin,NI,NI_C,NONE,UnpublishedOPD
waawaashkeshiweyaab,waawaashkeshiweyaaby2,NI,NI_Cy,NONE,UnpublishedOPD
giizhooshkobiite,giizhooshkobiitew2,NI,NI_VV,NONE,UnpublishedOPD
gashki'ewiziwin,gashki'ewiziwin,NI,NI_C,NONE,UnpublishedOPD
doozhiiwayaan,doozhiiwayaan,NAD,NAD_C,NONE,UnpublishedOPD
biboonishiwin,biboonishiwin,NI,NI_C,NONE,UnpublishedOPD
manidoowiiyaas,manidoowiiyaas,NI,NI_C,NONE,UnpublishedOPD
ogaawazhigish,ogaawazhigish,NA,NA_C,NONE,UnpublishedOPD
giishkiga'igan,giishkiga'igan,NI,NI_C,NONE,UnpublishedOPD
ozaawakwa,ozaawakw2,NA,NA_Cw,NONE,https://ojibwe.lib.umn.edu/main-entry/ozaawakwa-na
zhingibijiganeyaab,zhingibijiganeyaaby2,NI,NI_Cy,NONE,UnpublishedOPD
agongwis,agongwis,NA,NA_C,NONE,https://ojibwe.lib.umn.edu/main-entry/agongwis-na
ginooshkinzhii-waawaabiganoojiinh,ginooshkinzhii-waawaabiganoojiiny1,NA,NA_VVny,NONE,UnpublishedOPD
anishinaabedenaniw,anishinaabedenaniw,NI,NI_C,NONE,UnpublishedOPD
odaakaan,odaakaan,NI,NI_C,NONE,UnpublishedOPD
mishibizhiwaanow,mishibizhiwaanow,NI,NI_C,NONE,UnpublishedOPD
mishibizhiwaazh,mishibizhiwaazh,NI,NI_C,NONE,UnpublishedOPD
iiji-oshkinawe,iiji-oshkinawew2,NAD,NAD_VV,NONE,UnpublishedOPD
asiniiwajiw,asiniiwajiw,NI,NI_C,NONE,UnpublishedOPD
miisaakwayaan,miisaakwayaan,NA,NA_C,NONE,UnpublishedOPD
namewachichaab,namewachichaaby,NI,NI_C,NONE,UnpublishedOPD
ojichinik,ojichinik,NID,NID_C,NONE,UnpublishedOPD
misamik,misamikw2,NA,NA_Cw,NONE,UnpublishedOPD
waakaayaabiigojiisi,waakaayaabiigojiisiw2,NA,NA_Vw,NONE,UnpublishedOPD
manidoowi-bizhiki,manidoowi-bizhikiw2,NA,NA_Vw,NONE,UnpublishedOPD
manidoo-bizhiki,manidoo-bizhikiw2,NA,NA_Vw,NONE,UnpublishedOPD
ininiins,ininiins,NA,NA_C,NONE,UnpublishedOPD
inendamowin,inendamowin,NI,NI_C,NONE,UnpublishedOPD
biijigigwane-wazison,biijigigwane-wazison,NI,NI_C,NONE,UnpublishedOPD
makwasim,makwasimw2,NA,NA_Cw,NONE,UnpublishedOPD
gwaaba'iskomaan,gwaaba'iskomaan,NI,NI_C,NONE,UnpublishedOPD
majikiwis,majikiwis,NA,NA_C,NONE,UnpublishedOPD
bisibisidoosh,bisibisidoosh,NA,NA_C,NONE,UnpublishedOPD
ziindendamowin,ziindendamowin,NI,NI_C,NONE,UnpublishedOPD
zaaziininjiiwin,zaaziininjiiwin,NI,NI_C,NONE,UnpublishedOPD
ziidwaawigane'on,ziidwaawigane'on,NI,NI_C,NONE,UnpublishedOPD
zaagiji-aya'ii,zaagiji-aya'iiw2,NI,NI_VV,NONE,UnpublishedOPD
biindanwaan,biindanwaan,NI,NI_C,NONE,UnpublishedOPD
omiisinibiiwayaan,omiisinibiiwayaan,NI,NI_C,NONE,UnpublishedOPD
opasew,opasew2,NAD,NAD_VV,NONE,UnpublishedOPD
gwaashkwaashkonadowewin,gwaashkwaashkonadowewin,NI,NI_C,NONE,UnpublishedOPD
maada'iganaabik,maada'iganaabikw2,NI,NI_Cw,NONE,UnpublishedOPD
waawaashkeshiwindib,waawaashkeshiwindib,NI,NI_C,NONE,UnpublishedOPD
biimaatig,biimaatigw2,NA,NA_Cw,NONE,UnpublishedOPD
gibwanaziiwayaan,gibwanaziiwayaan,NA,NA_C,NONE,UnpublishedOPD
bigishkanadisisi,bigishkanadisisiw2,NA,NA_Vw,NONE,UnpublishedOPD
waanishkob,waanishkoby,NI,NI_C,NONE,UnpublishedOPD
animo-naabikaagan,animo-naabikaagan,NI,NI_C,NONE,UnpublishedOPD
asinii-wajiw,asinii-wajiw,NI,NI_C,NONE,UnpublishedOPD
giikanaabasigewigamig,giikanaabasigewigamig,NI,NI_C,NONE,UnpublishedOPD
baashkizigani-zhiibaayaabanjigan,baashkizigani-zhiibaayaabanjigan,NI,NI_C,NONE,https://ojibwe.lib.umn.edu/main-entry/baashkizigani-zhiibaayaabanjigan-ni
agwaayaa'aandagosag,agwaayaa'aandagosagw2,NI,NI_Cw,NONE,https://ojibwe.lib.umn.edu/main-entry/agwaayaa-aandagosag-ni
wiinisiibagominzh,wiinisiibagominzhy2,NI,NI_Cy,NONE,UnpublishedOPD
ogiiiminaganzh,ogiiiminaganzhy,NA,NA_C,NONE,UnpublishedOPD
omiishiijiimin,omiishiijiimin,NA,NA_C,NONE,UnpublishedOPD
omiishiijiiminaganzh,omiishiijiiminaganzhy,NA,NA_C,NONE,UnpublishedOPD
aniibiimin,aniibiimin,NI,NI_C,NONE,UnpublishedOPD
aniibiiminaganzh,aniibiiminaganzhy,NA,NA_C,NONE,UnpublishedOPD
bagidinaamowin,bagidinaamowin,NI,NI_C,NONE,UnpublishedOPD
detebaagiwebishkigan,detebaagiwebishkigan,NI,NI_C,NONE,UnpublishedOPD
giizhiganang,giizhiganangw2,NA,NA_Cw,NONE,UnpublishedOPD
manidoowenzh,manidoowenzh,NA,NA_C,NONE,https://ojibwe.lib.umn.edu/main-entry/manidoowenzh-na
moo,moow2,NI,NI_VV,NONE,https://ojibwe.lib.umn.edu/main-entry/moo-ni-df2223cc-73da-47dd-8cbe-e43b2ada95a2
majikikwewis,majikikwewis,NA,NA_C,NONE,UnpublishedOPD
biigwadaawanga'igan,biigwadaawanga'igan,NI,NI_C,NONE,UnpublishedOPD
ningwada'igan,ningwada'igan,NI,NI_C,NONE,UnpublishedOPD
naawinde'iganaak,naawinde'iganaakw2,NI,NI_Cw,NONE,UnpublishedOPD
omisadewegin,omisadewegin,NID,NID_C,NONE,UnpublishedOPD
anishinaabewagindaasowin,anishinaabewagindaasowin,NI,NI_C,NONE,https://ojibwe.lib.umn.edu/main-entry/anishinaabewagindaasowin-ni
atwaagan,atwaagan,NI,NI_C,NONE,UnpublishedOPD
